variant,gold_rows,gold_carriers_sum,gold_affected_sum,table4_unrelated_individuals,per_row_values
A1680T,2,2,2,2,1/1/0|1/1/0
A735V,4,4,4,4,1/1/0|1/1/0|1/1/0|1/1/0
D1243N,3,7,7,5,1/1/0|1/1/0|5/5/0
D1275N,2,2,2,3,1/1/0|1/1/0
E1225K,4,4,4,4,1/1/0|1/1/0|1/1/0|1/1/0
E161K,2,2,2,3,1/1/0|1/1/0
E746K,3,3,3,3,1/1/0|1/1/0|1/1/0
G1319V,2,4,4,5,1/1/0|3/3/0
G1408R,3,4,4,7,1/1/0|1/1/0|2/2/0
G1661R,2,3,3,1,2/2/0|1/1/0
G1743E,2,2,2,6,1/1/0|1/1/0
G1743R,4,4,4,5,1/1/0|1/1/0|1/1/0|1/1/0
G752R,2,2,2,5,1/1/0|1/1/0
I1660V,2,8,8,5,4/4/0|4/4/0
L1393X,3,3,3,3,1/1/0|1/1/0|1/1/0
L868X,2,2,2,2,1/1/0|1/1/0
N927S,2,2,2,3,1/1/0|1/1/0
P.K1493DEL,2,2,2,,1/1/0|1/1/0
P336L,2,2,2,2,1/1/0|1/1/0
Q1695X,2,2,2,2,1/1/0|1/1/0
R104Q,3,3,3,3,1/1/0|1/1/0|1/1/0
R104W,2,2,2,2,1/1/0|1/1/0
R121Q,2,2,2,2,1/1/0|1/1/0
R1232W,3,3,3,3,1/1/0|1/1/0|1/1/0
R1583C,2,2,2,2,1/1/0|1/1/0
R1623X,2,2,2,2,1/1/0|1/1/0
R1638X,2,2,2,3,1/1/0|1/1/0
R225W,2,3,3,3,2/2/0|1/1/0
R367H,4,4,4,6,1/1/0|1/1/0|1/1/0|1/1/0
R376H,3,3,3,4,1/1/0|1/1/0|1/1/0
R526H,2,2,2,2,1/1/0|1/1/0
R535X,4,4,4,4,1/1/0|1/1/0|1/1/0|1/1/0
R878H,5,5,5,5,1/1/0|1/1/0|1/1/0|1/1/0|1/1/0
R893H,3,3,3,3,1/1/0|1/1/0|1/1/0
R965C,3,3,3,3,1/1/0|1/1/0|1/1/0
S1672Y,2,2,2,2,1/1/0|1/1/0
T1620M,2,2,2,2,1/1/0|1/1/0
T1709M,2,2,2,2,1/1/0|1/1/0
T220I,2,2,2,2,1/1/0|1/1/0
T632M,2,2,2,2,1/1/0|1/1/0
V1405M,2,2,2,2,1/1/0|1/1/0
V232I,2,2,2,2,1/1/0|1/1/0
c.1890+5G>A,2,2,2,2,1/1/0|1/1/0
c.1936delC,3,3,3,3,1/1/0|1/1/0|1/1/0
c.2602delC,2,2,2,2,1/1/0|1/1/0
c.3840+1G>A,2,3,3,6,1/1/0|2/2/0
c.4437+5G>A,2,2,2,2,1/1/0|1/1/0
