PMID,PMCID,Supplements_Downloaded
35414855,PMC8932385,0
34527900,PMC8411828,0
38720335,PMC11077800,0
39112608,PMC11306773,0
33362465,PMC7759661,0
37875336,PMC11103288,0
35185758,PMC8850374,0
36311011,PMC9596982,0
25228988,PMC4165622,0
38047038,PMC10691373,0
39230471,PMC11555007,0
32789836,PMC9788745,0
30764529,PMC6466231,0
39482264,PMC11911616,0
39290816,PMC11405895,0
39458146,PMC11508262,0
32948978,PMC7500251,0
37655225,PMC10467168,0
40433205,PMC12105514,0
36846120,PMC9944934,0
36819882,PMC9933939,0
38399526,PMC10890320,0
34440326,PMC8392019,0
34719408,PMC8559355,0
36204920,PMC9671187,0
34491937,PMC8423141,0
35933469,PMC9588125,0
35810210,PMC9271069,0
35141244,PMC8818993,0
39314866,PMC11416968,0
37784196,PMC10546623,0
36405287,PMC9669849,0
35419651,PMC9122857,0
36776255,PMC9909007,0
40429804,PMC12111042,0
34380564,PMC8359098,0
38928520,PMC11201476,0
40296002,PMC12039301,0
