key,allele_match,clinvar_simple,n_alleles,clinvar_alleles_with_record,single_proband_rows,single_proband_share,gnomad_ac,gnomad_an,gnomad_dataset
V408M,cdna_alias,P/LP,1,1.0,8,0.6153846153846154,3.0,251284.0,gnomad_exome
G528D,cdna_alias,P/LP,1,1.0,0,0.0,6.0,251466.0,gnomad_exome
D200G,cdna_alias,P/LP,1,1.0,2,0.2857142857142857,13.0,249796.0,gnomad_exome
W66G,cdna_alias,P/LP,1,1.0,5,0.3571428571428571,7.0,251490.0,gnomad_exome
G197del,none,none,0,,0,0.0,,,
D154N,none,none,0,,0,0.0,,,
C646Y,none,none,0,,1,0.1111111111111111,,,
P664L,cdna_alias,P/LP,1,1.0,5,0.3333333333333333,6.0,152214.0,gnomad_genome
H583Y,cdna_within_protein,P/LP,1,1.0,11,0.6875,27.0,251488.0,gnomad_exome
V502M,cdna_alias,P/LP,1,1.0,3,0.4285714285714285,3.0,251336.0,gnomad_exome
c.1845+2T>C,none,none,0,,3,0.4285714285714285,,,
W23X,cdna_alias,P/LP,1,1.0,6,0.6666666666666666,,,
G592E,cdna_within_protein,P/LP,1,1.0,10,0.4761904761904761,7.0,152078.0,gnomad_genome
V429M,cdna_within_protein,P/LP,1,1.0,5,0.7142857142857143,3.0,251284.0,gnomad_exome
Y419X,cdna_within_protein,P/LP,1,1.0,0,0.0,1.0,251248.0,gnomad_exome
S265R,protein_all_alleles,none,3,,0,0.0,,,
P685L,cdna_within_protein,P/LP,1,1.0,10,0.5263157894736842,6.0,152214.0,gnomad_genome
Y468X,none,none,0,,1,0.2,,,
D558Y,cdna_alias,P/LP,1,1.0,0,0.0,,,
E31X,cdna_within_protein,P/LP,1,1.0,0,0.0,,,
G571E,cdna_alias,P/LP,1,1.0,1,0.2,7.0,152078.0,gnomad_genome
E228K,cdna_within_protein,P/LP,1,1.0,6,0.6,4.0,247898.0,gnomad_exome
W44X,cdna_within_protein,P/LP,1,1.0,2,0.5,,,
W87G,cdna_within_protein,P/LP,1,1.0,2,0.3333333333333333,7.0,251490.0,gnomad_exome
D227E,cdna_within_protein,P/LP,1,1.0,2,0.2857142857142857,2.0,152024.0,gnomad_genome
A771_I796del,none,none,0,,2,0.4,,,
E615fs,none,none,0,,0,0.0,,,
S493fs,none,none,0,,2,0.5,,,
c.313+1G>C,none,none,0,,1,0.5,,,
E207K,cdna_alias,P/LP,1,1.0,4,0.5,4.0,247898.0,gnomad_exome
K811X,cdna_within_protein,P/LP,1,1.0,2,0.5,,,
L568V,cdna_within_protein,P/LP,1,1.0,3,0.6,,,
A627T,cdna_within_protein,P/LP,1,1.0,5,0.5,1.0,251494.0,gnomad_exome
C292W,none,none,0,,0,0.0,,,
K290R,none,none,0,,0,0.0,,,
V462I,protein_all_alleles,VUS,1,1.0,2,0.4,14.0,250944.0,gnomad_exome
W4X,cdna_within_protein,P/LP,1,1.0,3,0.4285714285714285,1.0,248706.0,gnomad_exome
W577C,cdna_within_protein,P/LP,1,1.0,0,0.0,,,
C317S,cdna_alias,P/LP,1,1.0,1,0.25,,,
C338S,cdna_within_protein,P/LP,1,1.0,2,0.6666666666666666,,,
E228X,cdna_within_protein,P/LP,1,1.0,6,0.5454545454545454,2.0,152184.0,gnomad_genome
V806fs,none,none,0,,4,0.4,,,
D433H,cdna_within_protein,P/LP,1,1.0,0,0.0,,,
E380_G396del,none,none,0,,0,0.0,,,
S177L,cdna_within_protein,P/LP,1,1.0,11,0.7857142857142857,6.0,152202.0,gnomad_genome
C681X,cdna_within_protein,P/LP,1,1.0,7,0.7,2.0,251278.0,gnomad_exome
S306L,cdna_within_protein,P/LP,1,1.0,1,0.5,,,
D221G,cdna_within_protein,P/LP,1,1.0,2,0.5,13.0,249796.0,gnomad_exome
G343S,cdna_within_protein,P/LP,1,1.0,1,0.25,7.0,251066.0,gnomad_exome
c.1845+1G>A,none,none,0,,1,0.3333333333333333,,,
E101K,cdna_within_protein,P/LP,1,1.0,4,0.5714285714285714,3.0,152180.0,gnomad_genome
E10X,none,none,0,,0,0.0,,,
R471G,cdna_within_protein,B/LB,1,1.0,0,0.0,,,
D266E,cdna_within_protein,P/LP,1,1.0,3,0.5,6.0,152226.0,gnomad_genome
G549D,cdna_within_protein,P/LP,1,1.0,6,0.6,6.0,251466.0,gnomad_exome
G676fs,none,none,0,,2,0.5,,,
K790X,none,none,0,,0,0.0,,,
P476R,cdna_within_protein,VUS,1,1.0,1,0.3333333333333333,,,
R78C,cdna_within_protein,VUS,1,1.0,3,0.75,5.0,152124.0,gnomad_genome
D90N,cdna_within_protein,P/LP,1,1.0,6,0.75,14.0,251486.0,gnomad_exome
D206E,cdna_alias,P/LP,1,1.0,3,0.375,2.0,152024.0,gnomad_genome
D471N,none,none,0,,1,0.5,,,
E80K,cdna_alias,P/LP,1,1.0,3,0.75,3.0,152180.0,gnomad_genome
W577R,cdna_within_protein,P/LP,1,1.0,1,0.2,,,
A676fs,none,none,0,,0,0.0,,,
C222R,cdna_within_protein,P/LP,1,1.0,2,0.4,2.0,249776.0,gnomad_exome
C89W,cdna_within_protein,P/LP,1,1.0,0,0.0,,,
D412H,cdna_alias,P/LP,1,1.0,1,0.3333333333333333,,,
Q453fs,none,none,0,,0,0.0,,,
C173R,cdna_within_protein,P/LP,1,1.0,1,0.5,,,
E140K,cdna_within_protein,P/LP,1,1.0,7,0.7777777777777778,2.0,152192.0,gnomad_genome
R350X,cdna_within_protein,P/LP,1,1.0,3,0.6,2.0,250716.0,gnomad_exome
S65_P105del,none,none,0,,4,0.6666666666666666,,,
V523M,cdna_within_protein,P/LP,1,1.0,4,0.5714285714285714,3.0,251336.0,gnomad_exome
V827I,cdna_within_protein,VUS,1,1.0,2,0.5,253.0,251460.0,gnomad_exome
c.68-499_940+252dup,none,none,0,,0,0.0,,,
C152W,none,none,0,,3,0.75,,,
c.190+58C>T,none,none,0,,0,0.0,,,
C197Y,cdna_within_protein,P/LP,1,1.0,0,0.0,5.0,152246.0,gnomad_genome
C27W,cdna_within_protein,P/LP,1,1.0,5,0.7142857142857143,3.0,151930.0,gnomad_genome
G343C,cdna_within_protein,P/LP,1,1.0,1,0.3333333333333333,,,
L414R,cdna_within_protein,VUS,1,1.0,0,0.0,2.0,251172.0,gnomad_exome
Q254P,cdna_within_protein,P/LP,1,1.0,2,0.5,,,
R257W,cdna_within_protein,VUS,1,1.0,3,0.6,15.0,152146.0,gnomad_genome
R416W,cdna_within_protein,P/LP,1,1.0,7,0.875,6.0,251158.0,gnomad_exome
c.1186+700_2141-545del,none,none,0,,0,0.0,,,
C148S,cdna_within_protein,P/LP,1,1.0,0,0.0,,,
C308Y,none,none,0,,0,0.0,,,
D172E,cdna_within_protein,P/LP,1,1.0,0,0.0,,,
D843fs,none,none,0,,0,0.0,,,
c.67+3968_940+296dup,none,none,0,,0,0.0,,,
C347R,none,none,0,,2,0.5,,,
C352Y,cdna_within_protein,P/LP,1,1.0,0,0.0,2.0,250660.0,gnomad_exome
C6W,none,none,0,,0,0.0,,,
L422P,cdna_within_protein,P/LP,1,1.0,0,0.0,,,
L611F,cdna_within_protein,P/LP,1,1.0,0,0.0,,,
R115H,cdna_within_protein,VUS,1,1.0,1,0.25,45.0,250682.0,gnomad_exome
R416Q,cdna_within_protein,P/LP,1,1.0,1,0.3333333333333333,4.0,152062.0,gnomad_genome
T726I,cdna_within_protein,B/LB,1,1.0,2,0.5,1378.0,251244.0,gnomad_exome
V776M,cdna_alias,P/LP,1,1.0,1,0.3333333333333333,2.0,152078.0,gnomad_genome
W556G,none,none,0,,0,0.0,,,
W556S,cdna_alias,P/LP,1,1.0,0,0.0,2.0,251482.0,gnomad_exome
c.1359-1G>A,none,none,0,,0,0.0,,,
c.2390-2A>G,none,none,0,,1,0.5,,,
A540T,cdna_within_protein,P/LP,1,1.0,4,0.8,2.0,251472.0,gnomad_exome
C167X,cdna_within_protein,P/LP,1,1.0,3,0.75,,,
C34G,cdna_within_protein,P/LP,1,1.0,2,0.6666666666666666,,,
D569fs,none,none,0,,1,0.3333333333333333,,,
E256K,cdna_alias,none,1,,1,0.3333333333333333,,,
G119fs,none,none,0,,0,0.0,,,
G24_V273del,none,none,0,,0,0.0,,,
G396fs,none,none,0,,3,0.6,,,
L346fs,none,none,0,,0,0.0,,,
R574H,cdna_within_protein,P/LP,1,1.0,1,0.5,5.0,152104.0,gnomad_genome
W483X,cdna_within_protein,P/LP,1,1.0,4,0.8,,,
c.126C>A,cdna_alias,P/LP,1,1.0,0,0.0,,,
C104Y,cdna_within_protein,P/LP,1,1.0,1,0.3333333333333333,,,
C210R,none,none,0,,0,0.0,,,
C276X,cdna_within_protein,P/LP,1,1.0,0,0.0,,,
C364R,cdna_within_protein,P/LP,1,1.0,1,0.5,1.0,251338.0,gnomad_exome
D221N,cdna_within_protein,P/LP,1,1.0,4,0.8,0.0,249740.0,gnomad_exome
D445X,none,none,0,,0,0.0,,,
D492N,cdna_within_protein,P/LP,1,1.0,4,0.8,6.0,251420.0,gnomad_exome
D589N,cdna_within_protein,VUS,1,1.0,2,0.6666666666666666,21.0,251490.0,gnomad_exome
E626K,protein_all_alleles,VUS,1,1.0,2,0.5,79.0,251492.0,gnomad_exome
G335S,cdna_within_protein,P/LP,1,1.0,1,0.5,7.0,152150.0,gnomad_genome
K816X,cdna_within_protein,P/LP,1,1.0,0,0.0,,,
Q102X,cdna_within_protein,P/LP,1,1.0,1,0.3333333333333333,1.0,251466.0,gnomad_exome
S156L,none,none,0,,4,0.8,,,
S326C,cdna_within_protein,P/LP,1,1.0,2,0.6666666666666666,,,
W556R,none,none,0,,2,0.6666666666666666,,,
W577X,cdna_within_protein,P/LP,1,1.0,0,0.0,1.0,152048.0,gnomad_genome
c.1587-1G>A,none,none,0,,0,0.0,,,
c.313+3A>C,none,none,0,,0,0.0,,,
C222X,cdna_within_protein,P/LP,1,1.0,5,1.0,1.0,249708.0,gnomad_exome
C292X,none,none,0,,1,0.5,,,
C318F,cdna_within_protein,P/LP,1,1.0,0,0.0,,,
C329Y,cdna_within_protein,P/LP,1,1.0,2,0.6666666666666666,4.0,152172.0,gnomad_genome
C379R,cdna_within_protein,P/LP,1,1.0,1,0.3333333333333333,1.0,152182.0,gnomad_genome
E240K,cdna_within_protein,P/LP,1,1.0,1,0.5,5.0,152212.0,gnomad_genome
F1A,cdna_alias,none,1,,0,0.0,,,
F200C,cdna_within_protein,P/LP,1,1.0,2,0.6666666666666666,,,
G396D,cdna_within_protein,VUS,1,1.0,0,0.0,1.0,152034.0,gnomad_genome
I602V,none,none,0,,0,0.0,,,
P309fs,none,none,0,,0,0.0,,,
Q125X,cdna_within_protein,P/LP,1,1.0,3,0.75,,,
Q540X,none,none,0,,1,0.3333333333333333,,,
Q71E,none,none,0,,1,0.3333333333333333,,,
R385W,cdna_alias,P/LP,1,1.0,0,0.0,4.0,251046.0,gnomad_exome
R574S,cdna_within_protein,none,1,,1,0.5,,,
R81C,cdna_within_protein,P/LP,1,1.0,5,1.0,2.0,251492.0,gnomad_exome
V797M,cdna_within_protein,P/LP,1,1.0,5,1.0,2.0,152078.0,gnomad_genome
W422C,none,none,0,,0,0.0,,,
W443C,cdna_within_protein,P/LP,1,1.0,0,0.0,,,
c.1060+10G>A,none,none,0,,1,0.3333333333333333,,,
A431T,cdna_within_protein,P/LP,1,1.0,4,1.0,1.0,152156.0,gnomad_genome
C302W,cdna_within_protein,P/LP,1,1.0,1,0.5,,,
C368Y,cdna_within_protein,P/LP,1,1.0,2,0.6666666666666666,3.0,251358.0,gnomad_exome
C68Y,protein_all_alleles,none,1,,1,0.5,,,
C839fs,none,none,0,,0,0.0,,,
D118Y,cdna_within_protein,P/LP,1,1.0,2,0.6666666666666666,3.0,250932.0,gnomad_exome
D151N,cdna_alias,P/LP,1,1.0,0,0.0,,,
D227fs,none,none,0,,1,0.5,,,
D461N,none,none,0,,0,0.0,,,
D69G,none,none,0,,2,0.6666666666666666,,,
E207X,cdna_alias,P/LP,1,1.0,2,0.6666666666666666,2.0,152184.0,gnomad_genome
E228Q,cdna_within_protein,P/LP,1,1.0,2,0.6666666666666666,6.0,152184.0,gnomad_genome
E317K,cdna_within_protein,Conflicting,1,1.0,1,0.5,14.0,251064.0,gnomad_exome
G20R,cdna_within_protein,B/LB,1,1.0,4,1.0,182.0,245116.0,gnomad_exome
G461C,cdna_within_protein,P/LP,1,1.0,0,0.0,2.0,250880.0,gnomad_exome
G572fs,none,none,0,,0,0.0,,,
G5D,cdna_within_protein,none,1,,0,0.0,0.0,248554.0,gnomad_exome
H327fs,none,none,0,,1,0.5,,,
L64_P105del,none,none,0,,4,1.0,,,
N632I,cdna_within_protein,VUS,1,1.0,4,1.0,,,
N804K,cdna_alias,P/LP,1,1.0,2,0.6666666666666666,1.0,251458.0,gnomad_exome
Q233P,cdna_alias,P/LP,1,1.0,0,0.0,,,
Q33X,cdna_within_protein,P/LP,1,1.0,1,0.5,2.0,251156.0,gnomad_exome
Q345R,protein_all_alleles,none,1,,0,0.0,,,
Q384X,cdna_within_protein,P/LP,1,1.0,1,0.5,,,
R406W,cdna_within_protein,P/LP,1,1.0,4,1.0,4.0,251046.0,gnomad_exome
R595Q,cdna_within_protein,P/LP,1,1.0,4,1.0,10.0,251482.0,gnomad_exome
R633H,cdna_within_protein,P/LP,1,1.0,2,0.6666666666666666,5.0,251490.0,gnomad_exome
S185fs,none,none,0,,0,0.0,,,
S286R,cdna_within_protein,P/LP,1,1.0,2,0.6666666666666666,7.0,251430.0,gnomad_exome
S56P,cdna_within_protein,P/LP,1,1.0,1,0.5,,,
T383P,none,none,0,,0,0.0,,,
T413M,cdna_within_protein,P/LP,1,1.0,2,0.6666666666666666,7.0,251176.0,gnomad_exome
T413R,protein_all_alleles,P/LP,1,1.0,0,0.0,,,
T454_G529del,none,none,0,,2,0.6666666666666666,,,
T62M,cdna_within_protein,VUS,1,1.0,2,0.6666666666666666,20.0,152064.0,gnomad_genome
V506M,protein_all_alleles,VUS,1,1.0,0,0.0,15.0,152190.0,gnomad_genome
W666fs,none,none,0,,0,0.0,,,
c.1060+7T>C,none,none,0,,0,0.0,,,
c.1061-8T>C,none,none,0,,0,0.0,,,
c.190+1G>A,none,none,0,,0,0.0,,,
c.382A>C,none,none,0,,0,0.0,,,
c.695-67_1586+371del,none,none,0,,0,0.0,,,
A399T,cdna_within_protein,P/LP,1,1.0,1,0.5,4.0,250750.0,gnomad_exome
A606T,cdna_within_protein,VUS,1,1.0,3,1.0,9.0,251476.0,gnomad_exome
C109R,cdna_within_protein,P/LP,1,1.0,1,0.5,2.0,250272.0,gnomad_exome
C109Y,cdna_within_protein,P/LP,1,1.0,1,0.5,1.0,250250.0,gnomad_exome
C152R,cdna_alias,P/LP,1,1.0,0,0.0,,,
C222_D227dup,none,none,0,,1,0.5,,,
C243Y,cdna_within_protein,none,1,,3,1.0,,,
C313X,cdna_within_protein,P/LP,1,1.0,3,1.0,,,
C343R,cdna_alias,P/LP,1,1.0,3,1.0,1.0,251338.0,gnomad_exome
C352R,cdna_within_protein,P/LP,1,1.0,3,1.0,,,
C371R,none,none,0,,0,0.0,,,
C675X,none,none,0,,0,0.0,,,
C677Y,protein_all_alleles,P/LP,1,1.0,0,0.0,,,
C68R,cdna_within_protein,P/LP,1,1.0,0,0.0,,,
C711Y,cdna_within_protein,P/LP,1,1.0,1,0.5,0.0,250418.0,gnomad_exome
C95G,cdna_within_protein,P/LP,1,1.0,1,0.5,,,
D100N,cdna_within_protein,P/LP,1,1.0,0,0.0,,,
D178N,cdna_within_protein,P/LP,1,1.0,3,1.0,,,
D245E,protein_all_alleles,none,2,,1,0.5,1.0,251492.0,gnomad_exome
D280Y,none,none,0,,0,0.0,,,
D307N,cdna_within_protein,Conflicting,1,1.0,1,0.5,,,
D90G,cdna_within_protein,P/LP,1,1.0,0,0.0,,,
E140X,cdna_within_protein,P/LP,1,1.0,3,1.0,2.0,251168.0,gnomad_exome
E140_S142del,none,none,0,,0,0.0,,,
E277K,cdna_within_protein,B/LB,1,1.0,0,0.0,135.0,251424.0,gnomad_exome
E374fs,none,none,0,,0,0.0,,,
E99K,none,none,0,,0,0.0,,,
G198D,cdna_alias,Conflicting,1,1.0,0,0.0,3.0,152196.0,gnomad_genome
G322S,cdna_alias,P/LP,1,1.0,1,0.5,7.0,251066.0,gnomad_exome
G382V,cdna_within_protein,VUS,1,1.0,0,0.0,,,
G478R,cdna_within_protein,P/LP,1,1.0,3,1.0,7.0,251112.0,gnomad_exome
G676S,protein_all_alleles,Conflicting,1,1.0,0,0.0,6.0,152172.0,gnomad_genome
I441T,cdna_within_protein,P/LP,1,1.0,0,0.0,,,
I473N,cdna_within_protein,Conflicting,1,1.0,1,0.5,,,
K223_D227dup,none,none,0,,0,0.0,,,
K225fs,none,none,0,,1,0.5,,,
L339P,cdna_within_protein,P/LP,1,1.0,0,0.0,,,
L479P,cdna_within_protein,VUS,1,1.0,1,0.5,,,
N564S,cdna_within_protein,P/LP,1,1.0,1,0.5,7.0,251412.0,gnomad_exome
P608S,protein_all_alleles,P/LP,1,1.0,0,0.0,1.0,152080.0,gnomad_genome
P685S,cdna_within_protein,P/LP,1,1.0,1,0.5,,,
P826fs,none,none,0,,1,0.5,,,
Q125fs,none,none,0,,0,0.0,,,
Q12X,cdna_alias,P/LP,1,1.0,1,0.5,2.0,251156.0,gnomad_exome
Q35X,cdna_within_protein,P/LP,1,1.0,0,0.0,,,
R595W,cdna_within_protein,P/LP,1,1.0,3,1.0,4.0,152058.0,gnomad_genome
R744Q,cdna_within_protein,B/LB,1,1.0,1,0.5,215.0,251340.0,gnomad_exome
S142fs,none,none,0,,0,0.0,,,
S205P,cdna_alias,P/LP,1,1.0,3,1.0,,,
S453fs,none,none,0,,0,0.0,,,
T621R,cdna_within_protein,P/LP,1,1.0,1,0.5,,,
V23fs,none,none,0,,0,0.0,,,
V273fs,none,none,0,,3,1.0,,,
V613I,protein_all_alleles,VUS,1,1.0,3,1.0,9.0,152096.0,gnomad_genome
V639D,cdna_within_protein,P/LP,1,1.0,1,0.5,,,
V736I,protein_all_alleles,Conflicting,1,1.0,0,0.0,5.0,152108.0,gnomad_genome
W443X,cdna_within_protein,P/LP,1,1.0,3,1.0,,,
W44G,cdna_within_protein,none,1,,0,0.0,,,
W792X,none,none,0,,1,0.5,,,
Y419D,cdna_within_protein,P/LP,1,1.0,3,1.0,,,
c.1060+2T>G,none,none,0,,1,0.5,,,
c.1187-2A>G,none,none,0,,3,1.0,,,
c.1705+182C>T,none,none,0,,0,0.0,,,
c.1706-55A>C,none,none,0,,0,0.0,,,
c.20_21del,none,none,0,,0,0.0,,,
c.2141-218G>A,none,none,0,,0,0.0,,,
c.2311+1403T>C,none,none,0,,0,0.0,,,
c.2312-445C>G,none,none,0,,0,0.0,,,
c.2390-1G>A,none,none,0,,1,0.5,,,
c.2451insAGAA,none,none,0,,0,0.0,,,
c.68-1G>C,none,none,0,,1,0.5,,,
A391T,cdna_within_protein,B/LB,1,1.0,2,1.0,12192.0,152174.0,gnomad_genome
A399D,cdna_within_protein,Conflicting,1,1.0,0,0.0,,,
A431V,protein_all_alleles,none,1,,0,0.0,,,
A480fs,none,none,0,,0,0.0,,,
A501V,cdna_within_protein,P/LP,1,1.0,2,1.0,2.0,251456.0,gnomad_exome
A521V,cdna_within_protein,P/LP,1,1.0,0,0.0,1.0,251364.0,gnomad_exome
A564S,cdna_alias,P/LP,1,1.0,0,0.0,7.0,251412.0,gnomad_exome
C121G,cdna_within_protein,P/LP,1,1.0,0,0.0,,,
C121Y,cdna_within_protein,P/LP,1,1.0,0,0.0,,,
C173W,cdna_within_protein,P/LP,1,1.0,2,1.0,2.0,251308.0,gnomad_exome
C197W,cdna_within_protein,P/LP,1,1.0,2,1.0,,,
C227Y,none,none,0,,0,0.0,,,
C231X,cdna_within_protein,P/LP,1,1.0,2,1.0,1.0,150004.0,gnomad_genome
C240F,none,none,0,,0,0.0,,,
C243R,cdna_within_protein,P/LP,1,1.0,2,1.0,,,
C275X,none,none,0,,0,0.0,,,
C276W,cdna_within_protein,P/LP,1,1.0,0,0.0,,,
C289R,cdna_within_protein,P/LP,1,1.0,0,0.0,,,
C296X,cdna_within_protein,P/LP,1,1.0,2,1.0,,,
C325Y,cdna_within_protein,P/LP,1,1.0,2,1.0,,,
C329F,cdna_within_protein,P/LP,1,1.0,0,0.0,,,
C347X,cdna_alias,P/LP,1,1.0,0,0.0,,,
C377G,protein_all_alleles,P/LP,1,1.0,0,0.0,1.0,152130.0,gnomad_genome
C379Y,cdna_within_protein,P/LP,1,1.0,2,1.0,,,
C660X,none,none,0,,2,1.0,,,
C667Y,cdna_within_protein,P/LP,1,1.0,2,1.0,1.0,251394.0,gnomad_exome
C675W,cdna_alias,P/LP,1,1.0,0,0.0,,,
C677R,cdna_within_protein,P/LP,1,1.0,2,1.0,1.0,152234.0,gnomad_genome
C80G,none,none,0,,0,0.0,,,
C88R,cdna_alias,P/LP,1,1.0,2,1.0,2.0,250272.0,gnomad_exome
C88S,none,none,0,,0,0.0,,,
C89S,cdna_within_protein,none,1,,2,1.0,,,
C95W,cdna_within_protein,P/LP,1,1.0,2,1.0,,,
C95X,cdna_within_protein,P/LP,1,1.0,2,1.0,,,
D118N,protein_all_alleles,VUS,1,1.0,0,0.0,,,
D136V,cdna_within_protein,P/LP,1,1.0,0,0.0,,,
D139G,cdna_within_protein,P/LP,1,1.0,0,0.0,,,
D139N,cdna_within_protein,P/LP,1,1.0,0,0.0,,,
D168E,cdna_within_protein,P/LP,1,1.0,0,0.0,2.0,251292.0,gnomad_exome
D168H,cdna_within_protein,P/LP,1,1.0,0,0.0,,,
D168N,cdna_within_protein,P/LP,1,1.0,2,1.0,2.0,251288.0,gnomad_exome
D178V,cdna_within_protein,P/LP,1,1.0,2,1.0,,,
D193fs,none,none,0,,0,0.0,,,
D224N,cdna_within_protein,P/LP,1,1.0,0,0.0,,,
D266N,cdna_within_protein,P/LP,1,1.0,2,1.0,3.0,251478.0,gnomad_exome
D280A,none,none,0,,0,0.0,,,
D280G,none,none,0,,2,1.0,,,
D301G,cdna_within_protein,P/LP,1,1.0,0,0.0,,,
D307H,cdna_within_protein,P/LP,1,1.0,0,0.0,,,
D307fs,none,none,0,,0,0.0,,,
D445fs,none,none,0,,0,0.0,,,
D477N,cdna_within_protein,VUS,1,1.0,0,0.0,1.0,251116.0,gnomad_exome
D47_G48del,none,none,0,,0,0.0,,,
D514Y,none,none,0,,2,1.0,,,
D54A,cdna_within_protein,VUS,1,1.0,0,0.0,,,
D595fs,none,none,0,,2,1.0,,,
D601N,protein_all_alleles,VUS,1,1.0,0,0.0,1.0,251490.0,gnomad_exome
D622Y,cdna_within_protein,none,1,,0,0.0,,,
D69N,none,none,0,,2,1.0,,,
D834fs,none,none,0,,2,1.0,,,
E113X,cdna_within_protein,P/LP,1,1.0,2,1.0,1.0,250568.0,gnomad_exome
E179X,cdna_within_protein,P/LP,1,1.0,2,1.0,,,
E208K,cdna_within_protein,P/LP,1,1.0,2,1.0,,,
E228D,cdna_within_protein,P/LP,1,1.0,2,1.0,,,
E288K,cdna_within_protein,P/LP,1,1.0,2,1.0,10.0,251428.0,gnomad_exome
E317X,cdna_within_protein,P/LP,1,1.0,0,0.0,,,
E381X,cdna_within_protein,none,1,,0,0.0,,,
E58G,cdna_within_protein,P/LP,1,1.0,0,0.0,,,
E615G,cdna_within_protein,none,1,,0,0.0,,,
E763D,cdna_within_protein,B/LB,1,1.0,2,1.0,67.0,251144.0,gnomad_exome
F126fs,none,none,0,,0,0.0,,,
G207=,cdna_within_protein,P/LP,1,1.0,2,1.0,,,
G219_P220del,none,none,0,,0,0.0,,,
G269D,protein_all_alleles,B/LB,1,1.0,2,1.0,43.0,152198.0,gnomad_genome
G314S,none,none,0,,2,1.0,,,
G375S,none,none,0,,0,0.0,,,
G528V,none,none,0,,2,1.0,,,
G545E,cdna_within_protein,P/LP,1,1.0,2,1.0,2.0,251474.0,gnomad_exome
G545R,cdna_within_protein,P/LP,1,1.0,2,1.0,,,
G565V,cdna_within_protein,P/LP,1,1.0,2,1.0,,,
G565fs,none,none,0,,0,0.0,,,
G592del,none,none,0,,0,0.0,,,
G663E,cdna_within_protein,P/LP,1,1.0,0,0.0,,,
G71F,none,none,0,,2,1.0,,,
G71R,cdna_within_protein,VUS,1,1.0,0,0.0,6.0,251480.0,gnomad_exome
G98S,cdna_within_protein,VUS,1,1.0,2,1.0,9.0,251474.0,gnomad_exome
I430T,cdna_alias,P/LP,1,1.0,0,0.0,,,
I451T,cdna_within_protein,P/LP,1,1.0,0,0.0,,,
I488T,cdna_within_protein,P/LP,1,1.0,2,1.0,2.0,152126.0,gnomad_genome
L590F,none,none,0,,0,0.0,,,
L646I,cdna_within_protein,VUS,1,1.0,0,0.0,1.0,251476.0,gnomad_exome
L759fs,none,none,0,,2,1.0,,,
L802fs,none,none,0,,2,1.0,,,
L853fs,none,none,0,,0,0.0,,,
L855fs,none,none,0,,0,0.0,,,
N316S,cdna_within_protein,P/LP,1,1.0,2,1.0,4.0,251068.0,gnomad_exome
N527fs,none,none,0,,2,1.0,,,
N564H,cdna_within_protein,P/LP,1,1.0,2,1.0,3.0,152190.0,gnomad_genome
P105S,protein_all_alleles,VUS,1,1.0,0,0.0,20.0,251440.0,gnomad_exome
P106_A232del,none,none,0,,2,1.0,,,
P181L,cdna_within_protein,P/LP,1,1.0,0,0.0,2.0,251308.0,gnomad_exome
P181R,cdna_within_protein,P/LP,1,1.0,1,0.5,6.0,251308.0,gnomad_exome
P519S,cdna_within_protein,VUS,1,1.0,0,0.0,,,
P753S,cdna_within_protein,none,1,,1,0.5,,,
Q154X,cdna_within_protein,P/LP,1,1.0,0,0.0,,,
Q349fs,none,none,0,,0,0.0,,,
Q384P,cdna_within_protein,P/LP,1,1.0,2,1.0,,,
Q448X,cdna_within_protein,P/LP,1,1.0,2,1.0,1.0,152164.0,gnomad_genome
Q739X,cdna_within_protein,P/LP,1,1.0,2,1.0,,,
R329X,cdna_alias,P/LP,1,1.0,2,1.0,2.0,250716.0,gnomad_exome
R410S,protein_all_alleles,P/LP,2,2.0,2,1.0,,,
R437fs,none,none,0,,0,0.0,,,
R476C,none,none,0,,0,0.0,,,
R60C,none,none,0,,0,0.0,,,
S123P,cdna_within_protein,Conflicting,1,1.0,2,1.0,,,
S130X,cdna_within_protein,P/LP,1,1.0,2,1.0,,,
S417fs,none,none,0,,2,1.0,,,
S447C,cdna_within_protein,VUS,1,1.0,0,0.0,,,
S447P,cdna_within_protein,P/LP,1,1.0,0,0.0,,,
S580F,cdna_within_protein,P/LP,1,1.0,2,1.0,1.0,251488.0,gnomad_exome
S65fs,none,none,0,,0,0.0,,,
S750fs,none,none,0,,2,1.0,,,
T434R,protein_all_alleles,P/LP,1,1.0,0,0.0,,,
T476P,cdna_alias,VUS,1,1.0,0,0.0,1.0,152160.0,gnomad_genome
V503G,cdna_alias,P/LP,1,1.0,0,0.0,,,
V727I,protein_all_alleles,VUS,1,1.0,0,0.0,11.0,152062.0,gnomad_genome
V731fs,none,none,0,,0,0.0,,,
W443R,cdna_within_protein,P/LP,1,1.0,2,1.0,1.0,251246.0,gnomad_exome
W462X,cdna_alias,P/LP,1,1.0,2,1.0,,,
W469X,cdna_alias,P/LP,1,1.0,0,0.0,,,
W562fs,none,none,0,,0,0.0,,,
W87R,cdna_within_protein,VUS,1,1.0,2,1.0,,,
W87X,cdna_within_protein,P/LP,1,1.0,2,1.0,,,
Y354C,none,none,0,,0,0.0,,,
Y375D,cdna_within_protein,P/LP,1,1.0,2,1.0,,,
Y375S,cdna_within_protein,P/LP,1,1.0,0,0.0,,,
c.1060+2T>C,none,none,0,,2,1.0,,,
c.1061-1G>C,none,none,0,,2,1.0,,,
c.1061-2A>G,none,none,0,,2,1.0,,,
c.1586+53A>G,none,none,0,,0,0.0,,,
c.1646C>A,none,none,0,,2,1.0,,,
c.1705+1G>A,none,none,0,,2,1.0,,,
c.1706-10G>A,none,none,0,,2,1.0,,,
c.1706-209C>G,none,none,0,,0,0.0,,,
c.2140+103G>T,none,none,0,,2,1.0,,,
c.2140+5G>A,none,none,0,,0,0.0,,,
c.2389+5G>A,none,none,0,,0,0.0,,,
c.249delinsGG,none,none,0,,0,0.0,,,
c.313+1_313+2insT,none,none,0,,0,0.0,,,
c.321_333del,none,none,0,,2,1.0,,,
c.373_379delCAGTTCG,none,none,0,,0,0.0,,,
c.940+3_940+6del,none,none,0,,2,1.0,,,
c.941-2A>G,none,none,0,,2,1.0,,,
A1fs,none,none,0,,1,1.0,,,
A231_C312del,none,none,0,,1,1.0,,,
A232T,cdna_within_protein,VUS,1,1.0,1,1.0,2.0,152224.0,gnomad_genome
A410T,none,none,0,,1,1.0,,,
A459F,none,none,0,,1,1.0,,,
A475V,protein_all_alleles,P/LP,1,1.0,1,1.0,,,
A606S,cdna_within_protein,VUS,1,1.0,1,1.0,23.0,152034.0,gnomad_genome
A612S,cdna_within_protein,Conflicting,1,1.0,0,0.0,,,
A627V,protein_all_alleles,P/LP,1,1.0,1,1.0,,,
A684T,cdna_within_protein,VUS,1,1.0,1,1.0,4.0,251258.0,gnomad_exome
A696G,none,none,0,,1,1.0,,,
A735fs,none,none,0,,1,1.0,,,
A860V,cdna_within_protein,B/LB,1,1.0,1,1.0,15.0,152182.0,gnomad_genome
C104R,cdna_within_protein,P/LP,1,1.0,1,1.0,,,
C107W,none,none,0,,1,1.0,,,
C109G,cdna_within_protein,P/LP,1,1.0,1,1.0,,,
C113F,cdna_alias,P/LP,1,1.0,1,1.0,,,
C116Y,cdna_within_protein,VUS,1,1.0,1,1.0,,,
C121R,cdna_within_protein,P/LP,1,1.0,1,1.0,,,
C121S,cdna_within_protein,P/LP,1,1.0,1,1.0,,,
C122X,cdna_alias,P/LP,1,1.0,1,1.0,2.0,251178.0,gnomad_exome
C122Y,cdna_alias,P/LP,1,1.0,1,1.0,,,
C128fs,none,none,0,,1,1.0,,,
C134Y,cdna_within_protein,P/LP,1,1.0,1,1.0,,,
C143F,cdna_within_protein,P/LP,1,1.0,1,1.0,1.0,251174.0,gnomad_exome
C143G,protein_all_alleles,P/LP,1,1.0,1,1.0,,,
C143S,cdna_within_protein,P/LP,1,1.0,1,1.0,,,
C143X,cdna_within_protein,P/LP,1,1.0,1,1.0,2.0,251178.0,gnomad_exome
C143Y,cdna_within_protein,P/LP,1,1.0,1,1.0,,,
C146X,none,none,0,,1,1.0,,,
C152X,none,none,0,,1,1.0,,,
C155G,cdna_within_protein,P/LP,1,1.0,1,1.0,,,
C160R,protein_all_alleles,P/LP,1,1.0,1,1.0,,,
C163R,none,none,0,,1,1.0,,,
C163Y,none,none,0,,1,1.0,,,
C167L,none,none,0,,1,1.0,,,
C173fs,none,none,0,,1,1.0,,,
C183S,none,none,0,,1,1.0,,,
C184Y,cdna_within_protein,P/LP,1,1.0,1,1.0,3.0,152232.0,gnomad_genome
C201X,cdna_alias,P/LP,1,1.0,1,1.0,1.0,249708.0,gnomad_exome
C210X,none,none,0,,1,1.0,,,
C216R,cdna_within_protein,P/LP,1,1.0,1,1.0,,,
C216Y,cdna_within_protein,P/LP,1,1.0,1,1.0,,,
C222F,cdna_within_protein,P/LP,1,1.0,1,1.0,,,
C222Y,cdna_within_protein,P/LP,1,1.0,1,1.0,1.0,249694.0,gnomad_exome
C231W,cdna_within_protein,P/LP,1,1.0,1,1.0,2.0,149990.0,gnomad_genome
C231del,none,none,0,,1,1.0,,,
C249X,cdna_alias,P/LP,1,1.0,1,1.0,,,
C255X,protein_all_alleles,none,1,,1,1.0,,,
C25X,cdna_alias,P/LP,1,1.0,1,1.0,,,
C261F,cdna_within_protein,P/LP,1,1.0,1,1.0,3.0,251480.0,gnomad_exome
C261S,cdna_within_protein,P/LP,1,1.0,1,1.0,,,
C263R,cdna_alias,P/LP,1,1.0,1,1.0,,,
C268R,cdna_alias,P/LP,1,1.0,1,1.0,,,
C276G,cdna_within_protein,P/LP,1,1.0,1,1.0,,,
C27R,protein_all_alleles,P/LP,1,1.0,1,1.0,,,
C27X,cdna_within_protein,P/LP,1,1.0,1,1.0,,,
C281W,none,none,0,,1,1.0,,,
C292Y,none,none,0,,1,1.0,,,
C296Y,cdna_within_protein,P/LP,1,1.0,1,1.0,,,
C302G,protein_all_alleles,VUS,1,1.0,1,1.0,,,
C331W,none,none,0,,1,1.0,,,
C338G,protein_all_alleles,P/LP,1,1.0,1,1.0,,,
C338W,cdna_within_protein,P/LP,1,1.0,1,1.0,,,
C338Y,cdna_within_protein,P/LP,1,1.0,1,1.0,,,
C347Y,cdna_alias,P/LP,1,1.0,1,1.0,3.0,251358.0,gnomad_exome
C34S,cdna_within_protein,P/LP,1,1.0,1,1.0,,,
C34X,cdna_within_protein,P/LP,1,1.0,1,1.0,,,
C352S,cdna_within_protein,P/LP,1,1.0,1,1.0,,,
C352X,cdna_within_protein,P/LP,1,1.0,1,1.0,,,
C356S,cdna_alias,P/LP,1,1.0,1,1.0,,,
C358F,protein_all_alleles,none,1,,1,1.0,,,
C358R,protein_all_alleles,P/LP,1,1.0,1,1.0,,,
C392X,cdna_within_protein,P/LP,1,1.0,1,1.0,1.0,250606.0,gnomad_exome
C39X,protein_all_alleles,P/LP,1,1.0,1,1.0,,,
C42R,none,none,0,,1,1.0,,,
C46X,cdna_within_protein,P/LP,1,1.0,1,1.0,,,
C646S,cdna_alias,P/LP,1,1.0,1,1.0,,,
C656R,none,none,0,,1,1.0,,,
C660W,none,none,0,,1,1.0,,,
C667R,cdna_within_protein,P/LP,1,1.0,1,1.0,3.0,152156.0,gnomad_genome
C681G,protein_all_alleles,Conflicting,1,1.0,1,1.0,,,
C68W,protein_all_alleles,none,1,,1,1.0,,,
C74R,cdna_alias,P/LP,1,1.0,1,1.0,,,
C74S,cdna_alias,P/LP,1,1.0,1,1.0,,,
C75S,cdna_within_protein,P/LP,1,1.0,1,1.0,1.0,152182.0,gnomad_genome
C83F,none,none,0,,1,1.0,,,
C89R,cdna_within_protein,P/LP,1,1.0,1,1.0,,,
C95R,cdna_within_protein,P/LP,1,1.0,1,1.0,,,
C95Y,cdna_within_protein,P/LP,1,1.0,1,1.0,,,
D108G,cdna_alias,P/LP,1,1.0,1,1.0,,,
D129X,none,none,0,,1,1.0,,,
D129fs,none,none,0,,1,1.0,,,
D131fs,none,none,0,,1,1.0,,,
D136fs,none,none,0,,1,1.0,,,
D139E,cdna_within_protein,P/LP,1,1.0,1,1.0,,,
D147E,none,none,0,,1,1.0,,,
D170N,protein_all_alleles,VUS,1,1.0,1,1.0,3.0,251270.0,gnomad_exome
D171fs,none,none,0,,1,1.0,,,
D175G,cdna_within_protein,P/LP,1,1.0,1,1.0,,,
D175N,protein_all_alleles,P/LP,1,1.0,1,1.0,2.0,251312.0,gnomad_exome
D178fs,none,none,0,,1,1.0,,,
D200fs,none,none,0,,1,1.0,,,
D221fs,none,none,0,,1,1.0,,,
D263G,cdna_within_protein,P/LP,1,1.0,1,1.0,1.0,152204.0,gnomad_genome
D263N,cdna_within_protein,VUS,1,1.0,1,1.0,1.0,251482.0,gnomad_exome
D26N,none,none,0,,1,1.0,,,
D304N,cdna_within_protein,P/LP,1,1.0,1,1.0,8.0,151924.0,gnomad_genome
D354fs,none,none,0,,1,1.0,,,
D356H,cdna_within_protein,P/LP,1,1.0,1,1.0,,,
D356V,cdna_within_protein,P/LP,1,1.0,1,1.0,,,
D362N,protein_all_alleles,none,1,,1,1.0,,,
D36del,none,none,0,,1,1.0,,,
D386Y,cdna_within_protein,VUS,1,1.0,1,1.0,1.0,251080.0,gnomad_exome
D407K,none,none,0,,1,1.0,,,
D415H,cdna_within_protein,P/LP,1,1.0,1,1.0,,,
D415V,cdna_within_protein,VUS,1,1.0,1,1.0,,,
D416N,cdna_alias,P/LP,1,1.0,1,1.0,10.0,251310.0,gnomad_exome
D454N,none,none,0,,1,1.0,,,
D456fs,none,none,0,,1,1.0,,,
D461H,none,none,0,,1,1.0,,,
D471H,none,none,0,,1,1.0,,,
D47N,protein_all_alleles,VUS,1,1.0,1,1.0,4.0,251226.0,gnomad_exome
D482A,cdna_within_protein,none,1,,1,1.0,,,
D492G,protein_all_alleles,P/LP,1,1.0,1,1.0,,,
D492fs,none,none,0,,1,1.0,,,
D558A,cdna_alias,P/LP,1,1.0,0,0.0,,,
D558N,none,none,0,,1,1.0,,,
D579N,cdna_within_protein,P/LP,1,1.0,1,1.0,,,
D57A,cdna_within_protein,VUS,1,1.0,1,1.0,,,
D57N,cdna_within_protein,VUS,1,1.0,1,1.0,,,
D580H,cdna_alias,Conflicting,1,1.0,1,1.0,1.0,251490.0,gnomad_exome
D601H,cdna_within_protein,Conflicting,1,1.0,1,1.0,1.0,251490.0,gnomad_exome
D616fs,none,none,0,,1,1.0,,,
D622H,cdna_within_protein,P/LP,1,1.0,1,1.0,,,
D651N,cdna_within_protein,P/LP,1,1.0,1,1.0,1.0,152162.0,gnomad_genome
D651Y,cdna_within_protein,P/LP,1,1.0,1,1.0,,,
D651fs,none,none,0,,1,1.0,,,
D679G,none,none,0,,1,1.0,,,
D69Y,none,none,0,,1,1.0,,,
D700G,cdna_within_protein,P/LP,1,1.0,1,1.0,,,
D72fs,none,none,0,,1,1.0,,,
D90E,cdna_within_protein,P/LP,1,1.0,1,1.0,,,
E101V,cdna_within_protein,none,1,,1,1.0,,,
E113K,cdna_within_protein,P/LP,1,1.0,1,1.0,7.0,250568.0,gnomad_exome
E113fs,none,none,0,,1,1.0,,,
E217X,none,none,0,,1,1.0,,,
E267A,cdna_within_protein,Conflicting,1,1.0,1,1.0,,,
E287fs,none,none,0,,1,1.0,,,
E288X,cdna_within_protein,P/LP,1,1.0,1,1.0,,,
E291fs,none,none,0,,1,1.0,,,
E31V,protein_all_alleles,none,1,,1,1.0,,,
E353K,cdna_within_protein,VUS,1,1.0,1,1.0,15.0,250574.0,gnomad_exome
E357K,cdna_within_protein,P/LP,1,1.0,1,1.0,1.0,152178.0,gnomad_genome
E357fs,none,none,0,,1,1.0,,,
E387K,none,none,0,,1,1.0,,,
E408K,cdna_within_protein,P/LP,1,1.0,1,1.0,2.0,251104.0,gnomad_exome
E536K,none,none,0,,1,1.0,,,
E668X,protein_all_alleles,none,1,,1,1.0,,,
E702fs,none,none,0,,1,1.0,,,
E714fs,none,none,0,,1,1.0,,,
E760D,none,none,0,,1,1.0,,,
E763fs,none,none,0,,1,1.0,,,
E80X,cdna_alias,P/LP,1,1.0,1,1.0,,,
E92X,cdna_alias,P/LP,1,1.0,1,1.0,1.0,250568.0,gnomad_exome
F105S,none,none,0,,1,1.0,,,
F11S,cdna_alias,VUS,1,1.0,1,1.0,,,
F126L,cdna_within_protein,P/LP,1,1.0,1,1.0,,,
F282L,cdna_within_protein,P/LP,1,1.0,1,1.0,1.0,152132.0,gnomad_genome
F402fs,none,none,0,,1,1.0,,,
F403L,protein_all_alleles,P/LP,3,2.0,1,1.0,,,
F530fs,none,none,0,,1,1.0,,,
F619L,protein_all_alleles,P/LP,3,1.0,1,1.0,1.0,251492.0,gnomad_exome
F655fs,none,none,0,,1,1.0,,,
F694V,protein_all_alleles,P/LP,1,1.0,1,1.0,,,
F736fs,none,none,0,,1,1.0,,,
F807fs,none,none,0,,1,1.0,,,
G137S,cdna_within_protein,P/LP,1,1.0,0,0.0,4.0,251184.0,gnomad_exome
G198del,none,none,0,,1,1.0,,,
G218fs,none,none,0,,1,1.0,,,
G228A,none,none,0,,1,1.0,,,
G24D,protein_all_alleles,none,1,,1,1.0,,,
G2R,cdna_within_protein,VUS,1,1.0,1,1.0,10.0,152200.0,gnomad_genome
G314_E353del,none,none,0,,1,1.0,,,
G314_Q770dup,none,none,0,,1,1.0,,,
G323S,cdna_within_protein,VUS,1,1.0,1,1.0,8.0,152110.0,gnomad_genome
G324fs,none,none,0,,1,1.0,,,
G352D,none,none,0,,1,1.0,,,
G373C,cdna_within_protein,P/LP,1,1.0,1,1.0,,,
G373D,cdna_within_protein,P/LP,1,1.0,1,1.0,2.0,152224.0,gnomad_genome
G374fs,none,none,0,,1,1.0,,,
G396R,cdna_within_protein,VUS,1,1.0,1,1.0,,,
G396_T713dup,none,none,0,,1,1.0,,,
G397A,none,none,0,,1,1.0,,,
G457R,none,none,0,,1,1.0,,,
G461S,cdna_within_protein,VUS,1,1.0,1,1.0,3.0,250880.0,gnomad_exome
G496S,cdna_within_protein,VUS,1,1.0,1,1.0,,,
G508D,cdna_alias,P/LP,1,1.0,1,1.0,2.0,251120.0,gnomad_exome
G516D,cdna_within_protein,none,1,1.0,1,1.0,1.0,251388.0,gnomad_exome
G516S,cdna_within_protein,VUS,1,1.0,0,0.0,29.0,152174.0,gnomad_genome
G537fs,none,none,0,,1,1.0,,,
G546D,cdna_within_protein,P/LP,1,1.0,1,1.0,,,
G546V,cdna_within_protein,P/LP,1,1.0,1,1.0,,,
G549V,cdna_within_protein,P/LP,1,1.0,1,1.0,,,
G565R,protein_all_alleles,P/LP,1,1.0,1,1.0,,,
G631fs,none,none,0,,1,1.0,,,
G76R,cdna_within_protein,VUS,1,1.0,1,1.0,5.0,251490.0,gnomad_exome
H211Y,cdna_within_protein,P/LP,1,1.0,1,1.0,3.0,250972.0,gnomad_exome
H211_S212del,none,none,0,,1,1.0,,,
H250D,cdna_within_protein,none,1,,1,1.0,,,
H306Y,none,none,0,,1,1.0,,,
H327Y,cdna_within_protein,VUS,1,1.0,1,1.0,15.0,250950.0,gnomad_exome
H460fs,none,none,0,,1,1.0,,,
H562Y,none,none,0,,1,1.0,,,
H583D,cdna_within_protein,P/LP,1,1.0,1,1.0,1.0,251488.0,gnomad_exome
H607fs,none,none,0,,1,1.0,,,
H690fs,none,none,0,,1,1.0,,,
I161T,cdna_within_protein,P/LP,1,1.0,1,1.0,,,
I289T,none,none,0,,1,1.0,,,
I420T,none,none,0,,1,1.0,,,
I423T,cdna_within_protein,P/LP,1,1.0,1,1.0,,,
I566_L568del,none,none,0,,1,1.0,,,
I585T,protein_all_alleles,P/LP,1,1.0,1,1.0,,,
I623F,cdna_within_protein,VUS,1,1.0,1,1.0,,,
I623N,protein_all_alleles,none,1,,1,1.0,,,
I624del,none,none,0,,1,1.0,,,
I628fs,none,none,0,,1,1.0,,,
I796fs,none,none,0,,1,1.0,,,
K202_D203ins,none,none,0,,1,1.0,,,
K228E,cdna_alias,P/LP,1,1.0,1,1.0,4.0,247898.0,gnomad_exome
K30fs,none,none,0,,1,1.0,,,
K376X,protein_all_alleles,none,1,,1,1.0,,,
K43N,cdna_within_protein,none,1,,1,1.0,,,
K507E,cdna_within_protein,P/LP,1,1.0,1,1.0,,,
K509E,cdna_within_protein,P/LP,1,1.0,1,1.0,,,
L14fs,none,none,0,,1,1.0,,,
L380H,cdna_alias,P/LP,1,1.0,1,1.0,,,
L401F,cdna_within_protein,P/LP,1,1.0,1,1.0,1.0,250924.0,gnomad_exome
L401H,cdna_within_protein,P/LP,1,1.0,1,1.0,,,
L401R,protein_all_alleles,none,1,,1,1.0,,,
L401V,cdna_within_protein,P/LP,1,1.0,1,1.0,11.0,152098.0,gnomad_genome
L432V,cdna_within_protein,Conflicting,1,1.0,1,1.0,4.0,251290.0,gnomad_exome
L435P,cdna_alias,VUS,1,1.0,1,1.0,2.0,152122.0,gnomad_genome
L458P,none,none,0,,1,1.0,,,
L479Q,cdna_within_protein,P/LP,1,1.0,1,1.0,,,
L511S,cdna_within_protein,P/LP,1,1.0,1,1.0,,,
L547P,cdna_within_protein,VUS,1,1.0,1,1.0,,,
L582P,cdna_within_protein,P/LP,1,1.0,1,1.0,,,
L8W,protein_all_alleles,none,1,,1,1.0,,,
M1?,cdna_alias,P/LP,1,1.0,1,1.0,,,
M391T,cdna_alias,P/LP,1,1.0,1,1.0,,,
M391X,none,none,0,,1,1.0,,,
M429fs,none,none,0,,1,1.0,,,
M531R,cdna_within_protein,VUS,1,1.0,1,1.0,,,
M531T,protein_all_alleles,VUS,1,1.0,1,1.0,1.0,152070.0,gnomad_genome
M652T,protein_all_alleles,P/LP,1,1.0,1,1.0,1.0,251458.0,gnomad_exome
N169fs,none,none,0,,1,1.0,,,
N405K,cdna_within_protein,P/LP,1,1.0,1,1.0,,,
N405T,cdna_within_protein,VUS,1,1.0,1,1.0,,,
N428K,cdna_within_protein,VUS,1,1.0,1,1.0,,,
N527K,cdna_alias,P/LP,1,1.0,1,1.0,,,
N543H,none,none,0,,1,1.0,,,
N645I,cdna_within_protein,none,1,,1,1.0,,,
N688fs,none,none,0,,1,1.0,,,
N825K,cdna_within_protein,P/LP,1,1.0,1,1.0,2.0,251458.0,gnomad_exome
P196A,cdna_within_protein,none,1,,0,0.0,,,
P199fs,none,none,0,,1,1.0,,,
P320R,none,none,0,,1,1.0,,,
P505S,none,none,0,,1,1.0,,,
P685T,cdna_within_protein,P/LP,1,1.0,1,1.0,,,
P685fs,none,none,0,,1,1.0,,,
P84S,protein_all_alleles,VUS,1,1.0,1,1.0,,,
Q111X,cdna_within_protein,P/LP,1,1.0,1,1.0,,,
Q133X,none,none,0,,1,1.0,,,
Q163X,cdna_within_protein,P/LP,1,1.0,1,1.0,,,
Q242X,cdna_within_protein,P/LP,1,1.0,1,1.0,,,
Q254X,cdna_within_protein,P/LP,1,1.0,1,1.0,,,
Q324P,cdna_alias,none,1,,1,1.0,1.0,152220.0,gnomad_genome
Q359X,cdna_within_protein,P/LP,1,1.0,1,1.0,,,
Q378P,cdna_within_protein,P/LP,1,1.0,1,1.0,2.0,251308.0,gnomad_exome
Q378X,cdna_within_protein,P/LP,1,1.0,1,1.0,,,
Q455fs,none,none,0,,1,1.0,,,
Q665X,none,none,0,,1,1.0,,,
Q686X,cdna_within_protein,P/LP,1,1.0,1,1.0,,,
Q718X,none,none,0,,1,1.0,,,
Q749X,cdna_alias,P/LP,1,1.0,1,1.0,1.0,250610.0,gnomad_exome
Q81X,cdna_alias,P/LP,1,1.0,1,1.0,1.0,251466.0,gnomad_exome
Q92X,protein_all_alleles,P/LP,1,1.0,1,1.0,,,
R115C,cdna_within_protein,P/LP,1,1.0,1,1.0,7.0,250716.0,gnomad_exome
R236W,cdna_alias,VUS,1,1.0,1,1.0,15.0,152146.0,gnomad_genome
R237C,cdna_within_protein,VUS,1,1.0,1,1.0,4.0,251484.0,gnomad_exome
R253Q,protein_all_alleles,VUS,1,1.0,1,1.0,2.0,152172.0,gnomad_genome
R303Q,protein_all_alleles,VUS,1,1.0,1,1.0,2.0,151922.0,gnomad_genome
R303W,cdna_within_protein,VUS,1,1.0,1,1.0,13.0,151806.0,gnomad_genome
R350P,cdna_within_protein,P/LP,1,1.0,1,1.0,1.0,152190.0,gnomad_genome
R357C,none,none,0,,1,1.0,,,
R395Q,cdna_alias,P/LP,1,1.0,1,1.0,4.0,152062.0,gnomad_genome
R406Q,cdna_within_protein,P/LP,1,1.0,1,1.0,4.0,251042.0,gnomad_exome
R416P,cdna_within_protein,P/LP,1,1.0,1,1.0,,,
R458fs,none,none,0,,1,1.0,,,
R469W,none,none,0,,1,1.0,,,
R57C,none,none,0,,1,1.0,,,
R633C,cdna_within_protein,P/LP,1,1.0,1,1.0,4.0,152162.0,gnomad_genome
R757fs,none,none,0,,1,1.0,,,
R778I,protein_all_alleles,none,1,,1,1.0,1.0,251454.0,gnomad_exome
R793Q,none,none,0,,1,1.0,,,
R814Q,protein_all_alleles,VUS,1,1.0,1,1.0,168.0,151912.0,gnomad_genome
R81H,protein_all_alleles,VUS,1,1.0,1,1.0,2.0,152180.0,gnomad_genome
R88G,cdna_within_protein,P/LP,1,1.0,1,1.0,,,
R91W,none,none,0,,1,1.0,,,
R94H,none,none,0,,1,1.0,,,
S102fs,none,none,0,,1,1.0,,,
S123F,protein_all_alleles,none,1,,1,1.0,,,
S177P,cdna_within_protein,P/LP,1,1.0,1,1.0,,,
S206R,cdna_within_protein,P/LP,1,1.0,1,1.0,,,
S226P,protein_all_alleles,P/LP,1,1.0,1,1.0,,,
S306X,protein_all_alleles,P/LP,2,2.0,1,1.0,,,
S326Y,protein_all_alleles,none,1,,1,1.0,,,
S417N,protein_all_alleles,none,1,,1,1.0,,,
S41fs,none,none,0,,1,1.0,,,
S465L,none,none,0,,1,1.0,,,
S554L,protein_all_alleles,Conflicting,1,1.0,1,1.0,2.0,251462.0,gnomad_exome
S587fs,none,none,0,,1,1.0,,,
S648P,protein_all_alleles,P/LP,1,1.0,1,1.0,,,
S652R,cdna_alias,Conflicting,1,1.0,1,1.0,1.0,251254.0,gnomad_exome
S691L,protein_all_alleles,VUS,1,1.0,1,1.0,6.0,152212.0,gnomad_genome
S765C,none,none,0,,1,1.0,,,
S828fs,none,none,0,,1,1.0,,,
T274fs,none,none,0,,1,1.0,,,
T383I,cdna_alias,P/LP,1,1.0,1,1.0,,,
T392M,none,none,0,,1,1.0,,,
T404I,cdna_within_protein,P/LP,1,1.0,1,1.0,,,
T404P,cdna_within_protein,VUS,1,1.0,1,1.0,,,
T467Y,none,none,0,,1,1.0,,,
T510M,cdna_within_protein,VUS,1,1.0,1,1.0,4.0,251450.0,gnomad_exome
T534N,cdna_within_protein,VUS,1,1.0,1,1.0,,,
T557S,cdna_within_protein,none,1,,1,1.0,,,
T567I,cdna_within_protein,none,1,,1,1.0,,,
T567N,protein_all_alleles,VUS,1,1.0,1,1.0,,,
T597N,cdna_within_protein,VUS,1,1.0,1,1.0,1.0,251490.0,gnomad_exome
T705I,cdna_alias,B/LB,1,1.0,1,1.0,1378.0,251244.0,gnomad_exome
T761M,cdna_within_protein,VUS,1,1.0,1,1.0,8.0,152174.0,gnomad_genome
T87M,cdna_alias,VUS,1,1.0,1,1.0,1.0,250164.0,gnomad_exome
V145fs,none,none,0,,1,1.0,,,
V189M,protein_all_alleles,Conflicting,1,1.0,1,1.0,1.0,251294.0,gnomad_exome
V271I,cdna_within_protein,VUS,1,1.0,1,1.0,6.0,251456.0,gnomad_exome
V273_C313del,none,none,0,,1,1.0,,,
V429L,protein_all_alleles,P/LP,2,2.0,1,1.0,,,
V436A,cdna_within_protein,P/LP,1,1.0,1,1.0,2.0,152042.0,gnomad_genome
V45F,cdna_within_protein,none,1,,1,1.0,,,
V468I,cdna_within_protein,VUS,1,1.0,1,1.0,18.0,251122.0,gnomad_exome
V550fs,none,none,0,,1,1.0,,,
V597fs,none,none,0,,1,1.0,,,
V618A,protein_all_alleles,none,1,,1,1.0,,,
V618G,cdna_within_protein,P/LP,1,1.0,1,1.0,,,
V653D,protein_all_alleles,none,1,,1,1.0,,,
V66fs,none,none,0,,1,1.0,,,
V763A,cdna_alias,none,1,,1,1.0,,,
V779M,cdna_alias,P/LP,1,1.0,1,1.0,2.0,152078.0,gnomad_genome
V785fs,none,none,0,,1,1.0,,,
V797L,cdna_within_protein,VUS,1,1.0,1,1.0,,,
W159X,none,none,0,,1,1.0,,,
W165X,protein_all_alleles,P/LP,2,2.0,1,1.0,1.0,251284.0,gnomad_exome
W443S,protein_all_alleles,P/LP,1,1.0,1,1.0,,,
W483C,cdna_within_protein,VUS,1,1.0,1,1.0,,,
W483G,protein_all_alleles,none,1,,1,1.0,,,
W490R,protein_all_alleles,P/LP,2,1.0,1,1.0,,,
W490fs,none,none,0,,1,1.0,,,
W533X,cdna_within_protein,P/LP,1,1.0,1,1.0,,,
W556X,none,none,0,,1,1.0,,,
W562X,cdna_within_protein,P/LP,1,1.0,1,1.0,,,
W577G,cdna_within_protein,P/LP,1,1.0,1,1.0,,,
W666C,protein_all_alleles,none,2,,1,1.0,0.0,251376.0,gnomad_exome
Y167X,none,none,0,,1,1.0,,,
Y259S,cdna_within_protein,VUS,1,1.0,1,1.0,,,
Y375F,protein_all_alleles,none,1,,1,1.0,,,
Y400X,cdna_within_protein,P/LP,1,1.0,1,1.0,,,
Y400_F402del,none,none,0,,1,1.0,,,
Y421N,none,none,0,,1,1.0,,,
Y442H,cdna_within_protein,P/LP,1,1.0,1,1.0,,,
Y489C,protein_all_alleles,P/LP,1,1.0,1,1.0,,,
Y679X,cdna_within_protein,P/LP,1,1.0,1,1.0,,,
Y807C,none,none,0,,1,1.0,,,
Y828fs,none,none,0,,1,1.0,,,
c.1-1717_190+638del,none,none,0,,1,1.0,,,
c.1056_1060+3del,none,none,0,,1,1.0,,,
c.1135t>C,none,none,0,,1,1.0,,,
c.1186+501_2140+938del,none,none,0,,1,1.0,,,
c.1186delG,none,none,0,,1,1.0,,,
c.1187delG,none,none,0,,1,1.0,,,
c.1197_1205delCTACCTCTT,none,none,0,,1,1.0,,,
c.119_1207del,none,none,0,,1,1.0,,,
c.1358+1G>A,none,none,0,,1,1.0,,,
c.1358+2T>C,none,none,0,,1,1.0,,,
c.1359-3C>T,none,none,0,,1,1.0,,,
c.1586+5G>A,none,none,0,,1,1.0,,,
c.1587-1420_1705+515del,none,none,0,,1,1.0,,,
c.1587-308C>T,none,none,0,,1,1.0,,,
c.1587-3C>G,none,none,0,,1,1.0,,,
c.1655delT,none,none,0,,1,1.0,,,
c.1706-10g>a,none,none,0,,1,1.0,,,
c.1706-1G>C,none,none,0,,1,1.0,,,
c.1706-232_1845+1234del,none,none,0,,1,1.0,,,
c.176_177insAGTC,none,none,0,,1,1.0,,,
c.1802insA,none,none,0,,1,1.0,,,
c.1845+1413_2141-800dup,none,none,0,,1,1.0,,,
c.1845G>A,cdna_alias,VUS,1,1.0,1,1.0,2.0,152154.0,gnomad_genome
c.1846-2A>C,none,none,0,,1,1.0,,,
c.1872delC,none,none,0,,1,1.0,,,
c.190+4A>T,none,none,0,,1,1.0,,,
c.190+984_1846-1160del,none,none,0,,1,1.0,,,
c.191-1G>A,none,none,0,,1,1.0,,,
c.191-3_191-2insA,none,none,0,,1,1.0,,,
c.1943delC,none,none,0,,1,1.0,,,
c.1944insC,none,none,0,,1,1.0,,,
c.1953-1954delTA,none,none,0,,1,1.0,,,
c.2140+1G>T,none,none,0,,1,1.0,,,
c.2141-9T>G,none,none,0,,1,1.0,,,
c.2207insT,none,none,0,,1,1.0,,,
c.2319A>G,none,none,0,,1,1.0,,,
c.2389+5G>T,none,none,0,,1,1.0,,,
c.2390-10_2580+3337del,none,none,0,,1,1.0,,,
c.249delTinsGG,none,none,0,,1,1.0,,,
c.2500_2502delGATinsC,none,none,0,,1,1.0,,,
c.2547+5G>A,none,none,0,,1,1.0,,,
c.272delG,none,none,0,,1,1.0,,,
c.302A>G,cdna_alias,P/LP,1,1.0,1,1.0,,,
c.313+2t>c,none,none,0,,1,1.0,,,
c.313G>A,none,none,0,,1,1.0,,,
c.314-2A>C,none,none,0,,1,1.0,,,
c.314-446_1187-386dup,none,none,0,,1,1.0,,,
c.314-645_694+611del,none,none,0,,1,1.0,,,
c.320_332del,none,none,0,,1,1.0,,,
c.327insC,none,none,0,,1,1.0,,,
c.353delA,none,none,0,,1,1.0,,,
c.41delT,none,none,0,,1,1.0,,,
c.558insG,none,none,0,,1,1.0,,,
c.617delG,none,none,0,,1,1.0,,,
c.62_67+9delCTGCAGGTTAAGGCCTT,none,none,0,,1,1.0,,,
c.679-680delAC,none,none,0,,1,1.0,,,
c.68-7134_940+209dup,none,none,0,,1,1.0,,,
c.694+8_694+18del,none,none,0,,1,1.0,,,
c.695-6_698del,none,none,0,,1,1.0,,,
c.727T>A,cdna_alias,P/LP,1,1.0,1,1.0,,,
c.818-1G>A,none,none,0,,1,1.0,,,
c.837dupC,none,none,0,,1,1.0,,,
c.940+207_1187-434del,none,none,0,,1,1.0,,,
c.940+2delGAGT,none,none,0,,1,1.0,,,
c.952G>C,none,none,0,,1,1.0,,,
