run_id,score_lane,gene,pmid,variant,carriers,affected,unaffected,source_layer,source_location,interpretation
20260902_false_zero_recovery_gold118,trusted legacy (paper plus linkage),KCNH2,18808722,A490P,,,,regex_text,Text scan (protein_single_letter),unmatched vs fixture; not adjudicated biological false positive
20260902_false_zero_recovery_gold118,trusted legacy (paper plus linkage),KCNH2,20181576,P926A,,,,figure,figure-reader,unmatched vs fixture; not adjudicated biological false positive
20260902_false_zero_recovery_gold118,trusted legacy (paper plus linkage),KCNQ1,14678125,p.Arg243His c.728G>A,,,,clinvar,ClinVar (PMID citation),unmatched vs fixture; not adjudicated biological false positive
20260902_false_zero_recovery_gold118,trusted legacy (paper plus linkage),KCNQ1,14678125,p.Arg243Ser c.727C>A,,,,clinvar,ClinVar (PMID citation),unmatched vs fixture; not adjudicated biological false positive
20260902_false_zero_recovery_gold118,trusted legacy (paper plus linkage),KCNQ1,14678125,p.Arg366Leu c.1097G>T,,,,clinvar,ClinVar (PMID citation),unmatched vs fixture; not adjudicated biological false positive
20260902_false_zero_recovery_gold118,trusted legacy (paper plus linkage),KCNQ1,14678125,p.Arg366Pro c.1097G>C,,,,clinvar,ClinVar (PMID citation),unmatched vs fixture; not adjudicated biological false positive
20260902_false_zero_recovery_gold118,trusted legacy (paper plus linkage),KCNQ1,14678125,p.Asp317Ala c.950A>C,,,,clinvar,ClinVar (PMID citation),unmatched vs fixture; not adjudicated biological false positive
20260902_false_zero_recovery_gold118,trusted legacy (paper plus linkage),KCNQ1,14678125,p.Glu284del c.850_852del,,,,clinvar,ClinVar (PMID citation),unmatched vs fixture; not adjudicated biological false positive
20260902_false_zero_recovery_gold118,trusted legacy (paper plus linkage),KCNQ1,14678125,p.Gly186Cys c.556G>T,,,,clinvar,ClinVar (PMID citation),unmatched vs fixture; not adjudicated biological false positive
20260902_false_zero_recovery_gold118,trusted legacy (paper plus linkage),KCNQ1,14678125,p.Gly186Ser c.556G>A,,,,clinvar,ClinVar (PMID citation),unmatched vs fixture; not adjudicated biological false positive
20260902_false_zero_recovery_gold118,trusted legacy (paper plus linkage),KCNQ1,14678125,p.Leu266Arg c.797T>G,,,,clinvar,ClinVar (PMID citation),unmatched vs fixture; not adjudicated biological false positive
20260902_false_zero_recovery_gold118,trusted legacy (paper plus linkage),KCNQ1,18808722,c.2020insAG,,,,regex_text,Text scan (prefixless_cdna_indel),unmatched vs fixture; not adjudicated biological false positive
20260902_false_zero_recovery_gold118,trusted legacy (paper plus linkage),KCNQ1,19632626,c.1033-2del,,,,clinvar,ClinVar (PMID citation),unmatched vs fixture; not adjudicated biological false positive
20260902_false_zero_recovery_gold118,trusted legacy (paper plus linkage),KCNQ1,19632626,c.1251+9C>A,,,,clinvar,ClinVar (PMID citation),unmatched vs fixture; not adjudicated biological false positive
20260902_false_zero_recovery_gold118,trusted legacy (paper plus linkage),KCNQ1,19632626,c.1394-1G>T,,,,clinvar,ClinVar (PMID citation),unmatched vs fixture; not adjudicated biological false positive
20260902_false_zero_recovery_gold118,trusted legacy (paper plus linkage),KCNQ1,19632626,c.1515-4G>A,,,,clinvar,ClinVar (PMID citation),unmatched vs fixture; not adjudicated biological false positive
20260902_false_zero_recovery_gold118,trusted legacy (paper plus linkage),KCNQ1,19632626,c.477+5G>A,,,,clinvar,ClinVar (PMID citation),unmatched vs fixture; not adjudicated biological false positive
20260902_false_zero_recovery_gold118,trusted legacy (paper plus linkage),KCNQ1,19632626,p.Ala178Thr c.532G>A,,,,clinvar,ClinVar (PMID citation),unmatched vs fixture; not adjudicated biological false positive
20260902_false_zero_recovery_gold118,trusted legacy (paper plus linkage),KCNQ1,19632626,p.Ala341Glu c.1022C>A,,,,clinvar,ClinVar (PMID citation),unmatched vs fixture; not adjudicated biological false positive
20260902_false_zero_recovery_gold118,trusted legacy (paper plus linkage),KCNQ1,19632626,p.Ala341Val c.1022C>T,,,,clinvar,ClinVar (PMID citation),unmatched vs fixture; not adjudicated biological false positive
20260902_false_zero_recovery_gold118,trusted legacy (paper plus linkage),KCNQ1,19632626,p.Ala344= c.1032G>A,,,,clinvar,ClinVar (PMID citation),unmatched vs fixture; not adjudicated biological false positive
20260902_false_zero_recovery_gold118,trusted legacy (paper plus linkage),KCNQ1,19632626,p.Ala344Val c.1031C>T,,,,clinvar,ClinVar (PMID citation),unmatched vs fixture; not adjudicated biological false positive
20260902_false_zero_recovery_gold118,trusted legacy (paper plus linkage),KCNQ1,19632626,p.Arg190Gln c.569G>A,,,,clinvar,ClinVar (PMID citation),unmatched vs fixture; not adjudicated biological false positive
20260902_false_zero_recovery_gold118,trusted legacy (paper plus linkage),KCNQ1,19632626,p.Arg190Leu c.569G>T,,,,clinvar,ClinVar (PMID citation),unmatched vs fixture; not adjudicated biological false positive
20260902_false_zero_recovery_gold118,trusted legacy (paper plus linkage),KCNQ1,19632626,p.Arg243Cys c.727C>T,,,,clinvar,ClinVar (PMID citation),unmatched vs fixture; not adjudicated biological false positive
20260902_false_zero_recovery_gold118,trusted legacy (paper plus linkage),KCNQ1,19632626,p.Arg243His c.728G>A,,,,clinvar,ClinVar (PMID citation),unmatched vs fixture; not adjudicated biological false positive
20260902_false_zero_recovery_gold118,trusted legacy (paper plus linkage),KCNQ1,19632626,p.Arg380Lys c.1139G>A,,,,clinvar,ClinVar (PMID citation),unmatched vs fixture; not adjudicated biological false positive
20260902_false_zero_recovery_gold118,trusted legacy (paper plus linkage),KCNQ1,19632626,p.Arg401fs c.1201dup,,,,clinvar,ClinVar (PMID citation),unmatched vs fixture; not adjudicated biological false positive
20260902_false_zero_recovery_gold118,trusted legacy (paper plus linkage),KCNQ1,19632626,p.Arg507Gln c.1520G>A,,,,clinvar,ClinVar (PMID citation),unmatched vs fixture; not adjudicated biological false positive
20260902_false_zero_recovery_gold118,trusted legacy (paper plus linkage),KCNQ1,19632626,p.Arg518X c.1552C>T,,,,clinvar,ClinVar (PMID citation),unmatched vs fixture; not adjudicated biological false positive
20260902_false_zero_recovery_gold118,trusted legacy (paper plus linkage),KCNQ1,19632626,p.Arg539Trp c.1615C>T,,,,clinvar,ClinVar (PMID citation),unmatched vs fixture; not adjudicated biological false positive
20260902_false_zero_recovery_gold118,trusted legacy (paper plus linkage),KCNQ1,19632626,p.Arg555Ser c.1663C>A,,,,clinvar,ClinVar (PMID citation),unmatched vs fixture; not adjudicated biological false positive
20260902_false_zero_recovery_gold118,trusted legacy (paper plus linkage),KCNQ1,19632626,p.Arg583His c.1748G>A,,,,clinvar,ClinVar (PMID citation),unmatched vs fixture; not adjudicated biological false positive
20260902_false_zero_recovery_gold118,trusted legacy (paper plus linkage),KCNQ1,19632626,p.Arg591His c.1772G>A,,,,clinvar,ClinVar (PMID citation),unmatched vs fixture; not adjudicated biological false positive
20260902_false_zero_recovery_gold118,trusted legacy (paper plus linkage),KCNQ1,19632626,p.Arg594Gln c.1781G>A,,,,clinvar,ClinVar (PMID citation),unmatched vs fixture; not adjudicated biological false positive
20260902_false_zero_recovery_gold118,trusted legacy (paper plus linkage),KCNQ1,19632626,p.Arg632fs c.1893dup,,,,clinvar,ClinVar (PMID citation),unmatched vs fixture; not adjudicated biological false positive
20260902_false_zero_recovery_gold118,trusted legacy (paper plus linkage),KCNQ1,19632626,p.Asp202Asn c.604G>A,,,,clinvar,ClinVar (PMID citation),unmatched vs fixture; not adjudicated biological false positive
20260902_false_zero_recovery_gold118,trusted legacy (paper plus linkage),KCNQ1,19632626,p.Cys214Tyr c.641G>A,,,,clinvar,ClinVar (PMID citation),unmatched vs fixture; not adjudicated biological false positive
20260902_false_zero_recovery_gold118,trusted legacy (paper plus linkage),KCNQ1,19632626,p.Cys642Phe c.1925G>T,,,,clinvar,ClinVar (PMID citation),unmatched vs fixture; not adjudicated biological false positive
20260902_false_zero_recovery_gold118,trusted legacy (paper plus linkage),KCNQ1,19632626,p.Gln107His c.321G>C,,,,clinvar,ClinVar (PMID citation),unmatched vs fixture; not adjudicated biological false positive
20260902_false_zero_recovery_gold118,trusted legacy (paper plus linkage),KCNQ1,19632626,p.Gln359Ter c.1075C>T,,,,clinvar,ClinVar (PMID citation),unmatched vs fixture; not adjudicated biological false positive
20260902_false_zero_recovery_gold118,trusted legacy (paper plus linkage),KCNQ1,19632626,p.Gln376Ter c.1126C>T,,,,clinvar,ClinVar (PMID citation),unmatched vs fixture; not adjudicated biological false positive
20260902_false_zero_recovery_gold118,trusted legacy (paper plus linkage),KCNQ1,19632626,p.Glu449fs c.1343dup,,,,clinvar,ClinVar (PMID citation),unmatched vs fixture; not adjudicated biological false positive
20260902_false_zero_recovery_gold118,trusted legacy (paper plus linkage),KCNQ1,19632626,p.Gly168Arg c.502G>A,,,,clinvar,ClinVar (PMID citation),unmatched vs fixture; not adjudicated biological false positive
20260902_false_zero_recovery_gold118,trusted legacy (paper plus linkage),KCNQ1,19632626,p.Gly269Ser c.805G>A,,,,clinvar,ClinVar (PMID citation),unmatched vs fixture; not adjudicated biological false positive
20260902_false_zero_recovery_gold118,trusted legacy (paper plus linkage),KCNQ1,19632626,p.Gly306Arg c.916G>A,,,,clinvar,ClinVar (PMID citation),unmatched vs fixture; not adjudicated biological false positive
20260902_false_zero_recovery_gold118,trusted legacy (paper plus linkage),KCNQ1,19632626,p.Gly314Ser c.940G>A,,,,clinvar,ClinVar (PMID citation),unmatched vs fixture; not adjudicated biological false positive
20260902_false_zero_recovery_gold118,trusted legacy (paper plus linkage),KCNQ1,19632626,p.Gly325Arg c.973G>A,,,,clinvar,ClinVar (PMID citation),unmatched vs fixture; not adjudicated biological false positive
20260902_false_zero_recovery_gold118,trusted legacy (paper plus linkage),KCNQ1,19632626,p.Gly626fs c.1875dup,,,,clinvar,ClinVar (PMID citation),unmatched vs fixture; not adjudicated biological false positive
20260902_false_zero_recovery_gold118,trusted legacy (paper plus linkage),KCNQ1,19632626,p.His258Arg c.773A>G,,,,clinvar,ClinVar (PMID citation),unmatched vs fixture; not adjudicated biological false positive
20260902_false_zero_recovery_gold118,trusted legacy (paper plus linkage),KCNQ1,19632626,p.Ile375fs c.1124_1127del,,,,clinvar,ClinVar (PMID citation),unmatched vs fixture; not adjudicated biological false positive
20260902_false_zero_recovery_gold118,trusted legacy (paper plus linkage),KCNQ1,19632626,p.Leu266Pro c.797T>C,,,,clinvar,ClinVar (PMID citation),unmatched vs fixture; not adjudicated biological false positive
20260902_false_zero_recovery_gold118,trusted legacy (paper plus linkage),KCNQ1,19632626,p.Leu266fs c.796del,,,,clinvar,ClinVar (PMID citation),unmatched vs fixture; not adjudicated biological false positive
20260902_false_zero_recovery_gold118,trusted legacy (paper plus linkage),KCNQ1,19632626,p.Leu496fs c.1486_1487del,,,,clinvar,ClinVar (PMID citation),unmatched vs fixture; not adjudicated biological false positive
20260902_false_zero_recovery_gold118,trusted legacy (paper plus linkage),KCNQ1,19632626,p.Lys362Arg c.1085A>G,,,,clinvar,ClinVar (PMID citation),unmatched vs fixture; not adjudicated biological false positive
20260902_false_zero_recovery_gold118,trusted legacy (paper plus linkage),KCNQ1,19632626,p.Lys526Glu c.1576A>G,,,,clinvar,ClinVar (PMID citation),unmatched vs fixture; not adjudicated biological false positive
20260902_false_zero_recovery_gold118,trusted legacy (paper plus linkage),KCNQ1,19632626,p.Met520Arg c.1559T>G,,,,clinvar,ClinVar (PMID citation),unmatched vs fixture; not adjudicated biological false positive
20260902_false_zero_recovery_gold118,trusted legacy (paper plus linkage),KCNQ1,19632626,p.Pro343Ala c.1027C>G,,,,clinvar,ClinVar (PMID citation),unmatched vs fixture; not adjudicated biological false positive
20260902_false_zero_recovery_gold118,trusted legacy (paper plus linkage),KCNQ1,19632626,p.Q530* c.1588C>T,,,,clinvar,ClinVar (PMID citation),unmatched vs fixture; not adjudicated biological false positive
20260902_false_zero_recovery_gold118,trusted legacy (paper plus linkage),KCNQ1,19632626,p.R190W c.568C>T,,,,clinvar,ClinVar (PMID citation),unmatched vs fixture; not adjudicated biological false positive
20260902_false_zero_recovery_gold118,trusted legacy (paper plus linkage),KCNQ1,19632626,p.Ser277del c.825CTC[1],,,,clinvar,ClinVar (PMID citation),unmatched vs fixture; not adjudicated biological false positive
20260902_false_zero_recovery_gold118,trusted legacy (paper plus linkage),KCNQ1,19632626,p.Ser546Leu c.1637C>T,,,,clinvar,ClinVar (PMID citation),unmatched vs fixture; not adjudicated biological false positive
20260902_false_zero_recovery_gold118,trusted legacy (paper plus linkage),KCNQ1,19632626,p.Ser566Phe c.1697C>T,,,,clinvar,ClinVar (PMID citation),unmatched vs fixture; not adjudicated biological false positive
20260902_false_zero_recovery_gold118,trusted legacy (paper plus linkage),KCNQ1,19632626,p.Thr311Ile c.932C>T,,,,clinvar,ClinVar (PMID citation),unmatched vs fixture; not adjudicated biological false positive
20260902_false_zero_recovery_gold118,trusted legacy (paper plus linkage),KCNQ1,19632626,p.Thr312Ile c.935C>T,,,,clinvar,ClinVar (PMID citation),unmatched vs fixture; not adjudicated biological false positive
20260902_false_zero_recovery_gold118,trusted legacy (paper plus linkage),KCNQ1,19632626,p.Thr322Met c.965C>T,,,,clinvar,ClinVar (PMID citation),unmatched vs fixture; not adjudicated biological false positive
20260902_false_zero_recovery_gold118,trusted legacy (paper plus linkage),KCNQ1,19632626,p.Trp15Ter c.45G>A,,,,clinvar,ClinVar (PMID citation),unmatched vs fixture; not adjudicated biological false positive
20260902_false_zero_recovery_gold118,trusted legacy (paper plus linkage),KCNQ1,19632626,p.Trp305Leu c.914G>T,,,,clinvar,ClinVar (PMID citation),unmatched vs fixture; not adjudicated biological false positive
20260902_false_zero_recovery_gold118,trusted legacy (paper plus linkage),KCNQ1,19632626,p.Trp305Ter c.914G>A,,,,clinvar,ClinVar (PMID citation),unmatched vs fixture; not adjudicated biological false positive
20260902_false_zero_recovery_gold118,trusted legacy (paper plus linkage),KCNQ1,19632626,p.Tyr111Cys c.332A>G,,,,clinvar,ClinVar (PMID citation),unmatched vs fixture; not adjudicated biological false positive
20260902_false_zero_recovery_gold118,trusted legacy (paper plus linkage),KCNQ1,19632626,p.Tyr184Ser c.551A>C,,,,clinvar,ClinVar (PMID citation),unmatched vs fixture; not adjudicated biological false positive
20260902_false_zero_recovery_gold118,trusted legacy (paper plus linkage),KCNQ1,19632626,p.Val110Ile c.328G>A,,,,clinvar,ClinVar (PMID citation),unmatched vs fixture; not adjudicated biological false positive
20260902_false_zero_recovery_gold118,trusted legacy (paper plus linkage),KCNQ1,19632626,p.Val215Met c.643G>A,,,,clinvar,ClinVar (PMID citation),unmatched vs fixture; not adjudicated biological false positive
20260902_false_zero_recovery_gold118,trusted legacy (paper plus linkage),KCNQ1,19632626,p.Val254Met c.760G>A,,,,clinvar,ClinVar (PMID citation),unmatched vs fixture; not adjudicated biological false positive
20260902_false_zero_recovery_gold118,trusted legacy (paper plus linkage),KCNQ1,19632626,p.Val280Gly c.839T>G,,,,clinvar,ClinVar (PMID citation),unmatched vs fixture; not adjudicated biological false positive
20260902_false_zero_recovery_gold118,trusted legacy (paper plus linkage),KCNQ1,26496715,c.1071_1076dupGAAGCA,1,,,regex_table,"Table 1.  Summary of putative LQT1-associated mutations in KCNQ1, row 32 (router+deterministic)",unmatched vs fixture; not adjudicated biological false positive
20260902_false_zero_recovery_gold118,trusted legacy (paper plus linkage),KCNQ1,26496715,c.1251+2T>C,1,,,regex_table,"Table 1.  Summary of putative LQT1-associated mutations in KCNQ1, row 38 (router+deterministic)",unmatched vs fixture; not adjudicated biological false positive
20260902_false_zero_recovery_gold118,trusted legacy (paper plus linkage),KCNQ1,26496715,c.477+5G>A,3,,,regex_table,"Table 1.  Summary of putative LQT1-associated mutations in KCNQ1, row 5 (router+deterministic)",unmatched vs fixture; not adjudicated biological false positive
20260902_false_zero_recovery_gold118,trusted legacy (paper plus linkage),KCNQ1,26496715,c.605-2G>A,4,,,regex_table,"Table 1.  Summary of putative LQT1-associated mutations in KCNQ1, row 10 (router+deterministic)",unmatched vs fixture; not adjudicated biological false positive
20260902_false_zero_recovery_gold118,trusted legacy (paper plus linkage),KCNQ1,26496715,c.921+1G>T,1,,,regex_table,"Table 1.  Summary of putative LQT1-associated mutations in KCNQ1, row 21 (router+deterministic)",unmatched vs fixture; not adjudicated biological false positive
20260902_false_zero_recovery_gold118,trusted legacy (paper plus linkage),KCNQ1,26496715,p.Gln359_Arg c.1067AGCAGA[3],,,,clinvar,ClinVar (PMID citation),unmatched vs fixture; not adjudicated biological false positive
20260902_false_zero_recovery_gold118,trusted legacy (paper plus linkage),RYR2,19398665,G3946S,,,,figure,figure-reader,unmatched vs fixture; not adjudicated biological false positive
20260902_false_zero_recovery_gold118,trusted legacy (paper plus linkage),RYR2,19926015,A4282V,,,,regex_text,Text scan (protein_single_letter),unmatched vs fixture; not adjudicated biological false positive
20260902_false_zero_recovery_gold118,trusted legacy (paper plus linkage),RYR2,19926015,G1886S,,,,regex_text,Text scan (protein_single_letter),unmatched vs fixture; not adjudicated biological false positive
20260902_false_zero_recovery_gold118,trusted legacy (paper plus linkage),RYR2,19926015,M2389L,,,,regex_text,Text scan (protein_single_letter),unmatched vs fixture; not adjudicated biological false positive
20260902_false_zero_recovery_gold118,trusted legacy (paper plus linkage),RYR2,19926015,V4010M,,,,regex_text,Text scan (protein_single_letter),unmatched vs fixture; not adjudicated biological false positive
20260902_false_zero_recovery_gold118,trusted legacy (paper plus linkage),RYR2,22677073,c.13610C>T,,,,regex_table,"TABLE 2, row 43 (router+deterministic)",unmatched vs fixture; not adjudicated biological false positive
20260902_false_zero_recovery_gold118,trusted legacy (paper plus linkage),RYR2,22677073,c.14803G>A,1,,,regex_table,"TABLE 2, row 45 (router+deterministic)",unmatched vs fixture; not adjudicated biological false positive
20260902_false_zero_recovery_gold118,trusted legacy (paper plus linkage),RYR2,22677073,c.2398+5G>T,,,,regex_table,"TABLE 2, row 16 (router+deterministic)",unmatched vs fixture; not adjudicated biological false positive
20260902_false_zero_recovery_gold118,trusted legacy (paper plus linkage),RYR2,22677073,c.3321C>T,,,,regex_table,"TABLE 2, row 16 (router+deterministic)",unmatched vs fixture; not adjudicated biological false positive
20260902_false_zero_recovery_gold118,trusted legacy (paper plus linkage),RYR2,22677073,c.6739C>T,,,,regex_table,"TABLE 2, row 35 (router+deterministic)",unmatched vs fixture; not adjudicated biological false positive
20260902_false_zero_recovery_gold118,trusted legacy (paper plus linkage),SCN5A,15671429,c.2550_2551insTG,,,,pubtator,PubTator3 (text-mined),unmatched vs fixture; not adjudicated biological false positive
20260902_false_zero_recovery_gold118,trusted legacy (paper plus linkage),SCN5A,15671429,c.704-2A>G,,,,clinvar,ClinVar (PMID citation),unmatched vs fixture; not adjudicated biological false positive
20260902_false_zero_recovery_gold118,trusted legacy (paper plus linkage),SCN5A,15671429,p.Asp1274Asn c.3820G>A,,,,clinvar,ClinVar (PMID citation),unmatched vs fixture; not adjudicated biological false positive
20260902_false_zero_recovery_gold118,trusted legacy (paper plus linkage),SCN5A,15671429,p.Asp1594Asn c.4780G>A,,,,clinvar,ClinVar (PMID citation),unmatched vs fixture; not adjudicated biological false positive
20260902_false_zero_recovery_gold118,trusted legacy (paper plus linkage),SCN5A,15671429,p.Asp1594His c.4780G>C,,,,clinvar,ClinVar (PMID citation),unmatched vs fixture; not adjudicated biological false positive
20260902_false_zero_recovery_gold118,trusted legacy (paper plus linkage),SCN5A,15671429,p.Gly1572= c.4716C>T,,,,clinvar,ClinVar (PMID citation),unmatched vs fixture; not adjudicated biological false positive
20260902_false_zero_recovery_gold118,trusted legacy (paper plus linkage),SCN5A,15671429,p.Phe851fs c.2550_2551dup,,,,clinvar,ClinVar (PMID citation),unmatched vs fixture; not adjudicated biological false positive
20260902_false_zero_recovery_gold118,trusted legacy (paper plus linkage),SCN5A,15671429,p.Pro1331fs c.3992del,,,,clinvar,ClinVar (PMID citation),unmatched vs fixture; not adjudicated biological false positive
20260902_false_zero_recovery_gold118,trusted legacy (paper plus linkage),SCN5A,22677073,p.Ile1767Val c.5299A>G,,,,clinvar,ClinVar (PMID citation),unmatched vs fixture; not adjudicated biological false positive
20260902_false_zero_recovery_gold118,trusted legacy (paper plus linkage),SCN5A,22677073,p.Pro2005Ala c.6013C>G,,,,clinvar,ClinVar (PMID citation),unmatched vs fixture; not adjudicated biological false positive
20260902_false_zero_recovery_gold118,trusted legacy (paper plus linkage),SCN5A,22677073,p.Val1950Leu c.5848G>T,,,,clinvar,ClinVar (PMID citation),unmatched vs fixture; not adjudicated biological false positive
20260902_false_zero_recovery_gold118,trusted legacy (paper plus linkage),SCN5A,32533946,D1430N,,,,regex_table,"Table (regex extraction), block 80, row 4",unmatched vs fixture; not adjudicated biological false positive
20260902_false_zero_recovery_gold118,trusted legacy (paper plus linkage),SCN5A,32533946,D356N,,,,regex_table,Table S8 (regex extraction),unmatched vs fixture; not adjudicated biological false positive
20260902_false_zero_recovery_gold118,trusted legacy (paper plus linkage),SCN5A,32533946,G1712C,,,,regex_table,"Table (regex extraction), block 81, row 3",unmatched vs fixture; not adjudicated biological false positive
20260902_false_zero_recovery_gold118,trusted legacy (paper plus linkage),SCN5A,32533946,G1740R,,,,regex_table,"Table (regex extraction), block 81, row 4",unmatched vs fixture; not adjudicated biological false positive
20260902_false_zero_recovery_gold118,trusted legacy (paper plus linkage),SCN5A,32533946,G1743E,,,,regex_table,"Table (regex extraction), block 81, row 5",unmatched vs fixture; not adjudicated biological false positive
20260902_false_zero_recovery_gold118,trusted legacy (paper plus linkage),SCN5A,32533946,G1743R,,,,regex_table,"Table (regex extraction), block 81, row 6",unmatched vs fixture; not adjudicated biological false positive
20260902_false_zero_recovery_gold118,trusted legacy (paper plus linkage),SCN5A,32533946,G897E,,,,regex_table,Table S8 (regex extraction),unmatched vs fixture; not adjudicated biological false positive
20260902_false_zero_recovery_gold118,trusted legacy (paper plus linkage),SCN5A,32533946,I1660V,,,,regex_table,"Table (regex extraction), block 81",unmatched vs fixture; not adjudicated biological false positive
20260902_false_zero_recovery_gold118,trusted legacy (paper plus linkage),SCN5A,32533946,L846R,,,,regex_table,Table S8 (regex extraction),unmatched vs fixture; not adjudicated biological false positive
20260902_false_zero_recovery_gold118,trusted legacy (paper plus linkage),SCN5A,32533946,LEU839P,,,,regex_table,"Table (regex extraction), block 118",unmatched vs fixture; not adjudicated biological false positive
20260902_false_zero_recovery_gold118,trusted legacy (paper plus linkage),SCN5A,32533946,R104Q,,,,regex_table,Table S8 (regex extraction),unmatched vs fixture; not adjudicated biological false positive
20260902_false_zero_recovery_gold118,trusted legacy (paper plus linkage),SCN5A,32533946,R104W,,,,regex_table,Table S8 (regex extraction),unmatched vs fixture; not adjudicated biological false positive
20260902_false_zero_recovery_gold118,trusted legacy (paper plus linkage),SCN5A,32533946,R878H,,,,regex_table,Table S8 (regex extraction),unmatched vs fixture; not adjudicated biological false positive
20260902_false_zero_recovery_gold118,trusted legacy (paper plus linkage),SCN5A,32533946,R893H,,,,regex_table,Table S8 (regex extraction),unmatched vs fixture; not adjudicated biological false positive
20260902_false_zero_recovery_gold118,trusted legacy (paper plus linkage),SCN5A,32533946,S1218I,,,,regex_table,Table S8 (regex extraction),unmatched vs fixture; not adjudicated biological false positive
20260902_false_zero_recovery_gold118,trusted legacy (paper plus linkage),SCN5A,32533946,S910L,,,,regex_table,Table S8 (regex extraction),unmatched vs fixture; not adjudicated biological false positive
20260902_false_zero_recovery_gold118,trusted legacy (paper plus linkage),SCN5A,32533946,p.Arg282His,,,,regex_table,Table S8 (regex extraction),unmatched vs fixture; not adjudicated biological false positive
20260902_false_zero_recovery_gold118,trusted legacy (paper plus linkage),SCN5A,32533946,p.Arg878Cys,,,,regex_table,Table S8 (regex extraction),unmatched vs fixture; not adjudicated biological false positive
20260902_false_zero_recovery_gold118,trusted legacy (paper plus linkage),SCN5A,32533946,p.Gly1408Arg,,,,regex_table,"Table (regex extraction), block 80",unmatched vs fixture; not adjudicated biological false positive
20260902_false_zero_recovery_gold118,trusted legacy (paper plus linkage),SCN5A,32533946,p.Thr187Ile,,,,regex_table,Table S8 (regex extraction),unmatched vs fixture; not adjudicated biological false positive
20260902_false_zero_recovery_gold118,trusted legacy (paper plus linkage),SCN5A,32533946,p.Ala1679Thr c.5035G>A,,,,clinvar,ClinVar (PMID citation),unmatched vs fixture; not adjudicated biological false positive
20260902_false_zero_recovery_gold118,trusted legacy (paper plus linkage),SCN5A,32533946,p.Ala1745Val c.5234C>T,,,,clinvar,ClinVar (PMID citation),unmatched vs fixture; not adjudicated biological false positive
20260902_false_zero_recovery_gold118,trusted legacy (paper plus linkage),SCN5A,32533946,p.Arg1582Cys c.4744C>T,,,,clinvar,ClinVar (PMID citation),unmatched vs fixture; not adjudicated biological false positive
20260902_false_zero_recovery_gold118,trusted legacy (paper plus linkage),SCN5A,32533946,p.Arg1631His c.4892G>A,,,,clinvar,ClinVar (PMID citation),unmatched vs fixture; not adjudicated biological false positive
20260902_false_zero_recovery_gold118,trusted legacy (paper plus linkage),SCN5A,32533946,p.Arg1631Ser c.4891C>A,,,,clinvar,ClinVar (PMID citation),unmatched vs fixture; not adjudicated biological false positive
20260902_false_zero_recovery_gold118,trusted legacy (paper plus linkage),SCN5A,32533946,p.Arg1897Cys c.5689C>T,,,,clinvar,ClinVar (PMID citation),unmatched vs fixture; not adjudicated biological false positive
20260902_false_zero_recovery_gold118,trusted legacy (paper plus linkage),SCN5A,32533946,p.Arg1957Ter c.5869C>T,,,,clinvar,ClinVar (PMID citation),unmatched vs fixture; not adjudicated biological false positive
20260902_false_zero_recovery_gold118,trusted legacy (paper plus linkage),SCN5A,32533946,p.Asn1721Asp c.5161A>G,,,,clinvar,ClinVar (PMID citation),unmatched vs fixture; not adjudicated biological false positive
20260902_false_zero_recovery_gold118,trusted legacy (paper plus linkage),SCN5A,32533946,p.Asp1242Asn c.3724G>A,,,,clinvar,ClinVar (PMID citation),unmatched vs fixture; not adjudicated biological false positive
20260902_false_zero_recovery_gold118,trusted legacy (paper plus linkage),SCN5A,32533946,p.Asp1369Gly c.4106A>G,,,,clinvar,ClinVar (PMID citation),unmatched vs fixture; not adjudicated biological false positive
20260902_false_zero_recovery_gold118,trusted legacy (paper plus linkage),SCN5A,32533946,p.Glu1224Lys c.3670G>A,,,,clinvar,ClinVar (PMID citation),unmatched vs fixture; not adjudicated biological false positive
20260902_false_zero_recovery_gold118,trusted legacy (paper plus linkage),SCN5A,32533946,p.Glu1573Lys c.4717G>A,,,,clinvar,ClinVar (PMID citation),unmatched vs fixture; not adjudicated biological false positive
20260902_false_zero_recovery_gold118,trusted legacy (paper plus linkage),SCN5A,32533946,p.Glu1783Lys c.5347G>A,,,,clinvar,ClinVar (PMID citation),unmatched vs fixture; not adjudicated biological false positive
20260902_false_zero_recovery_gold118,trusted legacy (paper plus linkage),SCN5A,32533946,p.Gly1261Ser c.3781G>A,,,,clinvar,ClinVar (PMID citation),unmatched vs fixture; not adjudicated biological false positive
20260902_false_zero_recovery_gold118,trusted legacy (paper plus linkage),SCN5A,32533946,p.Gly1419Ala c.4256G>C,,,,clinvar,ClinVar (PMID citation),unmatched vs fixture; not adjudicated biological false positive
20260902_false_zero_recovery_gold118,trusted legacy (paper plus linkage),SCN5A,32533946,p.Gly1419Cys c.4255G>T,,,,clinvar,ClinVar (PMID citation),unmatched vs fixture; not adjudicated biological false positive
20260902_false_zero_recovery_gold118,trusted legacy (paper plus linkage),SCN5A,32533946,p.Gly1641Glu c.4922G>A,,,,clinvar,ClinVar (PMID citation),unmatched vs fixture; not adjudicated biological false positive
20260902_false_zero_recovery_gold118,trusted legacy (paper plus linkage),SCN5A,32533946,p.Gly1739Arg c.5215G>A,,,,clinvar,ClinVar (PMID citation),unmatched vs fixture; not adjudicated biological false positive
20260902_false_zero_recovery_gold118,trusted legacy (paper plus linkage),SCN5A,32533946,p.Thr1708Lys c.5123C>A,,,,clinvar,ClinVar (PMID citation),unmatched vs fixture; not adjudicated biological false positive
20260902_false_zero_recovery_gold118,trusted legacy (paper plus linkage),SCN5A,32533946,p.Thr1708Met c.5123C>T,,,,clinvar,ClinVar (PMID citation),unmatched vs fixture; not adjudicated biological false positive
20260902_false_zero_recovery_gold118,trusted legacy (paper plus linkage),SCN5A,32533946,p.Tyr1448Cys c.4343A>G,,,,clinvar,ClinVar (PMID citation),unmatched vs fixture; not adjudicated biological false positive
20260902_false_zero_recovery_gold118,trusted legacy (paper plus linkage),SCN5A,32533946,p.Val1250Met c.3748G>A,,,,clinvar,ClinVar (PMID citation),unmatched vs fixture; not adjudicated biological false positive
20260902_false_zero_recovery_gold118,trusted legacy (paper plus linkage),SCN5A,32533946,p.Val1278Ile c.3832G>A,,,,clinvar,ClinVar (PMID citation),unmatched vs fixture; not adjudicated biological false positive
20260902_false_zero_recovery_gold118,trusted legacy (paper plus linkage),SCN5A,32533946,p.Val1352Met c.4054G>A,,,,clinvar,ClinVar (PMID citation),unmatched vs fixture; not adjudicated biological false positive
20260903_protocol_mixed01_candidate,paper-derived primary,MYBPC3,33673806,p.Tyr1136del c.3407_3409delACT,3,,,regex_table,"Table T2, row 75 (router+deterministic)",unmatched vs fixture; not adjudicated biological false positive
20260903_protocol_mixed02_candidate,paper-derived primary,SCN5A,30059973,Leu1302Valfs18 c.3900_3903dup,1,,,regex_table,Fixed-width table,unmatched vs fixture; not adjudicated biological false positive
20260903_protocol_mixed02_candidate,paper-derived primary,SCN5A,30059973,c.3045_3046del,1,,,regex_table,Fixed-width table,unmatched vs fixture; not adjudicated biological false positive
20260903_protocol_mixed02_candidate,paper-derived primary,SCN5A,30059973,p.Ile1570dup c.4708_4710dup,1,,,regex_table,Fixed-width table,unmatched vs fixture; not adjudicated biological false positive
20260903_protocol_cont120_01_candidate,paper-derived primary,KCNQ1,22677073,G643S,,,,regex_text,Text scan (protein_single_letter),unmatched vs fixture; not adjudicated biological false positive
20260903_protocol_cont120_01_candidate,paper-derived primary,KCNQ1,22677073,p.L163fsX236,1,1,,llm_table,"Table 2, row 2",unmatched vs fixture; not adjudicated biological false positive
20260903_protocol_cont120_01_candidate,paper-derived primary,RYR2,22677073,c.13610C>T,,,,regex_table,"TABLE 2, row 43 (router+deterministic)",unmatched vs fixture; not adjudicated biological false positive
20260903_protocol_cont120_01_candidate,paper-derived primary,RYR2,22677073,c.14803G>A,1,,,regex_table,"TABLE 2, row 45 (router+deterministic)",unmatched vs fixture; not adjudicated biological false positive
20260903_protocol_cont120_01_candidate,paper-derived primary,RYR2,22677073,c.2398+5G>T,,,,regex_table,"TABLE 2, row 16 (router+deterministic)",unmatched vs fixture; not adjudicated biological false positive
20260903_protocol_cont120_01_candidate,paper-derived primary,RYR2,22677073,c.3321C>T,,,,regex_table,"TABLE 2, row 16 (router+deterministic)",unmatched vs fixture; not adjudicated biological false positive
20260903_protocol_cont120_01_candidate,paper-derived primary,RYR2,22677073,c.6739C>T,,,,regex_table,"TABLE 2, row 35 (router+deterministic)",unmatched vs fixture; not adjudicated biological false positive
20260903_protocol_cont120_01_candidate,paper-derived primary,RYR2,19398665,G3946S,,,,figure,figure-reader,unmatched vs fixture; not adjudicated biological false positive
20260903_protocol_cont120_01_candidate,paper-derived primary,MYBPC3,21302287,F244F c.732C>T,,,,regex_table,"Table (regex extraction), block 3, row 2",unmatched vs fixture; not adjudicated biological false positive
20260903_protocol_cont120_01_candidate,paper-derived primary,MYBPC3,21302287,K754E,,,,regex_table,"Table (regex extraction), block 12, row 1",unmatched vs fixture; not adjudicated biological false positive
20260903_protocol_cont120_01_candidate,paper-derived primary,MYBPC3,21302287,K754EfsX78,2,2,,figure,figure-reader,unmatched vs fixture; not adjudicated biological false positive
20260903_protocol_cont120_01_candidate,paper-derived primary,MYBPC3,21302287,L517M c.1549C>A,1,1,,regex_table,"Table 2. Variations Detected on MYH7* by DHPLC Followed by Direct Sequencing**, row 6 (router+deterministic)",unmatched vs fixture; not adjudicated biological false positive
20260903_protocol_cont120_01_candidate,paper-derived primary,MYBPC3,21302287,p.K1065QfsX11 c.3192-3193InsC,1,1,,llm_table,Table 3,unmatched vs fixture; not adjudicated biological false positive
20260903_protocol_cont120_01_candidate,paper-derived primary,SCN5A,15671429,c.2550-2551insTG,3,,,figure,"Results, Genotype-Phenotype Correlation; Figure 3",unmatched vs fixture; not adjudicated biological false positive
