family,source_cdna,source_protein,mutation_carriers,mutation_positive_BrS_ECG_positive,mutation_positive_not_BrS_ECG_positive,mutation_positive_phenotype_undetermined,mutation_negative_BrS_ECG_positive,source_pdf_sha256,pdf_page,printed_page,source_table,row_y
A,c.612–2A.G,…,6,3,3,0,3,201e39aa350d5b03f2266de2c12fe6a40e63f8de4406834d41e750701b872181,3,553,Table 1,145.502
B,c.4222G.A,p.Gly1408Arg,14,4,9,1,0,201e39aa350d5b03f2266de2c12fe6a40e63f8de4406834d41e750701b872181,3,553,Table 1,158.502
C,c.673C.T,p.Arg225Trp,11,4,6,1,0,201e39aa350d5b03f2266de2c12fe6a40e63f8de4406834d41e750701b872181,3,553,Table 1,171.502
D,c.5164A.G,p.Asn1722Asp,9,3,5,1,2,201e39aa350d5b03f2266de2c12fe6a40e63f8de4406834d41e750701b872181,3,553,Table 1,184.502
E,c.396312T.C,…,10,2,8,0,0,201e39aa350d5b03f2266de2c12fe6a40e63f8de4406834d41e750701b872181,3,553,Table 1,197.502
F,c.4145G.T,p.Ser1382Ile,9,3,5,1,1,201e39aa350d5b03f2266de2c12fe6a40e63f8de4406834d41e750701b872181,3,553,Table 1,210.501
G,c.2516T.C,p.Leu839Pro,5,4,1,0,0,201e39aa350d5b03f2266de2c12fe6a40e63f8de4406834d41e750701b872181,3,553,Table 1,223.501
H,c.2254G.A,p.Gly752.Arg,6,4,2,0,0,201e39aa350d5b03f2266de2c12fe6a40e63f8de4406834d41e750701b872181,3,553,Table 1,236.501
I,c.1983–1993dup,p.Ala665GlyfsX16,9,6,2,1,1,201e39aa350d5b03f2266de2c12fe6a40e63f8de4406834d41e750701b872181,3,553,Table 1,249.501
J,c.1603C.T,p.Arg535X,9,5,4,0,0,201e39aa350d5b03f2266de2c12fe6a40e63f8de4406834d41e750701b872181,3,553,Table 1,262.501
K,c.3667delG,p.Ala1223ProfsX7,5,3,2,0,0,201e39aa350d5b03f2266de2c12fe6a40e63f8de4406834d41e750701b872181,3,553,Table 1,275.5
L,,p.1570-Phe1571insIle,11,6,4,1,0,201e39aa350d5b03f2266de2c12fe6a40e63f8de4406834d41e750701b872181,3,553,Table 1,288.5
M,c.481G.A,p.Glu161Lys,11,7,4,0,1,201e39aa350d5b03f2266de2c12fe6a40e63f8de4406834d41e750701b872181,3,553,Table 1,301.5
