scorer,n_variants,n_high,auc,auc_ci_lower,auc_ci_upper
clinvar_ordinal,25,22,0.803030303030303,0.6041666666666666,0.9375
clinvar_plp_binary,25,22,0.8409090909090909,0.7380952380952381,0.9318181818181818
alphamissense_missense_only,25,22,0.8939393939393939,0.7377819548872181,1.0
insilico_posterior_mean_in_sample_LEAKY,37,33,0.4015151515151515,0.05310457516339869,0.7591517857142857
base_oof_prior,37,33,0.7121212121212122,0.38321428571428573,0.9285714285714286
class_oof_prior,37,33,0.7954545454545454,0.6439393939393939,0.9331011730205279
insilico_oof_prior,37,33,0.9166666666666666,0.75,1.0
clinvar_oof_prior,37,33,0.8333333333333334,0.5243181818181818,1.0
insilico_clinvar_oof_prior,37,33,0.9318181818181818,0.7727272727272727,1.0
