key,pmid,affected,n,study_design,ascertainment,anchor,vidx,genotype_first,af_z,n_merged,ascertained_prob
A174V,28012402,2.0,2.0,case_series,proband_referral,False,49,False,2.188817944309103,1,0.7606979713965512
A180V,28934671,1.0,2.0,family_segregation,proband_referral,False,70,False,-0.4912654535487643,1,0.9033245974597396
A251T,29666556,2.0,2.0,cohort_population,population_screening,False,71,True,0.46134850555172663,1,0.44219488159101494
A98V,25575005,8.0,11.0,case_control,unknown,False,2,False,4.708532349824637,1,0.53314365118569
A98V,34393998,2.0,2.0,case_series,proband_referral,False,2,False,4.708532349824637,1,0.53314365118569
A98V,37219942,13.0,13.0,case_series,proband_referral,False,2,False,4.708532349824637,1,0.53314365118569
A98V,39005520,20.0,20.0,cross-sectional,proband_referral,False,2,False,4.708532349824637,1,0.53314365118569
D135fs,30269055,3.0,3.0,case_report,family_cascade,False,39,True,-0.4912654535487643,1,0.5350029501664767
D77N,34496959,2.0,2.0,case_series,proband_referral,False,77,False,0.5898122779471581,1,0.8605433315894743
E132K,14575972,3.0,3.0,case_series,proband_referral,False,50,False,-0.4912654535487643,1,0.9033245974597396
E230_C236del,33472798,3.0,3.0,case_report,proband_referral,False,51,False,-0.4912654535487643,1,0.9033245974597396
E48K,9867222,2.0,3.0,family_segregation,proband_referral,False,52,False,1.7888052970201904,1,0.7901128330003838
E508K,20705777,2.0,2.0,family_segregation,family_cascade,False,1,True,2.639382561765906,1,0.2535488182988692
E508K,24915262,52.0,64.0,case_control,population_screening,False,1,True,2.639382561765906,1,0.2535488182988692
F268L,20132997,2.0,2.0,case_series,proband_referral,False,78,False,-0.4912654535487643,1,0.9033245974597396
G191D,9287053,2.0,2.0,case_series,unknown,False,79,False,-0.4912654535487643,1,0.9033245974597396
G253E,31673528,2.0,2.0,family_segregation,proband_referral,False,30,False,-0.4912654535487643,1,0.9033245974597396
G253E,36584766,3.0,3.0,case_series,proband_referral,False,30,False,-0.4912654535487643,1,0.9033245974597396
G288W,29666556,1.0,2.0,cohort_population,population_screening,False,53,True,1.6749259966935397,1,0.32927277504635194
G288fs,36208030,4.0,23.0,cohort_population,population_screening,False,6,True,-0.4912654535487643,1,0.5350029501664767
G292fs,30814848,4.0,4.0,family_segregation,proband_referral,False,3,False,-0.4912654535487643,1,0.9033245974597396
G292fs,31166087,7.0,7.0,case_series,family_cascade,False,3,True,-0.4912654535487643,1,0.5350029501664767
G292fs,35737141,3.0,3.0,cohort_population,proband_referral,False,3,False,-0.4912654535487643,1,0.9033245974597396
G292fs,35822264,2.0,2.0,cohort_population,proband_referral,False,3,False,-0.4912654535487643,1,0.9033245974597396
G292fs,35894830,2.0,2.0,case_series,family_cascade,False,3,True,-0.4912654535487643,1,0.5350029501664767
G292fs,36068963,2.0,2.0,case_series,proband_referral,False,3,False,-0.4912654535487643,1,0.9033245974597396
G292fs,37396188,2.0,2.0,case_series,proband_referral,False,3,False,-0.4912654535487643,1,0.9033245974597396
G292fs,41262822,4.0,4.0,case_series,proband_referral,False,3,False,-0.4912654535487643,1,0.9033245974597396
G319S,12453961,21.0,21.0,case_series,proband_referral,False,7,False,0.8122146600283457,1,0.8494581693196024
G31D,22432108,1.0,2.0,cohort_population,proband_referral,False,9,False,2.880015904626514,1,0.7036385724379148
G31D,31365591,1.0,2.0,cohort_population,proband_referral,False,9,False,2.880015904626514,1,0.7036385724379148
G31D,35822264,2.0,2.0,cohort_population,proband_referral,False,9,False,2.880015904626514,1,0.7036385724379148
G55fs,14598263,3.0,4.0,family_segregation,family_cascade,False,40,True,-0.4912654535487643,1,0.5350029501664767
G574S,19228875,3.0,3.0,case_series,proband_referral,False,41,False,-0.4912654535487643,1,0.9033245974597396
H126D,34035238,2.0,2.0,functional_invitro,proband_referral,False,81,False,-0.4912654535487643,1,0.9033245974597396
H582R,36208030,1.0,9.0,cohort_population,population_screening,False,14,True,1.5277023411864457,1,0.34211073265242237
I213T,19169489,3.0,3.0,case_series,proband_referral,False,24,False,-0.4912654535487643,1,0.9033245974597396
I213T,28012402,3.0,3.0,case_series,proband_referral,False,24,False,-0.4912654535487643,1,0.9033245974597396
I27L,20172480,31.0,31.0,case_series,unknown,False,0,False,5.975948318782396,1,0.4215489703042515
I27L,28116330,38.0,61.0,case_series,proband_referral,False,0,False,5.975948318782396,1,0.4215489703042515
K198fs,23679181,1.0,2.0,case_report,proband_referral,False,84,False,-0.4912654535487643,1,0.9033245974597396
K540fs,33242514,2.0,2.0,case_series,proband_referral,False,85,False,-0.4912654535487643,1,0.9033245974597396
L107I,23139355,3.0,3.0,case_control,proband_referral,False,25,False,-0.4912654535487643,1,0.9033245974597396
L107I,23607861,3.0,3.0,case_series,proband_referral,False,25,False,-0.4912654535487643,1,0.9033245974597396
L383fs,36178555,2.0,2.0,case_series,proband_referral,False,86,False,-0.4912654535487643,1,0.9033245974597396
L422P,36208030,1.0,5.0,cohort_population,population_screening,False,31,True,0.20781019028180578,1,0.46702336044468373
M1?,37197360,2.0,2.0,case_report,proband_referral,False,87,False,-0.4912654535487643,1,0.9033245974597396
P112L,39311780,2.0,2.0,case_report,proband_referral,False,32,False,0.20785468534452586,1,0.8776505940248862
P112fs,41767394,2.0,2.0,case_series,proband_referral,False,56,False,-0.4912654535487643,1,0.9033245974597396
P291S,20132997,2.0,2.0,case_series,proband_referral,False,90,False,2.3119066676304536,1,0.7510813964026349
P291fs,15001650,6.0,18.0,family_segregation,family_cascade,False,4,True,-0.4912654535487643,1,0.5350029501664767
P291fs,30259503,1.0,3.0,case_series,proband_referral,False,4,False,-0.4912654535487643,1,0.9033245974597396
P291fs,32741144,2.0,2.0,case_series,proband_referral,False,4,False,-0.4912654535487643,1,0.9033245974597396
P291fs,40608360,3.0,3.0,case_series,proband_referral,False,4,False,-0.4912654535487643,1,0.9033245974597396
P292fs,32550823,5.0,5.0,case_series,unknown,False,33,False,-0.4912654535487643,1,0.9033245974597396
P379A,23139355,3.0,3.0,case_control,proband_referral,False,26,False,2.15852426813671,1,0.7630251548158228
P379A,23607861,2.0,2.0,case_series,proband_referral,False,26,False,2.15852426813671,1,0.7630251548158228
P379H,36208030,0.0,2.0,cohort_population,population_screening,False,91,True,1.50806830911919,1,0.3438454666567145
P379R,29666556,2.0,2.0,cohort_population,population_screening,False,58,True,0.46142861396968465,1,0.4421870595714447
P379S,36208030,2.0,7.0,cohort_population,population_screening,False,10,True,1.3220467021416313,1,0.3605299610031769
P379S,37396188,4.0,4.0,case_series,proband_referral,False,10,False,1.3220467021416313,1,0.8206968904416334
P379fs,20132997,2.0,2.0,case_series,proband_referral,False,11,False,-0.4912654535487643,1,0.9033245974597396
P379fs,35122907,2.0,2.0,cohort_population,proband_referral,False,11,False,-0.4912654535487643,1,0.9033245974597396
P379fs,37197360,2.0,2.0,case_report,proband_referral,False,11,False,-0.4912654535487643,1,0.9033245974597396
P475L,36208030,3.0,8.0,cohort_population,population_screening,False,15,True,1.508509173737992,1,0.3438064578326932
P519L,36584766,2.0,2.0,case_series,proband_referral,False,59,False,0.46140165582163783,1,0.8665595947453849
P588A,27142837,4.0,4.0,family_segregation,proband_referral,False,43,False,-0.4912654535487643,1,0.9033245974597396
Q125del,34462253,2.0,2.0,case_series,proband_referral,False,92,False,-0.4912654535487643,1,0.9033245974597396
Q9_L12dup,19169489,2.0,2.0,case_series,proband_referral,False,28,False,-0.4912654535487643,1,0.9033245974597396
Q9_L12dup,28012402,3.0,3.0,case_series,proband_referral,False,28,False,-0.4912654535487643,1,0.9033245974597396
R131Q,23139355,2.0,2.0,case_control,proband_referral,False,12,False,0.20747571645965432,1,0.8776664135166133
R131Q,23607861,2.0,2.0,case_series,proband_referral,False,12,False,0.20747571645965432,1,0.8776664135166133
R131Q,28012402,3.0,3.0,case_series,proband_referral,False,12,False,0.20747571645965432,1,0.8776664135166133
R131Q,35551682,1.0,2.0,case_report,proband_referral,False,12,False,0.20747571645965432,1,0.8776664135166133
R131W,36504295,2.0,2.0,,,False,13,False,-0.4912654535487643,1,0.9033245974597396
R131W,36567880,5.0,5.0,family_segregation,proband_referral,False,13,False,-0.4912654535487643,1,0.9033245974597396
R159Q,33242514,2.0,2.0,case_series,proband_referral,False,16,False,-0.4912654535487643,1,0.9033245974597396
R159W,28012402,2.0,2.0,case_series,proband_referral,False,44,False,0.20749988737751818,1,0.8776654046036486
R171X,36178555,2.0,2.0,case_series,proband_referral,False,45,False,-0.4912654535487643,1,0.9033245974597396
R200G,20132997,2.0,2.0,case_series,proband_referral,False,94,False,-0.4912654535487643,1,0.9033245974597396
R200Q,39676784,2.0,2.0,case_series,proband_referral,False,46,False,0.4615810930285923,1,0.8665513789622205
R200W,17440016,2.0,2.0,cohort_population,proband_referral,False,17,False,-0.4912654535487643,1,0.9033245974597396
R200W,37396188,2.0,2.0,case_series,proband_referral,False,17,False,-0.4912654535487643,1,0.9033245974597396
R229Q,36208030,2.0,2.0,cohort_population,population_screening,False,18,True,-0.4912654535487643,1,0.5350029501664767
R229Q,36504295,2.0,2.0,,,False,18,False,-0.4912654535487643,1,0.9033245974597396
R229Q,36584766,2.0,2.0,case_series,proband_referral,False,18,False,-0.4912654535487643,1,0.9033245974597396
R229X,14598263,2.0,3.0,family_segregation,family_cascade,False,8,True,0.558745347953407,1,0.43270189985234037
R229X,28012402,4.0,4.0,case_series,proband_referral,False,8,False,0.558745347953407,1,0.862024186482212
R229X,29666556,2.0,2.0,cohort_population,population_screening,False,8,True,0.558745347953407,1,0.43270189985234037
R263H,28012402,2.0,2.0,case_series,proband_referral,False,34,False,-0.4912654535487643,1,0.9033245974597396
R263L,12712243,2.0,2.0,family_segregation,proband_referral,False,96,False,-0.4912654535487643,1,0.9033245974597396
R271G,35466084,2.0,2.0,case_report,proband_referral,False,97,False,-0.4912654535487643,1,0.9033245974597396
R271Q,36208030,2.0,2.0,cohort_population,population_screening,False,19,True,0.5630349600383497,1,0.4322846778410476
R271Q,41614819,2.0,4.0,case_series,proband_referral,False,19,False,0.5630349600383497,1,0.8618206841977718
R271W,32741144,2.0,2.0,case_series,proband_referral,False,20,False,-0.4912654535487643,1,0.9033245974597396
R271W,35592779,2.0,2.0,case_series,proband_referral,False,20,False,-0.4912654535487643,1,0.9033245974597396
R272H,21648289,2.0,2.0,case_report,proband_referral,False,5,False,-0.4912654535487643,1,0.9033245974597396
R272H,21823540,2.0,2.0,case_report,proband_referral,False,5,False,-0.4912654535487643,1,0.9033245974597396
R272H,29439679,2.0,2.0,cohort_population,proband_referral,False,5,False,-0.4912654535487643,1,0.9033245974597396
R272H,31483937,5.0,5.0,family_segregation,family_cascade,False,5,True,-0.4912654535487643,1,0.5350029501664767
R272H,37396188,2.0,2.0,case_series,proband_referral,False,5,False,-0.4912654535487643,1,0.9033245974597396
R272H,9796880,5.0,5.0,case_series,unknown,False,5,False,-0.4912654535487643,1,0.9033245974597396
R54X,32741144,2.0,2.0,case_series,proband_referral,False,21,False,-0.4912654535487643,1,0.9033245974597396
R54X,33477506,2.0,2.0,case_series,proband_referral,False,21,False,-0.4912654535487643,1,0.9033245974597396
R54X,41938318,3.0,3.0,case_report,proband_referral,False,21,False,-0.4912654535487643,1,0.9033245974597396
S225fs,11806470,4.0,4.0,family_segregation,proband_referral,False,35,False,-0.4912654535487643,1,0.9033245974597396
S247fs,36178555,2.0,2.0,case_series,proband_referral,False,100,False,-0.4912654535487643,1,0.9033245974597396
S353fs,20682686,7.0,7.0,case_series,proband_referral,False,22,False,-0.4912654535487643,1,0.9033245974597396
S6R,29222740,3.0,4.0,case_report,proband_referral,False,36,False,-0.4912654535487643,1,0.9033245974597396
T10M,36723869,3.0,3.0,cohort_population,proband_referral,False,37,False,1.029455506242942,1,0.8377855646673797
T521I,12488962,2.0,2.0,case_series,family_cascade,False,102,True,-0.4912654535487643,1,0.5350029501664767
T589fs,27142837,4.0,4.0,family_segregation,proband_referral,False,38,False,-0.4912654535487643,1,0.9033245974597396
V103M,29439679,3.0,3.0,cohort_population,proband_referral,False,62,False,0.9372576301381675,1,0.8428434331168798
V133E,31576961,2.0,3.0,case_series,proband_referral,False,63,False,-0.4912654535487643,1,0.9033245974597396
V259I,36178555,2.0,2.0,case_series,proband_referral,False,104,False,0.8121222283638521,1,0.8494629557991928
V264fs,31365591,3.0,3.0,cohort_population,proband_referral,False,64,False,-0.4912654535487643,1,0.9033245974597396
V617I,12488962,2.0,2.0,case_series,family_cascade,False,105,True,1.5136898948573676,1,0.3433482498979082
W206R,36584766,4.0,4.0,case_series,proband_referral,False,48,False,-0.4912654535487643,1,0.9033245974597396
Y163X,35592779,2.0,2.0,case_series,proband_referral,False,107,False,-0.4912654535487643,1,0.9033245974597396
c.1533G>A,42472134,2.0,3.0,case_report,proband_referral,False,66,False,0.9095660932830516,1,0.8443324716046564
c.1624-2A>T,36723869,2.0,2.0,cohort_population,proband_referral,False,67,False,-0.4912654535487643,1,0.9033245974597396
c.326+1G>T,36189138,1.0,2.0,case_series,proband_referral,False,108,False,-0.4912654535487643,1,0.9033245974597396
c.526+1G>A,36584766,4.0,4.0,case_series,proband_referral,False,23,False,-0.4912654535487643,1,0.9033245974597396
c.713+2T>A,33477506,2.0,2.0,case_series,proband_referral,False,68,False,-0.4912654535487643,1,0.9033245974597396
I27L,single_carrier_reports,1.0,1.0,merged_single_carrier_reports,,False,0,False,5.975948318782396,1,0.4215489703042515
E508K,single_carrier_reports,2.0,2.0,merged_single_carrier_reports,,False,1,False,2.639382561765906,2,0.7243071781150991
A98V,single_carrier_reports,1.0,1.0,merged_single_carrier_reports,,False,2,False,4.708532349824637,1,0.53314365118569
G292fs,single_carrier_reports,10.0,10.0,merged_single_carrier_reports,,False,3,False,-0.4912654535487643,10,0.9033245974597396
G292fs,single_carrier_reports_genotype_first,2.0,2.0,merged_single_carrier_reports,,False,3,True,-0.4912654535487643,2,0.5350029501664767
P291fs,single_carrier_reports,6.0,6.0,merged_single_carrier_reports,,False,4,False,-0.4912654535487643,6,0.9033245974597396
R272H,single_carrier_reports,9.0,9.0,merged_single_carrier_reports,,False,5,False,-0.4912654535487643,9,0.9033245974597396
G288fs,single_carrier_reports,3.0,3.0,merged_single_carrier_reports,,False,6,False,-0.4912654535487643,3,0.9033245974597396
G319S,single_carrier_reports,1.0,1.0,merged_single_carrier_reports,,False,7,False,0.8122146600283457,1,0.8494581693196024
R229X,single_carrier_reports,3.0,3.0,merged_single_carrier_reports,,False,8,False,0.558745347953407,3,0.862024186482212
G31D,single_carrier_reports,5.0,5.0,merged_single_carrier_reports,,False,9,False,2.880015904626514,5,0.7036385724379148
P379fs,single_carrier_reports,4.0,4.0,merged_single_carrier_reports,,False,11,False,-0.4912654535487643,4,0.9033245974597396
R131Q,single_carrier_reports,1.0,1.0,merged_single_carrier_reports,,False,12,False,0.20747571645965432,1,0.8776664135166133
R131W,single_carrier_reports,2.0,2.0,merged_single_carrier_reports,,False,13,False,-0.4912654535487643,2,0.9033245974597396
R131W,single_carrier_reports_genotype_first,1.0,1.0,merged_single_carrier_reports,,False,13,True,-0.4912654535487643,1,0.5350029501664767
P475L,single_carrier_reports,1.0,1.0,merged_single_carrier_reports,,False,15,False,1.508509173737992,1,0.8089706203299165
R159Q,single_carrier_reports,5.0,5.0,merged_single_carrier_reports,,False,16,False,-0.4912654535487643,5,0.9033245974597396
R200W,single_carrier_reports,2.0,2.0,merged_single_carrier_reports,,False,17,False,-0.4912654535487643,2,0.9033245974597396
R200W,single_carrier_reports_genotype_first,0.0,1.0,merged_single_carrier_reports,,False,17,True,-0.4912654535487643,1,0.5350029501664767
R229Q,single_carrier_reports,1.0,1.0,merged_single_carrier_reports,,False,18,False,-0.4912654535487643,1,0.9033245974597396
R271Q,single_carrier_reports,1.0,1.0,merged_single_carrier_reports,,False,19,False,0.5630349600383497,1,0.8618206841977718
R271W,single_carrier_reports,3.0,3.0,merged_single_carrier_reports,,False,20,False,-0.4912654535487643,3,0.9033245974597396
c.526+1G>A,single_carrier_reports,2.0,2.0,merged_single_carrier_reports,,False,23,False,-0.4912654535487643,2,0.9033245974597396
c.526+1G>A,single_carrier_reports_genotype_first,1.0,1.0,merged_single_carrier_reports,,False,23,True,-0.4912654535487643,1,0.5350029501664767
P379A,single_carrier_reports,1.0,1.0,merged_single_carrier_reports,,False,26,False,2.15852426813671,1,0.7630251548158228
P447L,single_carrier_reports,6.0,6.0,merged_single_carrier_reports,,False,27,False,0.7678956224621898,6,0.8517358777585711
Q9_L12dup,single_carrier_reports,1.0,1.0,merged_single_carrier_reports,,False,28,False,-0.4912654535487643,1,0.9033245974597396
R203H,single_carrier_reports,6.0,6.0,merged_single_carrier_reports,,False,29,False,0.5583950833741987,6,0.8620407896088038
P112L,single_carrier_reports,3.0,3.0,merged_single_carrier_reports,,False,32,False,0.20785468534452586,3,0.8776505940248862
R263H,single_carrier_reports,3.0,3.0,merged_single_carrier_reports,,False,34,False,-0.4912654535487643,3,0.9033245974597396
S225fs,single_carrier_reports,1.0,1.0,merged_single_carrier_reports,,False,35,False,-0.4912654535487643,1,0.9033245974597396
S6R,single_carrier_reports,1.0,1.0,merged_single_carrier_reports,,False,36,False,-0.4912654535487643,1,0.9033245974597396
T10M,single_carrier_reports,1.0,1.0,merged_single_carrier_reports,,False,37,False,1.029455506242942,1,0.8377855646673797
T10M,single_carrier_reports_genotype_first,1.0,1.0,merged_single_carrier_reports,,False,37,True,1.029455506242942,1,0.38759175903030474
T589fs,single_carrier_reports,1.0,1.0,merged_single_carrier_reports,,False,38,False,-0.4912654535487643,1,0.9033245974597396
D135fs,single_carrier_reports,1.0,1.0,merged_single_carrier_reports,,False,39,False,-0.4912654535487643,1,0.9033245974597396
G574S,single_carrier_reports,1.0,1.0,merged_single_carrier_reports,,False,41,False,-0.4912654535487643,1,0.9033245974597396
P379T,single_carrier_reports,4.0,4.0,merged_single_carrier_reports,,False,42,False,1.2759870024203865,4,0.8234927822699433
R159W,single_carrier_reports,2.0,2.0,merged_single_carrier_reports,,False,44,False,0.20749988737751818,2,0.8776654046036486
R171X,single_carrier_reports,2.0,2.0,merged_single_carrier_reports,,False,45,False,-0.4912654535487643,2,0.9033245974597396
R200Q,single_carrier_reports,2.0,2.0,merged_single_carrier_reports,,False,46,False,0.4615810930285923,2,0.8665513789622205
T260M,single_carrier_reports,4.0,4.0,merged_single_carrier_reports,,False,47,False,0.21176636278354552,4,0.877487177651888
A174V,single_carrier_reports,1.0,1.0,merged_single_carrier_reports,,False,49,False,2.188817944309103,1,0.7606979713965512
G288W,single_carrier_reports,1.0,1.0,merged_single_carrier_reports,,False,53,False,1.6749259966935397,1,0.7979519945835801
G47R,single_carrier_reports,3.0,3.0,merged_single_carrier_reports,,False,54,False,-0.4912654535487643,3,0.9033245974597396
N237D,single_carrier_reports,3.0,3.0,merged_single_carrier_reports,,False,55,False,-0.4912654535487643,3,0.9033245974597396
P112fs,single_carrier_reports,1.0,1.0,merged_single_carrier_reports,,False,56,False,-0.4912654535487643,1,0.9033245974597396
P289fs,single_carrier_reports,2.0,2.0,merged_single_carrier_reports,,False,57,False,-0.4912654535487643,2,0.9033245974597396
P289fs,single_carrier_reports_genotype_first,1.0,1.0,merged_single_carrier_reports,,False,57,True,-0.4912654535487643,1,0.5350029501664767
P379R,single_carrier_reports,1.0,1.0,merged_single_carrier_reports,,False,58,False,0.46142861396968465,1,0.8665583604627249
P519L,single_carrier_reports,1.0,1.0,merged_single_carrier_reports,,False,59,False,0.46140165582163783,1,0.8665595947453849
R203C,single_carrier_reports,3.0,3.0,merged_single_carrier_reports,,False,60,False,0.20760927814806399,3,0.8776608384351022
R272C,single_carrier_reports,3.0,3.0,merged_single_carrier_reports,,False,61,False,-0.4912654535487643,3,0.9033245974597396
V380fs,single_carrier_reports,3.0,3.0,merged_single_carrier_reports,,False,65,False,-0.4912654535487643,3,0.9033245974597396
c.1624-2A>T,single_carrier_reports,1.0,1.0,merged_single_carrier_reports,,False,67,False,-0.4912654535487643,1,0.9033245974597396
c.713+2T>A,single_carrier_reports,1.0,1.0,merged_single_carrier_reports,,False,68,False,-0.4912654535487643,1,0.9033245974597396
A116V,single_carrier_reports,2.0,2.0,merged_single_carrier_reports,,False,69,False,0.20767795329282263,2,0.8776579717162746
A276D,single_carrier_reports,2.0,2.0,merged_single_carrier_reports,,False,72,False,0.5640075373363401,2,0.8617745013419164
A301T,single_carrier_reports,2.0,2.0,merged_single_carrier_reports,,False,73,False,1.4360075900375222,2,0.8136079249488604
A559fs,single_carrier_reports,2.0,2.0,merged_single_carrier_reports,,False,74,False,-0.4912654535487643,2,0.9033245974597396
C241G,single_carrier_reports,2.0,2.0,merged_single_carrier_reports,,False,75,False,-0.4912654535487643,2,0.9033245974597396
D135N,single_carrier_reports,2.0,2.0,merged_single_carrier_reports,,False,76,False,-0.4912654535487643,2,0.9033245974597396
G207D,single_carrier_reports,2.0,2.0,merged_single_carrier_reports,,False,80,False,-0.4912654535487643,2,0.9033245974597396
I618M,single_carrier_reports,2.0,2.0,merged_single_carrier_reports,,False,82,False,1.3680584628434975,2,0.8178641334407788
K120E,single_carrier_reports,2.0,2.0,merged_single_carrier_reports,,False,83,False,-0.4912654535487643,2,0.9033245974597396
N237S,single_carrier_reports,2.0,2.0,merged_single_carrier_reports,,False,88,False,-0.4912654535487643,2,0.9033245974597396
P129T,single_carrier_reports,2.0,2.0,merged_single_carrier_reports,,False,89,False,-0.4912654535487643,2,0.9033245974597396
Q176X,single_carrier_reports,1.0,1.0,merged_single_carrier_reports,,False,93,False,0.20952993516201324,1,0.8775806367254655
Q176X,single_carrier_reports_genotype_first,0.0,1.0,merged_single_carrier_reports,,False,93,True,0.20952993516201324,1,0.4668546765033697
R263C,single_carrier_reports,2.0,2.0,merged_single_carrier_reports,,False,95,False,0.2119568048813585,2,0.8774792156214064
R583G,single_carrier_reports,2.0,2.0,merged_single_carrier_reports,,False,98,False,0.46138162883911976,2,0.8665605116758979
S142F,single_carrier_reports,2.0,2.0,merged_single_carrier_reports,,False,99,False,-0.4912654535487643,2,0.9033245974597396
T354M,single_carrier_reports,2.0,2.0,merged_single_carrier_reports,,False,101,False,1.6748860856711398,2,0.7979546994996412
T620I,single_carrier_reports,2.0,2.0,merged_single_carrier_reports,,False,103,False,-0.4912654535487643,2,0.9033245974597396
W165R,single_carrier_reports,2.0,2.0,merged_single_carrier_reports,,False,106,False,-0.4912654535487643,2,0.9033245974597396
A15V,single_carrier_reports,1.0,1.0,merged_single_carrier_reports,,False,109,False,-0.4912654535487643,1,0.9033245974597396
A203H,single_carrier_reports,1.0,1.0,merged_single_carrier_reports,,False,110,False,-0.4912654535487643,1,0.9033245974597396
A239V,single_carrier_reports,1.0,1.0,merged_single_carrier_reports,,False,111,False,2.1539313430521245,1,0.7633766015044181
A25P,single_carrier_reports,1.0,1.0,merged_single_carrier_reports,,False,112,False,-0.4912654535487643,1,0.9033245974597396
A311D,single_carrier_reports,1.0,1.0,merged_single_carrier_reports,,False,113,False,0.6474705326938537,1,0.85775153728672
A367V,single_carrier_reports,1.0,1.0,merged_single_carrier_reports,,False,114,False,-0.4912654535487643,1,0.9033245974597396
A544T,single_carrier_reports,1.0,1.0,merged_single_carrier_reports,,False,115,False,-0.4912654535487643,1,0.9033245974597396
D602N,single_carrier_reports,1.0,1.0,merged_single_carrier_reports,,False,116,False,-0.4912654535487643,1,0.9033245974597396
D80V,single_carrier_reports,1.0,1.0,merged_single_carrier_reports,,False,117,False,0.2367384331435269,1,0.8764383622095854
E234X,single_carrier_reports,1.0,1.0,merged_single_carrier_reports,,False,118,False,-0.4912654535487643,1,0.9033245974597396
E240V,single_carrier_reports,1.0,1.0,merged_single_carrier_reports,,False,119,False,-0.4912654535487643,1,0.9033245974597396
E275del,single_carrier_reports_genotype_first,1.0,1.0,merged_single_carrier_reports,,False,120,True,-0.4912654535487643,1,0.5350029501664767
E32X,single_carrier_reports,1.0,1.0,merged_single_carrier_reports,,False,121,False,-0.4912654535487643,1,0.9033245974597396
E332X,single_carrier_reports,1.0,1.0,merged_single_carrier_reports,,False,122,False,-0.4912654535487643,1,0.9033245974597396
E332fs,single_carrier_reports,1.0,1.0,merged_single_carrier_reports,,False,123,False,-0.4912654535487643,1,0.9033245974597396
E48D,single_carrier_reports,1.0,1.0,merged_single_carrier_reports,,False,124,False,0.4615148703942501,1,0.8665544111196974
E48fs,single_carrier_reports,1.0,1.0,merged_single_carrier_reports,,False,125,False,-0.4912654535487643,1,0.9033245974597396
E508X,single_carrier_reports,1.0,1.0,merged_single_carrier_reports,,False,126,False,-0.4912654535487643,1,0.9033245974597396
E548G,single_carrier_reports,1.0,1.0,merged_single_carrier_reports,,False,127,False,-0.4912654535487643,1,0.9033245974597396
E619K,single_carrier_reports,1.0,1.0,merged_single_carrier_reports,,False,128,False,0.8121838513493232,1,0.8494597647324682
F268fs,single_carrier_reports,1.0,1.0,merged_single_carrier_reports,,False,129,False,-0.4912654535487643,1,0.9033245974597396
G151S,single_carrier_reports_genotype_first,1.0,1.0,merged_single_carrier_reports,,False,130,True,-0.4912654535487643,1,0.5350029501664767
G199R,single_carrier_reports,1.0,1.0,merged_single_carrier_reports,,False,131,False,-0.4912654535487643,1,0.9033245974597396
G20A,single_carrier_reports,1.0,1.0,merged_single_carrier_reports,,False,132,False,-0.4912654535487643,1,0.9033245974597396
G606S,single_carrier_reports,1.0,1.0,merged_single_carrier_reports,,False,133,False,1.466337732693165,1,0.81168002080109
H143P,single_carrier_reports_genotype_first,1.0,1.0,merged_single_carrier_reports,,False,134,True,-0.4912654535487643,1,0.5350029501664767
H143Y,single_carrier_reports,1.0,1.0,merged_single_carrier_reports,,False,135,False,-0.4912654535487643,1,0.9033245974597396
H483R,single_carrier_reports,1.0,1.0,merged_single_carrier_reports,,False,136,False,-0.4912654535487643,1,0.9033245974597396
H514fs,single_carrier_reports,1.0,1.0,merged_single_carrier_reports,,False,137,False,-0.4912654535487643,1,0.9033245974597396
H577D,single_carrier_reports,1.0,1.0,merged_single_carrier_reports,,False,138,False,2.069705405490813,1,0.7697561570195471
IVS7-6G>A,single_carrier_reports,1.0,1.0,merged_single_carrier_reports,,False,139,False,-0.4912654535487643,1,0.9033245974597396
K120N,single_carrier_reports,1.0,1.0,merged_single_carrier_reports,,False,140,False,-0.4912654535487643,1,0.9033245974597396
K150N,single_carrier_reports,1.0,1.0,merged_single_carrier_reports,,False,141,False,-0.4912654535487643,1,0.9033245974597396
K205E,single_carrier_reports,1.0,1.0,merged_single_carrier_reports,,False,142,False,-0.4912654535487643,1,0.9033245974597396
K205Q,single_carrier_reports,1.0,1.0,merged_single_carrier_reports,,False,143,False,-0.4912654535487643,1,0.9033245974597396
L12H,single_carrier_reports,1.0,1.0,merged_single_carrier_reports,,False,144,False,-0.4912654535487643,1,0.9033245974597396
L162P,single_carrier_reports,1.0,1.0,merged_single_carrier_reports,,False,145,False,-0.4912654535487643,1,0.9033245974597396
L17H,single_carrier_reports,1.0,1.0,merged_single_carrier_reports,,False,146,False,0.8127265797151312,1,0.8494316573409376
L214Q,single_carrier_reports,1.0,1.0,merged_single_carrier_reports,,False,147,False,-0.4912654535487643,1,0.9033245974597396
L281Q,single_carrier_reports,1.0,1.0,merged_single_carrier_reports,,False,148,False,-0.4912654535487643,1,0.9033245974597396
L30P,single_carrier_reports,1.0,1.0,merged_single_carrier_reports,,False,149,False,-0.4912654535487643,1,0.9033245974597396
L377fs,single_carrier_reports,1.0,1.0,merged_single_carrier_reports,,False,150,False,-0.4912654535487643,1,0.9033245974597396
L44fs,single_carrier_reports,1.0,1.0,merged_single_carrier_reports,,False,151,False,-0.4912654535487643,1,0.9033245974597396
L551S,single_carrier_reports,1.0,1.0,merged_single_carrier_reports,,False,152,False,-0.4912654535487643,1,0.9033245974597396
L555F,single_carrier_reports,0.0,1.0,merged_single_carrier_reports,,False,153,False,0.5647698130011508,1,0.8617382935250869
L57M,single_carrier_reports,1.0,1.0,merged_single_carrier_reports,,False,154,False,0.46166116463969337,1,0.8665477126007651
L584fs,single_carrier_reports,1.0,1.0,merged_single_carrier_reports,,False,155,False,-0.4912654535487643,1,0.9033245974597396
L611P,single_carrier_reports,1.0,1.0,merged_single_carrier_reports,,False,156,False,-0.4912654535487643,1,0.9033245974597396
M490R,single_carrier_reports,1.0,1.0,merged_single_carrier_reports,,False,157,False,-0.4912654535487643,1,0.9033245974597396
N127del,single_carrier_reports,1.0,1.0,merged_single_carrier_reports,,False,158,False,-0.4912654535487643,1,0.9033245974597396
N237K,single_carrier_reports,1.0,1.0,merged_single_carrier_reports,,False,159,False,-0.4912654535487643,1,0.9033245974597396
N270S,single_carrier_reports,1.0,1.0,merged_single_carrier_reports,,False,160,False,-0.4912654535487643,1,0.9033245974597396
N270T,single_carrier_reports,1.0,1.0,merged_single_carrier_reports,,False,161,False,-0.4912654535487643,1,0.9033245974597396
N62S,single_carrier_reports,1.0,1.0,merged_single_carrier_reports,,False,162,False,2.090990979238694,1,0.7681556825894397
P291R,single_carrier_reports,0.0,1.0,merged_single_carrier_reports,,False,163,False,1.7969549457366536,1,0.7895425782029437
P291T,single_carrier_reports,1.0,1.0,merged_single_carrier_reports,,False,164,False,0.8121414863529014,1,0.8494619585563243
P33L,single_carrier_reports,1.0,1.0,merged_single_carrier_reports,,False,165,False,-0.4912654535487643,1,0.9033245974597396
P379F,single_carrier_reports_genotype_first,1.0,1.0,merged_single_carrier_reports,,False,166,True,-0.4912654535487643,1,0.5350029501664767
P611L,single_carrier_reports,1.0,1.0,merged_single_carrier_reports,,False,167,False,-0.4912654535487643,1,0.9033245974597396
Q124X,single_carrier_reports,1.0,1.0,merged_single_carrier_reports,,False,168,False,-0.4912654535487643,1,0.9033245974597396
Q125H,single_carrier_reports,1.0,1.0,merged_single_carrier_reports,,False,169,False,-0.4912654535487643,1,0.9033245974597396
Q125X,single_carrier_reports,1.0,1.0,merged_single_carrier_reports,,False,170,False,-0.4912654535487643,1,0.9033245974597396
Q324X,single_carrier_reports,1.0,1.0,merged_single_carrier_reports,,False,171,False,-0.4912654535487643,1,0.9033245974597396
Q398X,single_carrier_reports,1.0,1.0,merged_single_carrier_reports,,False,172,False,-0.4912654535487643,1,0.9033245974597396
Q444fs,single_carrier_reports,1.0,1.0,merged_single_carrier_reports,,False,173,False,-0.4912654535487643,1,0.9033245974597396
Q463X,single_carrier_reports,1.0,1.0,merged_single_carrier_reports,,False,174,False,-0.4912654535487643,1,0.9033245974597396
Q466X,single_carrier_reports_genotype_first,1.0,1.0,merged_single_carrier_reports,,False,175,True,-0.4912654535487643,1,0.5350029501664767
Q486X,single_carrier_reports,1.0,1.0,merged_single_carrier_reports,,False,176,False,0.21194041202321118,1,0.877479900998348
Q495X,single_carrier_reports,1.0,1.0,merged_single_carrier_reports,,False,177,False,-0.4912654535487643,1,0.9033245974597396
Q511L,single_carrier_reports,1.0,1.0,merged_single_carrier_reports,,False,178,False,-0.4912654535487643,1,0.9033245974597396
Q541X,single_carrier_reports,1.0,1.0,merged_single_carrier_reports,,False,179,False,-0.4912654535487643,1,0.9033245974597396
Q561X,single_carrier_reports_genotype_first,1.0,1.0,merged_single_carrier_reports,,False,180,True,-0.4912654535487643,1,0.5350029501664767
R131G,single_carrier_reports,1.0,1.0,merged_single_carrier_reports,,False,181,False,-0.4912654535487643,1,0.9033245974597396
R159fs,single_carrier_reports,1.0,1.0,merged_single_carrier_reports,,False,182,False,-0.4912654535487643,1,0.9033245974597396
R171G,single_carrier_reports,1.0,1.0,merged_single_carrier_reports,,False,183,False,-0.4912654535487643,1,0.9033245974597396
R203G,single_carrier_reports,1.0,1.0,merged_single_carrier_reports,,False,184,False,-0.4912654535487643,1,0.9033245974597396
R229P,single_carrier_reports,1.0,1.0,merged_single_carrier_reports,,False,185,False,-0.4912654535487643,1,0.9033245974597396
R238K,single_carrier_reports,1.0,1.0,merged_single_carrier_reports,,False,186,False,-0.4912654535487643,1,0.9033245974597396
S247T,single_carrier_reports,1.0,1.0,merged_single_carrier_reports,,False,187,False,-0.4912654535487643,1,0.9033245974597396
S249X,single_carrier_reports,1.0,1.0,merged_single_carrier_reports,,False,188,False,-0.4912654535487643,1,0.9033245974597396
S345fs,single_carrier_reports,1.0,1.0,merged_single_carrier_reports,,False,189,False,-0.4912654535487643,1,0.9033245974597396
S393fs,single_carrier_reports,1.0,1.0,merged_single_carrier_reports,,False,190,False,-0.4912654535487643,1,0.9033245974597396
S3C,single_carrier_reports_genotype_first,1.0,1.0,merged_single_carrier_reports,,False,191,True,-0.4912654535487643,1,0.5350029501664767
S451G,single_carrier_reports_genotype_first,1.0,1.0,merged_single_carrier_reports,,False,192,True,-0.4912654535487643,1,0.5350029501664767
S487N,single_carrier_reports,1.0,1.0,merged_single_carrier_reports,,False,193,False,5.950433919231028,1,0.42362727292761115
S498R,single_carrier_reports,1.0,1.0,merged_single_carrier_reports,,False,194,False,0.7820341696887417,1,0.8510130100786568
S581G,single_carrier_reports,1.0,1.0,merged_single_carrier_reports,,False,195,False,-0.4912654535487643,1,0.9033245974597396
S594I,single_carrier_reports,1.0,1.0,merged_single_carrier_reports,,False,196,False,-0.4912654535487643,1,0.9033245974597396
T10R,single_carrier_reports_genotype_first,0.0,1.0,merged_single_carrier_reports,,False,197,True,-0.4912654535487643,1,0.5350029501664767
T156M,single_carrier_reports,1.0,1.0,merged_single_carrier_reports,,False,198,False,1.6105429369506845,1,0.8022766228372871
T196A,single_carrier_reports,1.0,1.0,merged_single_carrier_reports,,False,199,False,2.350193472219122,1,0.7480385601377219
T260S,single_carrier_reports,1.0,1.0,merged_single_carrier_reports,,False,200,False,-0.4912654535487643,1,0.9033245974597396
T343fs,single_carrier_reports,1.0,1.0,merged_single_carrier_reports,,False,201,False,-0.4912654535487643,1,0.9033245974597396
T392fs,single_carrier_reports,1.0,1.0,merged_single_carrier_reports,,False,202,False,-0.4912654535487643,1,0.9033245974597396
T425_T429del,single_carrier_reports,1.0,1.0,merged_single_carrier_reports,,False,203,False,-0.4912654535487643,1,0.9033245974597396
T492I,single_carrier_reports,1.0,1.0,merged_single_carrier_reports,,False,204,False,-0.4912654535487643,1,0.9033245974597396
T515K,single_carrier_reports,1.0,1.0,merged_single_carrier_reports,,False,205,False,1.573354922181687,1,0.8047390692833629
T515M,single_carrier_reports_genotype_first,1.0,1.0,merged_single_carrier_reports,,False,206,True,1.0223209623382086,1,0.38826263999301763
T547fs,single_carrier_reports_genotype_first,1.0,1.0,merged_single_carrier_reports,,False,207,True,-0.4912654535487643,1,0.5350029501664767
V133L,single_carrier_reports,1.0,1.0,merged_single_carrier_reports,,False,208,False,-0.4912654535487643,1,0.9033245974597396
V134I,single_carrier_reports,1.0,1.0,merged_single_carrier_reports,,False,209,False,0.4613284764656693,1,0.86656294521238
V246G,single_carrier_reports_genotype_first,1.0,1.0,merged_single_carrier_reports,,False,210,True,-0.4912654535487643,1,0.5350029501664767
V259F,single_carrier_reports,1.0,1.0,merged_single_carrier_reports,,False,211,False,-0.4912654535487643,1,0.9033245974597396
V264A,single_carrier_reports,1.0,1.0,merged_single_carrier_reports,,False,212,False,-0.4912654535487643,1,0.9033245974597396
V379F,single_carrier_reports,1.0,1.0,merged_single_carrier_reports,,False,213,False,-0.4912654535487643,1,0.9033245974597396
V462fs,single_carrier_reports_genotype_first,1.0,1.0,merged_single_carrier_reports,,False,214,True,-0.4912654535487643,1,0.5350029501664767
V567I,single_carrier_reports,1.0,1.0,merged_single_carrier_reports,,False,215,False,1.1292802734819758,1,0.832133875123149
V590M,single_carrier_reports,1.0,1.0,merged_single_carrier_reports,,False,216,False,0.8121299316474153,1,0.8494625568982769
V590fs,single_carrier_reports,1.0,1.0,merged_single_carrier_reports,,False,217,False,-0.4912654535487643,1,0.9033245974597396
W113X,single_carrier_reports,1.0,1.0,merged_single_carrier_reports,,False,218,False,-0.4912654535487643,1,0.9033245974597396
W267R,single_carrier_reports,1.0,1.0,merged_single_carrier_reports,,False,219,False,-0.4912654535487643,1,0.9033245974597396
Y218C,single_carrier_reports,1.0,1.0,merged_single_carrier_reports,,False,220,False,-0.4912654535487643,1,0.9033245974597396
Y286C,single_carrier_reports,1.0,1.0,merged_single_carrier_reports,,False,221,False,-0.4912654535487643,1,0.9033245974597396
c.1108-2A>G,single_carrier_reports,1.0,1.0,merged_single_carrier_reports,,False,222,False,-0.4912654535487643,1,0.9033245974597396
c.1501+1G>T,single_carrier_reports,1.0,1.0,merged_single_carrier_reports,,False,223,False,-0.4912654535487643,1,0.9033245974597396
c.1502-6G>A,single_carrier_reports,1.0,1.0,merged_single_carrier_reports,,False,224,False,-0.4912654535487643,1,0.9033245974597396
c.1623+1G>T,single_carrier_reports,1.0,1.0,merged_single_carrier_reports,,False,225,False,-0.4912654535487643,1,0.9033245974597396
c.283A>T,single_carrier_reports,1.0,1.0,merged_single_carrier_reports,,False,226,False,-0.4912654535487643,1,0.9033245974597396
c.422_423insT,single_carrier_reports,1.0,1.0,merged_single_carrier_reports,,False,227,False,-0.4912654535487643,1,0.9033245974597396
c.526+1G>T,single_carrier_reports,1.0,1.0,merged_single_carrier_reports,,False,228,False,-0.4912654535487643,1,0.9033245974597396
c.942delC,single_carrier_reports,1.0,1.0,merged_single_carrier_reports,,False,229,False,-0.4912654535487643,1,0.9033245974597396
c.955+1G>A,single_carrier_reports,1.0,1.0,merged_single_carrier_reports,,False,230,False,-0.4912654535487643,1,0.9033245974597396
c.955+1G>T,single_carrier_reports,1.0,1.0,merged_single_carrier_reports,,False,231,False,-0.4912654535487643,1,0.9033245974597396
c.956-2A>G,single_carrier_reports,1.0,1.0,merged_single_carrier_reports,,False,232,False,-0.4912654535487643,1,0.9033245974597396
