variant,pmid,carriers,affected,unaffected
M1,32893267,1,1,0
C34X,32893267,1,1,0
E39X,32893267,1,1,0
A46T,32893267,1,1,0
Y51LFS*234,32893267,1,1,0
Y51,32893267,1,1,0
Y51,32893267,2,2,0
A58P,32893267,1,1,0
P61T,32893267,1,1,0
P67RFS*19,32893267,1,1,0
P67RFS*214,32893267,1,1,0
D78H,32893267,1,1,0
V100CFS*137,32893267,1,1,0
Q107X,32893267,1,1,0
Q107H,32893267,1,1,0
Y111C,32893267,9,9,0
E115A,32893267,1,1,0
E115G,32893267,1,1,0
P117L,32893267,1,1,0
G119R,32893267,3,3,0
G119V,32893267,1,1,0
C122LFS*163,32893267,1,1,0
C122Y,32893267,1,1,0
H126D,32893267,2,2,0
A128del,32893267,1,1,0
L137F,32893267,1,1,0
S143P,32893267,1,1,0
S143F,32893267,1,1,0
Y148X,32893267,1,1,0
W158DFS*126,32893267,1,1,0
M159del,32893267,2,2,0
E160del,32893267,1,1,0
V162M,32893267,1,1,0
L163RFS*74,32893267,1,1,0
G168R,32893267,10,10,0
T169RFS*68,32893267,1,1,0
Y171X,32893267,3,3,0
R174C,32893267,2,2,0
R174H,32893267,3,3,0
S177F,32893267,1,1,0
A178T,32893267,4,4,0
G179SFS*62,32893267,1,1,0
A178_W188DEL,32893267,1,1,0
G179S,32893267,1,1,0
S182LFS*105,32893267,1,1,0
K183R,32893267,1,1,0
Y184D,32893267,1,1,0
Y184S,32893267,7,7,0
V185_L187DEL,32893267,2,2,0
G189R,32893267,1,1,0
R190AFS*95,32893267,1,1,0
G189E,32893267,4,4,0
R190W,32893267,19,19,0
R190L,32893267,1,1,0
R190Q,32893267,15,15,0
R192CFS*91,32893267,4,4,0
K196SFS*41,32893267,1,1,0
I201del,32893267,2,2,0
D202N,32893267,2,2,0
I204F,32893267,1,1,0
I204M,32893267,3,3,0
V205M,32893267,1,1,0
V207_V212DEL,32893267,1,1,0
V215L,32893267,1,1,0
V215M,32893267,1,1,0
Q220RFS*17,32893267,1,1,0
F222VFS*16,32893267,1,1,0
S225L,32893267,15,15,0
A226V,32893267,1,1,0
R231C,32893267,16,16,0
R231H,32893267,1,1,0
I235N,32893267,1,1,0
L236Q,32893267,1,1,0
H240P,32893267,1,1,0
D242N,32893267,4,4,0
R243S,32893267,1,1,0
R243C,32893267,8,8,0
R243H,32893267,8,8,0
G245V,32893267,1,1,0
T247I,32893267,1,1,0
W248R,32893267,1,1,0
W248F,32893267,1,1,0
L250H,32893267,1,1,0
L251P,32893267,3,3,0
V254M,32893267,25,25,0
V254L,32893267,3,3,0
H258R,32893267,1,1,0
H258P,32893267,2,2,0
R259C,32893267,12,12,0
R259L,32893267,2,2,0
E261L,32893267,2,2,0
E261K,32893267,4,4,0
L262P,32893267,1,1,0
L262R,32893267,1,1,0
T265I,32893267,1,1,0
L266P,32893267,4,4,0
I268V,32893267,1,1,0
G269S,32893267,17,17,0
G269D,32893267,1,1,0
G272V,32893267,1,1,0
L273F,32893267,4,4,0
L273V,32893267,1,1,0
F275del,32893267,1,1,0
S277del,32893267,5,5,0
S277W,32893267,1,1,0
S277L,32893267,10,10,0
V280A,32893267,2,2,0
V280E,32893267,1,1,0
Y281C,32893267,1,1,0
L282P,32893267,1,1,0
A287S,32893267,1,1,0
V288WFS*60,32893267,3,3,0
E290K,32893267,1,1,0
R293C,32893267,2,2,0
F296S,32893267,5,5,0
F296L,32893267,1,1,0
S298I,32893267,1,1,0
A300T,32893267,2,2,0
A302T,32893267,1,1,0
L303P,32893267,1,1,0
W305S,32893267,3,3,0
W305X,32893267,1,1,0
G306R,32893267,3,3,0
V307WFS*47,32893267,1,1,0
V308F,32893267,1,1,0
T309R,32893267,1,1,0
T311A,32893267,1,1,0
T312del,32893267,1,1,0
T312I,32893267,2,2,0
G314S,32893267,13,13,0
G314D,32893267,1,1,0
Y315H,32893267,1,1,0
Y315N,32893267,1,1,0
Y315C,32893267,13,13,0
Y315S,32893267,4,4,0
G316R,32893267,1,1,0
G316E,32893267,5,5,0
D317N,32893267,5,5,0
D317Y,32893267,1,1,0
D317G,32893267,1,1,0
V319L,32893267,1,1,0
P320A,32893267,1,1,0
P320H,32893267,2,2,0
T322A,32893267,2,2,0
T322K,32893267,2,2,0
T322M,32893267,13,13,0
G325R,32893267,18,18,0
G325W,32893267,1,1,0
C331X,32893267,1,1,0
S333CFS*129,32893267,1,1,0
V334A,32893267,1,1,0
S338F,32893267,2,2,0
F339S,32893267,3,3,0
F340del,32893267,6,6,0
A341E,32893267,1,1,0
L342F,32893267,1,1,0
L342F,32893267,2,2,0
L342P,32893267,1,1,0
P343S,32893267,2,2,0
P343R,32893267,1,1,0
P343L,32893267,1,1,0
A344E,32893267,11,11,0
A344V,32893267,7,7,0
G345R,32893267,1,1,0
G350W,32893267,1,1,0
G350V,32893267,3,3,0
F351VFS*112,32893267,1,1,0
L353P,32893267,2,2,0
Q356X,32893267,6,6,0
K362del,32893267,1,1,0
K362R,32893267,1,1,0
H363N,32893267,2,2,0
F364S,32893267,1,1,0
R366W,32893267,17,17,0
R366Q,32893267,7,7,0
Q367H,32893267,1,1,0
S373P,32893267,1,1,0
L374F,32893267,1,1,0
I375RFS*43,32893267,5,5,0
Q376PFS*42,32893267,1,1,0
W379R,32893267,2,2,0
W379X,32893267,2,2,0
R380S,32893267,1,1,0
E385X,32893267,1,1,0
T391I,32893267,1,1,0
W392R,32893267,2,2,0
K420N,32893267,1,1,0
K421,32893267,1,1,0
K422,32893267,1,1,0
K422NFS*41,32893267,1,1,0
K422SFS*10,32893267,1,1,0
F423VFS*40,32893267,1,1,0
E449RFS*14,32893267,1,1,0
P448QFS*18,32893267,3,3,0
E449RFS*14,32893267,2,2,0
R451W,32893267,1,1,0
R451Q,32893267,1,1,0
Y461X,32893267,1,1,0
M476L,32893267,1,1,0
F479L,32893267,1,1,0
L496AFS*19,32893267,2,2,0
E508X,32893267,1,1,0
I514T,32893267,6,6,0
I517T,32893267,1,1,0
R518G,32893267,4,4,0
R518X,32893267,8,8,0
R519H,32893267,1,1,0
M520R,32893267,1,1,0
V524G,32893267,6,6,0
A525V,32893267,5,5,0
Q530X,32893267,4,4,0
Y536X,32893267,2,2,0
R539W,32893267,12,12,0
R539L,32893267,1,1,0
R539Q,32893267,1,1,0
S546L,32893267,7,7,0
S546W,32893267,1,1,0
V554CFS*39,32893267,1,1,0
R555C,32893267,5,5,0
R555H,32893267,6,6,0
L559P,32893267,1,1,0
D564H,32893267,2,2,0
Q565SFS*28,32893267,1,1,0
S566F,32893267,5,5,0
I567T,32893267,4,4,0
I567S,32893267,1,1,0
G568R,32893267,2,2,0
P570L,32893267,4,4,0
L572CFS*21,32893267,1,1,0
V576QFS*16,32893267,1,1,0
E578V,32893267,1,1,0
R583C,32893267,1,1,0
R583H,32893267,4,4,0
N586D,32893267,1,1,0
T587M,32893267,15,15,0
T587R,32893267,1,1,0
G589D,32893267,2,2,0
A590T,32893267,2,2,0
R591C,32893267,1,1,0
R591H,32893267,17,17,0
R591L,32893267,1,1,0
R594X,32893267,3,3,0
R594Q,32893267,11,11,0
K598R,32893267,2,2,0
Q601X,32893267,2,2,0
D603TFS*63,32893267,1,1,0
D603AFS*63,32893267,1,1,0
D611Y,32893267,2,2,0
G621D,32893267,1,1,0
P631HFS*14,32893267,1,1,0
R632EFS*34,32893267,1,1,0
R632QFS*20,32893267,1,1,0
Y51X,30758498,1,1,0
Y111C,30758498,1,1,0
P117L,30758498,5,5,0
H126P,30758498,2,2,0
R147H,30758498,2,2,0
G168R,30758498,8,8,0
R174C,30758498,7,7,0
R174H,30758498,1,0,0
S177T,30758498,2,0,0
A178T,30758498,5,5,0
A178-G189DEL,30758498,1,0,1
G186D,30758498,2,0,2
G189A,30758498,2,1,1
G189R,30758498,2,2,0
R190W,30758498,2,1,1
R190Q,30758498,3,3,0
F193L,30758498,0,0,0
P197S,30758498,0,0,0
G219fsX,30758498,0,0,0
S225L,30758498,0,0,0
A226V,30758498,3,3,0
R231C,30758498,1,1,0
R237P,30758498,1,1,0
D242N,30758498,0,0,0
R243C,30758498,5,5,0
R243H,30758498,0,0,0
W248F,30758498,1,1,0
L250H,30758498,2,2,0
V254M,30758498,22,22,0
H258P,30758498,3,3,0
R259C,30758498,2,2,0
E261L,30758498,0,0,0
G269C,30758498,1,1,0
G269S,30758498,6,6,0
G272D,30758498,0,0,0
G272V,30758498,2,2,0
S277L,30758498,3,3,0
G306R,30758498,0,0,0
T311A,30758498,2,1,1
I313K,30758498,8,8,0
G314S,30758498,5,5,0
G314A,30758498,1,1,0
Y315C,30758498,2,2,0
G316E,30758498,1,1,0
D317Y,30758498,2,2,0
P320R,30758498,1,1,0
T322M,30758498,0,0,0
T322M,30758498,0,0,0
G325R,30758498,5,5,0
G325E,30758498,2,2,0
K326E,30758498,1,1,0
F339S,30758498,0,0,0
F340del,30758498,2,2,0
A341V,30758498,23,23,0
A341E,30758498,1,0,0
P343L,30758498,2,2,0
A344E,30758498,0,0,0
A344V,30758498,1,1,0
A344A,30758498,23,23,0
L347R,30758498,1,0,0
K358_Q359DEL,30758498,1,1,0
Q361_K362INSRQ,30758498,1,1,0
R366W,30758498,3,3,0
R366P,30758498,3,3,0
R366Q,30758498,2,0,0
A371T,30758498,1,0,0
K422T,30758498,3,3,0
M437V,30758498,0,0,0
R451Q,30758498,1,1,0
T461X,30758498,1,1,0
I517T,30758498,3,0,0
R518G,30758498,4,4,0
R518X,30758498,1,0,1
R519H,30758498,1,0,0
Q521-Y522DELT,30758498,1,0,0
A525V,30758498,6,6,0
R539W,30758498,1,1,0
Y545C,30758498,4,0,0
V554G,30758498,1,1,0
R555C,30758498,1,1,0
R555H,30758498,1,0,0
I556N,30758498,1,1,0
Q560L,30758498,1,1,0
R561S,30758498,3,0,0
I567T,30758498,1,1,0
L572fsX,30758498,1,1,0
T587M,30758498,20,20,0
R591H,30758498,3,3,0
R594Q,30758498,3,0,0
K598R,30758498,0,0,0
L602P,30758498,0,0,0
D603fsX,30758498,1,0,0
D611Y,30758498,5,5,0
P631fsX,30758498,3,0,0
Y315H,24667783,1,1,0
I328_S330DEL,24667783,1,1,0
D454TFS*7,24667783,3,1,2
Y522X,24667783,1,1,0
P73T,24667783,2,1,1
V254M,24667783,3,3,0
A300T,24667783,2,0,0
G168R,24667783,2,1,1
S349X,24667783,1,1,0
G306R,24667783,1,1,0
R366W,24667783,1,1,0
R555H,24667783,1,1,0
F339S,24667783,3,3,0
P67RFS*214,24667783,2,2,0
R366Q,24667783,1,1,0
Y111C,24667783,1,1,0
A46T,23631430,2,0,0
C122LFSX16,23631430,1,0,0
L151GFSX133,23631430,1,0,0
G168R,23631430,6,0,0
W176X,23631430,1,0,0
L187P,23631430,1,0,0
R190W,23631430,1,0,0
R190Q,23631430,4,0,0
R192CFSX91,23631430,2,0,0
R192C,23631430,1,0,0
V205M,23631430,1,0,0
R231H,23631430,2,0,0
D242N,23631430,2,0,0
D242Y,23631430,1,0,0
V254M,23631430,3,0,0
R259L,23631430,1,0,0
E261D,23631430,1,0,0
L266CFSX23,23631430,1,0,0
L266P,23631430,7,0,0
G269S,23631430,3,0,0
G269D,23631430,2,0,0
L273F,23631430,2,0,0
E284K,23631430,1,0,0
A287T,23631430,1,0,0
A300T,23631430,1,0,0
A302V,23631430,2,0,0
W305X,23631430,1,0,0
T312I,23631430,3,0,0
G314S,23631430,1,0,0
Y315C,23631430,4,0,0
D317N,23631430,1,0,0
T322A,23631430,1,0,0
T322M,23631430,1,0,0
W323X,23631430,1,0,0
G325R,23631430,1,0,0
A341E,23631430,2,0,0
P343S,23631430,1,0,0
A344V,23631430,2,0,0
G350V,23631430,1,0,0
Q356X,23631430,1,0,0
Q359X,23631430,1,0,0
K362R,23631430,1,0,0
R366W,23631430,4,0,0
L374H,23631430,1,0,0
R397W,23631430,1,0,0
R401PFSX62,23631430,1,0,0
T513S,23631430,1,0,0
R518X,23631430,5,0,0
R518Q,23631430,1,0,0
R539W,23631430,3,0,0
S546L,23631430,2,0,0
R555C,23631430,3,0,0
R555H,23631430,1,0,0
R555C,23631430,1,0,0
R562S,23631430,1,0,0
R562SFSX31,23631430,1,0,0
S566Y,23631430,1,0,0
S566F,23631430,2,0,0
I567F,23631430,1,0,0
G568R,23631430,4,0,0
T587M,23631430,1,0,0
R591C,23631430,1,0,0
R591H,23631430,1,0,0
R594X,23631430,1,0,0
R594Q,23631430,4,0,0
T600M,23631430,1,0,0
I609N,23631430,1,0,0
T624A,23631430,1,0,0
R632QFSX20,23631430,2,0,0
P73T,22949429,1,1,0
V110I,22949429,1,0,1
C122Y,22949429,1,1,0
V129I,22949429,1,0,1
E160K,22949429,1,1,0
G168R,22949429,3,3,0
R181C,22949429,1,0,1
Y184S,22949429,3,3,0
G168R,22949429,1,1,0
G189E,22949429,1,1,0
R190Q,22949429,1,1,0
R195Q,22949429,1,0,1
I204F,22949429,1,1,0
V207M,22949429,2,0,2
V215M,22949429,1,1,0
S225L,22949429,2,2,0
I235N,22949429,2,2,0
R243C,22949429,2,2,0
V254M,22949429,2,2,0
R259C,22949429,1,1,0
R259L,22949429,1,1,0
L266P,22949429,5,5,0
G272D,22949429,1,1,0
L273F,22949429,3,3,0
L273R,22949429,1,1,0
R293H,22949429,1,0,1
G297S,22949429,1,0,1
A300T,22949429,1,0,1
W304R,22949429,1,1,0
W305R,22949429,1,1,0
T312I,22949429,1,1,0
G314D,22949429,1,1,0
G314S,22949429,4,4,0
Y315F,22949429,1,1,0
P320H,22949429,1,1,0
T322A,22949429,1,1,0
G325R,22949429,2,2,0
F335L,22949429,1,0,1
A341E,22949429,1,1,0
A341V,22949429,1,1,0
P343L,22949429,1,1,0
L353P,22949429,1,1,0
K362R,22949429,1,1,0
R366W,22949429,2,2,0
R380S,22949429,1,1,0
K393N,22949429,3,0,3
R397W,22949429,1,1,0
P408A,22949429,9,0,9
D428G,22949429,1,0,1
P441S,22949429,1,0,1
P448R,22949429,29,0,29
R451Q,22949429,1,0,1
R452Q,22949429,1,0,1
R519H,22949429,1,0,1
M520R,22949429,1,1,0
V524G,22949429,6,6,0
A525T,22949429,1,1,0
R539W,22949429,6,6,0
S546L,22949429,2,2,0
R555H,22949429,2,2,0
S566F,22949429,1,1,0
I567S,22949429,1,1,0
G568R,22949429,1,1,0
T587M,22949429,1,1,0
A590T,22949429,1,1,0
R591C,22949429,1,1,0
R591H,22949429,1,1,0
R594Q,22949429,3,3,0
L619M,22949429,1,1,0
G621S,22949429,1,0,1
G643S,22949429,32,0,32
V648I,22949429,9,0,9
Y111C,21129503,170,26,0
D202H,20421371,0,0,0
D202N,20421371,0,0,0
I204F,20421371,0,0,0
I204M,20421371,0,0,0
V205M,20421371,0,0,0
S209F,20421371,0,0,0
V215M,20421371,0,0,0
Y51X,19841300,1,1,0
73-73 DEL AAP,19841300,1,1,0
I54ins,19841300,1,0,1
P73T,19841300,1,1,0
V110I,19841300,1,0,1
C122Y,19841300,1,1,0
V129I,19841300,1,0,1
M159X,19841300,2,2,0
E160K,19841300,1,1,0
V162FS/72,19841300,1,1,0
G168R,19841300,3,3,0
R181C,19841300,1,0,1
Y184S,19841300,3,3,0
G186R,19841300,1,1,0
G189E,19841300,1,1,0
R190Q,19841300,1,1,0
L191FS/90,19841300,2,2,0
R195Q,19841300,1,0,1
I204F,19841300,1,1,0
V207M,19841300,2,0,2
V215M,19841300,1,1,0
S225L,19841300,2,2,0
R228X,19841300,1,1,0
I235N,19841300,2,2,0
R243C,19841300,2,2,0
V254M,19841300,2,2,0
R259C,19841300,1,1,0
R259L,19841300,1,1,0
L266P,19841300,5,5,0
G272D,19841300,1,1,0
L273F,19841300,3,3,0
L273R,19841300,1,1,0
S276del,19841300,1,1,0
V288FS/60,19841300,1,1,0
R293H,19841300,1,0,1
G297S,19841300,1,0,1
A300T,19841300,1,0,1
W304R,19841300,1,1,0
W305R,19841300,1,1,0
T312I,19841300,1,1,0
G314D,19841300,1,1,0
G314S,19841300,4,4,0
Y315F,19841300,1,1,0
P320H,19841300,1,1,0
T322A,19841300,1,1,0
G325R,19841300,2,2,0
339DELF,19841300,1,1,0
A341E,19841300,1,1,0
A341V,19841300,1,1,0
P343L,19841300,1,1,0
A344X,19841300,5,5,0
L353P,19841300,1,1,0
Q359X,19841300,1,1,0
K362R,19841300,1,1,0
R366W,19841300,2,2,0
R380S,19841300,1,1,0
392INSW,19841300,1,1,0
K393N,19841300,3,0,3
R397W,19841300,1,1,0
P408A,19841300,9,0,9
K422FS/9,19841300,1,1,0
D428G,19841300,1,0,1
P441S,19841300,1,0,1
P448FS/13,19841300,1,1,0
P448R,19841300,29,0,29
R451Q,19841300,1,0,1
R452Q,19841300,1,0,1
Q505X,19841300,1,1,0
R518X,19841300,2,2,0
R519H,19841300,1,0,1
M520R,19841300,1,1,0
V524G,19841300,6,6,0
A525T,19841300,1,1,0
Y536X,19841300,1,1,0
R539W,19841300,6,6,0
S546L,19841300,2,2,0
R555H,19841300,2,2,0
S566F,19841300,1,1,0
I567S,19841300,1,1,0
G568R,19841300,3,3,0
T587M,19841300,1,1,0
A590T,19841300,1,1,0
R591C,19841300,1,1,0
R591H,19841300,1,1,0
R594Q,19841300,3,3,0
614DELH,19841300,1,1,0
L619M,19841300,1,1,0
G621S,19841300,1,0,1
G643S,19841300,32,0,32
V648I,19841300,9,0,9
A2V,19716085,1,1,0
P7S,19716085,1,1,0
F36fsX,19716085,1,1,0
A46T,19716085,2,2,0
Y51X,19716085,1,1,0
A58fsX,19716085,1,1,0
64_70DELPASPAAP,19716085,3,3,0
S66F,19716085,1,1,0
S66fsX,19716085,1,1,0
P73T,19716085,4,4,0
G80fsX,19716085,1,1,0
V91fsX,19716085,1,1,0
Y111C,19716085,5,5,0
P117L,19716085,1,1,0
K121fsX,19716085,2,2,0
F127L,19716085,1,1,0
V133I,19716085,1,1,0
L134P,19716085,1,1,0
L134fsX,19716085,1,1,0
T144A,19716085,1,1,0
A150fsX,19716085,1,1,0
T153M,19716085,1,1,0
E160V,19716085,1,1,0
V162M,19716085,1,1,0
V162fsX,19716085,1,1,0
G168R,19716085,15,15,0
G168R,19716085,4,4,0
G168fsX,19716085,1,1,0
Y171X,19716085,1,1,0
V172M,19716085,2,2,0
R174C,19716085,1,1,0
R174H,19716085,1,1,0
R174fsX,19716085,1,1,0
A178T,19716085,1,1,0
G179S,19716085,2,2,0
Y184H,19716085,1,1,0
G186R,19716085,1,1,0
W188X,19716085,1,1,0
R190Q,19716085,3,3,0
R190L,19716085,1,1,0
R195W,19716085,2,2,0
R195fsX,19716085,4,4,0
I198V,19716085,1,1,0
S199A,19716085,1,1,0
D202N,19716085,1,1,0
I204M,19716085,1,1,0
V215M,19716085,1,1,0
T224M,19716085,1,1,0
S225L,19716085,8,8,0
R231C,19716085,1,1,0
R231H,19716085,1,1,0
I235N,19716085,2,2,0
V241G,19716085,1,1,0
D242N,19716085,4,4,0
D242fsX,19716085,1,1,0
R243C,19716085,1,1,0
L250P,19716085,1,1,0
V254M,19716085,10,10,0
R259C,19716085,5,5,0
H258fsX,19716085,1,1,0
R259L,19716085,1,1,0
E261Q,19716085,1,1,0
E261X,19716085,1,1,0
L262V,19716085,1,1,0
T265fsX,19716085,3,3,0
L266P,19716085,30,30,0
I268S,19716085,1,1,0
G269S,19716085,10,10,0
G269D,19716085,4,4,0
G272D,19716085,1,1,0
L273F,19716085,7,7,0
I274V,19716085,1,1,0
S277P,19716085,1,1,0
S277L,19716085,2,2,0
V280E,19716085,1,1,0
Y281C,19716085,1,1,0
L282P,19716085,1,1,0
A283G,19716085,2,2,0
A287fsX,19716085,2,2,0
G292D,19716085,1,1,0
R293C,19716085,4,4,0
A302V,19716085,1,1,0
A302E,19716085,1,1,0
L303P,19716085,1,1,0
W305R,19716085,1,1,0
W305S,19716085,1,1,0
W305X,19716085,1,1,0
G306R,19716085,1,1,0
G306R,19716085,1,1,0
T312I,19716085,2,2,0
G314S,19716085,7,7,0
G314C,19716085,1,1,0
Y315C,19716085,4,4,0
G316V,19716085,1,1,0
P320S,19716085,1,1,0
T322A,19716085,2,2,0
T322M,19716085,4,4,0
G325R,19716085,6,6,0
F339Y,19716085,1,1,0
340DELF,19716085,1,1,0
A341E,19716085,4,4,0
A341V,19716085,8,8,0
A341G,19716085,1,1,0
L342F,19716085,2,2,0
P343L,19716085,1,1,0
A344V,19716085,1,1,0
A344A,19716085,10,10,0
S349X,19716085,1,1,0
G350R,19716085,1,1,0
F351S,19716085,1,1,0
K354R,19716085,1,1,0
Q356X,19716085,1,1,0
Q359X,19716085,4,4,0
R360M,19716085,2,2,0
K362R,19716085,5,5,0
N365H,19716085,1,1,0
R366W,19716085,8,8,0
R366Q,19716085,1,1,0
L374H,19716085,1,1,0
W379G,19716085,1,1,0
E385K,19716085,1,1,0
S389P,19716085,1,1,0
391DUPS,19716085,1,1,0
393DUPW,19716085,3,3,0
R397W,19716085,3,3,0
K398R,19716085,1,1,0
K398fsX,19716085,1,1,0
P400fsX,19716085,1,1,0
K421fsX,19716085,2,2,0
D446E,19716085,2,2,0
P448L,19716085,1,1,0
R451W,19716085,1,1,0
G460S,19716085,1,1,0
P477L,19716085,1,1,0
E487fsX,19716085,1,1,0
T495fsX,19716085,1,1,0
Q505X,19716085,1,1,0
R511W,19716085,1,1,0
R518X,19716085,24,24,0
R518Q,19716085,1,1,0
M520R,19716085,3,3,0
Y522S,19716085,1,1,0
V524G,19716085,1,1,0
A525T,19716085,1,1,0
A525V,19716085,1,1,0
Q530X,19716085,10,10,0
Q531X,19716085,2,2,0
R533W,19716085,2,2,0
R539W,19716085,6,6,0
R539Q,19716085,1,1,0
V541I,19716085,1,1,0
E543K,19716085,1,1,0
S546L,19716085,4,4,0
Q547R,19716085,1,1,0
R555S,19716085,1,1,0
R555C,19716085,4,4,0
R555H,19716085,1,1,0
K557E,19716085,1,1,0
S566P,19716085,1,1,0
S566F,19716085,5,5,0
S566Y,19716085,2,2,0
I567T,19716085,3,3,0
G568R,19716085,7,7,0
K569E,19716085,1,1,0
S571L,19716085,1,1,0
T587M,19716085,2,2,0
G589D,19716085,1,1,0
R591C,19716085,1,1,0
R591H,19716085,7,7,0
R594Q,19716085,15,15,0
R594P,19716085,1,1,0
596DELE,19716085,1,1,0
E596K,19716085,1,1,0
K598K,19716085,2,2,0
T600M,19716085,3,3,0
D603fsX,19716085,1,1,0
D611N,19716085,1,1,0
614DELH,19716085,1,1,0
G626S,19716085,1,1,0
P631fsX,19716085,1,1,0
G635R,19716085,2,2,0
Y662X,19716085,1,1,0
G643S,17016049,140,0,140
P448R,17016049,141,0,141
R519H,17016049,139,0,139
