gene,variant_normalized,pmid,row_count
KCNH2,R176W,19160088,2
KCNH2,A490T,,2
KCNH2,A561T,,2
KCNH2,A561V,,3
KCNH2,A614T,,2
KCNH2,A614V,,4
KCNH2,D501N,,2
KCNH2,D837N,,2
KCNH2,E58K,,2
KCNH2,E978X,,2
KCNH2,F22Y,,2
KCNH2,F617L,,2
KCNH2,G1031fsX,,4
KCNH2,S239fsX,,2
KCNH2,Q391X,,2
KCNH2,G572S,,3
KCNH2,G601S,,3
KCNH2,G604S,,3
KCNH2,G628S,,4
KCNH2,G873fsX,,3
KCNH2,G924fsX,,2
KCNH2,T152fsX,,4
KCNH2,H402R,,2
KCNH2,K638del,,2
KCNH2,L622F,,2
KCNH2,L717P,,2
KCNH2,L987fsX,,3
KCNH2,M645I,,2
KCNH2,M645V,,2
KCNH2,N629S,,2
KCNH2,N633S,,5
KCNH2,P1030fsX,,3
KCNH2,P114S,,2
KCNH2,P151fsX,,3
KCNH2,P334L,,2
KCNH2,P347S,,3
KCNH2,P605L,,2
KCNH2,P926fsX,,3
KCNH2,Q664X,,2
KCNH2,R100G,,2
KCNH2,R1014X,,3
KCNH2,R1032fsX,,4
KCNH2,R1035fsX,,6
KCNH2,R176W,,3
KCNH2,R242fsX,,2
KCNH2,R312del,,2
KCNH2,R328C,,2
KCNH2,R366X,,3
KCNH2,R397fsX,,6
KCNH2,R528W,,2
KCNH2,R534C,,3
KCNH2,R582C,,3
KCNH2,R582L,,2
KCNH2,R744X,,3
KCNH2,R752W,,2
KCNH2,R823W,,3
KCNH2,R863X,,3
KCNH2,R894fsX,,2
KCNH2,R912fsX,,2
KCNH2,S641F,,2
KCNH2,S818L,,3
KCNH2,T613M,,4
KCNH2,T875fsX,,2
KCNH2,V644F,,2
KCNH2,W853fsX,,2
KCNH2,W927X,,3
KCNH2,Y493C,,3
KCNH2,G806R,,2
KCNH2,L776P,,2
KCNH2,P917L,,2
KCNH2,R148W,,2
KCNH2,S351L,,2
KCNH2,S660L,,2
KCNH2,W1001X,,2
KCNH2,W568C,,2
KCNH2,T443fsX,26496715,2
KCNH2,K897T,14661677,4
KCNH2,L799SP,15840476,2
KCNH2,P151fsX,15840476,2
KCNH2,Q376SP,10973849,2
KCNH2,R1033fsX,15840476,2
KCNH2,R1047L,14661677,2
KCNQ1,Y51,32893267,2
KCNQ1,L342F,32893267,2
KCNQ1,E449RFS*14,32893267,2
KCNQ1,T322M,30758498,2
KCNQ1,V205M,,2
KCNQ1,R555C,23631430,2
KCNQ1,G168R,22949429,2
KCNQ1,G168R,19716085,2
KCNQ1,G306R,19716085,2
KCNQ1,G643S,,2
KCNQ1,D446E,,2
KCNQ1,G168R,,2
KCNQ1,V207L,,2
SCN5A,A1680T,20129283,2
SCN5A,A735V,20129283,4
SCN5A,c.1890+5G>A,20129283,2
SCN5A,c.1936delC,20129283,3
SCN5A,c.2602delC,20129283,2
SCN5A,c.3840+1G>A,20129283,2
SCN5A,c.4437+5G>A,20129283,2
SCN5A,D1243N,20129283,3
SCN5A,D1275N,20129283,2
SCN5A,E1225K,20129283,4
SCN5A,E161K,20129283,2
SCN5A,E746K,20129283,3
SCN5A,G1319V,20129283,2
SCN5A,G1408R,20129283,3
SCN5A,G1661R,20129283,2
SCN5A,G1743E,20129283,2
SCN5A,G1743R,20129283,4
SCN5A,G752R,20129283,2
SCN5A,H558R,14985827,2
SCN5A,I1660V,20129283,2
SCN5A,L1393X,20129283,3
SCN5A,L868X,20129283,2
SCN5A,N927S,20129283,2
SCN5A,P.K1493DEL,20129283,2
SCN5A,P336L,20129283,2
SCN5A,Q1695X,20129283,2
SCN5A,R104Q,20129283,3
SCN5A,R104W,20129283,2
SCN5A,R121Q,20129283,2
SCN5A,R1232W,20129283,3
SCN5A,R1583C,20129283,2
SCN5A,R1623X,20129283,2
SCN5A,R1638X,20129283,2
SCN5A,R225W,20129283,2
SCN5A,R367H,20129283,4
SCN5A,R376H,20129283,3
SCN5A,R526H,20129283,2
SCN5A,R535X,20129283,4
SCN5A,R878H,20129283,5
SCN5A,R893H,20129283,3
SCN5A,R965C,20129283,3
SCN5A,S1672Y,20129283,2
SCN5A,S216L,29017927,2
SCN5A,T1620M,20129283,2
SCN5A,T1709M,20129283,2
SCN5A,T220I,20129283,2
SCN5A,T632M,20129283,2
SCN5A,V1405M,20129283,2
SCN5A,V232I,20129283,2
SCN5A,A1656V,29907895,2
SCN5A,D356N,29325976,2
SCN5A,F2004L,29672598,2
SCN5A,G1743E,29325976,2
RYR2,R169Q,16517285,2
RYR2,V2113M,22677073,2
RYR2,EXON 3 DELETION,19216760,2
RYR2,G3946S,12093772,2
RYR2,S2246L,12093772,2
RYR2,R2267H,17556193,2
RYR2,S4565R,17556193,2
RYR2,S3006R,34393635,2
RYR2,M3695T,33984427,2
RYR2,EXON 19 DELETION,33984427,2
RYR2,EXON 3 DELETION,24394973,2
RYR2,Q2060H,30471092,2
RYR2,Q293P,30471092,2
RYR2,Q3861H,33606749,2
RYR2,IVS,28404607,26
RYR2,11836 G>A,27452199,2
RYR2,11812 A>G,27452199,2
RYR2,6737 C>T,27452199,2
