PMID,PMCID,Supplements_Downloaded
12373604,PMC2376177,1
12698193,PMC2747571,2
12865922,PMC2394252,1
12911837,PMC194219,1
14735197,PMC2409581,1
15026808,PMC2409651,1
15138483,PMC2410282,2
15217494,PMC468616,1
15290653,PMC1182042,1
15475941,PMC2747696,1
16168123,PMC1242149,1
16764716,PMC1586026,1
16825431,PMC2597904,1
16848979,PMC3525166,1
17018160,PMC1617095,1
17233897,PMC1784098,1
17700570,PMC2360390,1
17767707,PMC2001195,1
17945002,PMC2242669,1
17972177,PMC2092410,1
18046629,PMC2253650,1
18199329,PMC2395246,1
18284688,PMC2374975,1
18431501,PMC2295262,1
18431743,PMC2667795,2
18489799,PMC2413254,1
18497862,PMC2375115,1
18547414,PMC2442111,1
18597679,PMC2478678,1
18627636,PMC2575532,1
18783588,PMC2547096,1
18797466,PMC2570522,2
18987736,PMC2603574,2
19046423,PMC2631588,1
19200354,PMC2687711,1
19476645,PMC2694822,1
19563646,PMC2714556,1
19656415,PMC2731042,1
19825178,PMC2766378,1
19942684,PMC2817474,1
19949876,PMC2871096,1
20020529,PMC2852636,1
20234365,PMC2853095,2
20380699,PMC2867795,1
20455026,PMC2921502,1
20492709,PMC2891634,1
20683152,PMC3833328,1
20807450,PMC2940805,1
20932271,PMC3218655,1
20974951,PMC2984219,2
21092294,PMC3004830,1
21232165,PMC3025939,1
21356067,PMC3109589,1
21427728,PMC3078599,1
21504866,PMC3500169,1
21673748,PMC3190263,1
21702907,PMC3146935,1
21719596,PMC3167357,0
21939546,PMC3198910,1
21989022,PMC3207938,1
22144684,PMC3245050,3
22194698,PMC3240595,1
22253860,PMC3256192,1
22430266,PMC3341145,2
22471976,PMC3355023,1
22632462,PMC3446350,1
22666503,PMC3364210,1
22684231,PMC3826381,1
22703186,PMC3409022,1
22713736,PMC3441239,1
22923021,PMC3583621,1
22938532,PMC3534380,1
22977638,PMC3440786,1
23028338,PMC3459953,1
23199084,PMC3405339,1
23318652,PMC3700245,1
23451180,PMC3579815,1
23469205,PMC3586086,1
23519070,PMC3600121,1
23555315,PMC3610631,1
23593081,PMC3625769,1
23683081,PMC3662577,1
23704879,PMC3660339,1
23767878,PMC3686592,1
23776375,PMC3681186,1
23884293,PMC3722564,2
23961350,PMC3725882,1
23964347,PMC3740480,1
24052750,PMC3776670,1
24171766,PMC4228440,1
24302565,PMC4041856,2
24312913,PMC3838820,1
24489791,PMC3904950,1
24489863,PMC3906131,1
24586880,PMC3931810,1
24728327,PMC3984285,1
24830819,PMC4022661,1
24936644,PMC4061038,1
25036526,PMC4103842,1
25136594,PMC4098986,1
25348552,PMC4210867,1
25356972,PMC4439391,2
25374063,PMC4375303,2
25428789,PMC4298662,1
25436004,PMC4246613,1
25712765,PMC4559104,1
25798433,PMC4366872,1
25802882,PMC4367084,1
25859162,PMC4391122,1
25884701,PMC4376165,1
25886519,PMC4391687,1
25916844,PMC4538798,2
25923920,PMC4315159,2
25925750,PMC4478717,1
25927356,PMC4415911,1
25948282,PMC4429836,1
26052229,PMC4454133,1
26109977,PMC4468235,1
26183948,PMC4504066,1
26496279,PMC4620813,1
26543556,PMC4634732,1
26577449,PMC4647511,2
26779294,PMC4714446,1
26824983,PMC4884994,2
26843898,PMC4739084,1
26848529,PMC4891063,2
26852015,PMC4744435,1
26913838,PMC4907813,1
26920070,PMC5062584,2
27067391,PMC4828881,1
27081505,PMC4785545,2
27129401,PMC4850715,1
27148582,PMC4849849,1
27194814,PMC4959927,2
27446417,PMC4950805,1
27490902,PMC4973925,1
27658390,PMC5512368,1
27701467,PMC5049788,1
27907908,PMC5356755,2
27914478,PMC5135756,1
28078281,PMC5203890,1
28111427,PMC5654176,1
28166811,PMC5295186,1
28199346,PMC5310879,1
28202063,PMC5312584,1
28222693,PMC5320733,1
28279176,PMC5345197,1
28339459,PMC5384790,1
28351343,PMC5371242,1
28382102,PMC5378570,1
28392550,PMC5784618,1
28415633,PMC5464838,2
28418854,PMC5503656,1
28419251,PMC5963497,1
28422718,PMC5471017,2
28435519,PMC5369655,2
28480178,PMC5416916,1
28484262,PMC5431517,1
28577564,PMC5457611,1
28591715,PMC5522275,2
28617445,PMC5520920,2
28637432,PMC5480128,2
28651617,PMC5485501,1
28713573,PMC5488221,1
28751759,PMC5572178,1
28814288,PMC5559773,1
28878254,PMC5587568,1
28924235,PMC5603542,1
28944232,PMC5606899,2
28947987,PMC5601155,2
28985766,PMC6389095,1
29021639,PMC5625557,1
29088781,PMC5650336,2
29093439,PMC5666005,1
29093764,PMC5663067,2
29156805,PMC5689695,2
29158857,PMC5683587,1
29215753,PMC5797818,2
29262651,PMC5732817,2
29339979,PMC5761139,1
29387807,PMC5721578,1
29409476,PMC5802063,2
29433453,PMC5809938,2
29460995,PMC5947288,1
29492181,PMC5828315,1
29515789,PMC5839370,2
29551673,PMC5998305,1
29566657,PMC5863855,2
29580149,PMC6067857,1
29641532,PMC5894988,1
29642553,PMC6023530,1
29649263,PMC5896995,1
29681614,PMC5936051,1
29731958,PMC5929401,1
29745381,PMC5930441,1
29750258,PMC6125621,3
29755871,PMC5927761,1
29785153,PMC5958980,1
29790872,PMC6185813,2
29797793,PMC6081217,1
29802286,PMC5970161,1
29852322,PMC6030391,2
29869738,PMC6132970,1
29881398,PMC5977032,2
29884136,PMC5994127,1
29899995,PMC5993729,1
29909963,PMC6037202,1
29983698,PMC6031950,1
29998185,PMC6038829,1
30086788,PMC6081832,1
30175445,PMC6320715,1
30204945,PMC6282814,2
30207098,PMC6189434,2
30231296,PMC10316906,1
30233647,PMC6134256,2
30254663,PMC6141711,1
30257646,PMC6158817,1
30263132,PMC6152487,1
30266954,PMC6162272,1
30275862,PMC6158161,1
30286154,PMC6171837,1
30287823,PMC6172276,1
30362333,PMC6291031,1
30400234,PMC6266560,1
30410870,PMC6210650,2
30420702,PMC6232171,1
30453575,PMC6266896,1
30547773,PMC6295047,1
30555256,PMC6280886,1
30606148,PMC6319008,1
30630528,PMC6327376,1
30652428,PMC6418441,1
30662270,PMC6329477,1
30675319,PMC6339325,1
30702160,PMC6617753,1
30728902,PMC6355183,1
30832263,PMC6468917,2
30968603,PMC6565549,1
30972954,PMC6565576,1
31002019,PMC6606020,1
31060517,PMC6501405,1
31065452,PMC6482939,2
31090900,PMC6637375,2
31131967,PMC6772163,1
31143373,PMC6524931,2
31161121,PMC6536435,1
31191615,PMC6546720,3
31263571,PMC6588611,1
31312661,PMC6595338,1
31331294,PMC6647062,1
31336956,PMC6678297,1
31341521,PMC6631644,1
31346352,PMC6636136,1
31360904,PMC6649772,2
31413733,PMC6693662,1
31454914,PMC6769960,1
31477031,PMC6721087,1
31518337,PMC6756874,1
31528241,PMC6737632,1
31565484,PMC6743617,2
31570105,PMC6771167,1
31586400,PMC6847799,3
31592366,PMC6773448,2
31608315,PMC6788804,1
31631483,PMC6972566,1
31666926,PMC6800267,3
31700994,PMC6825205,1
31749828,PMC6842924,1
31780705,PMC6882827,1
31811167,PMC6898579,1
31850198,PMC6895028,1
31869745,PMC6931216,2
31911673,PMC7200594,2
31992191,PMC6988378,1
32005245,PMC6995156,1
32034265,PMC7005783,1
32070378,PMC7027288,1
32098980,PMC7042365,2
32099950,PMC7033037,1
32109416,PMC7063572,0
32132887,PMC7045353,1
32164353,PMC7143304,1
32164585,PMC7069205,1
32175521,PMC7061679,2
32206145,PMC7081695,1
32211327,PMC7077344,4
32284662,PMC7141151,1
32284789,PMC7138166,1
32286328,PMC7156385,1
32300177,PMC7239769,1
32354836,PMC7263144,2
32356124,PMC7311593,1
32365798,PMC7277207,5
32376921,PMC7203114,2
32377194,PMC7196997,1
32380732,PMC7280980,2
32393398,PMC7216543,1
32398771,PMC7394881,1
32438681,PMC7281099,1
32444794,PMC7244490,2
32455662,PMC7281087,1
32486089,PMC7312854,2
32522261,PMC7288470,1
32523053,PMC7784695,1
32548945,PMC7434599,1
32576280,PMC7310532,2
32579544,PMC7331485,1
32609828,PMC7641332,3
32641407,PMC7484206,2
32665702,PMC7605437,1
32680570,PMC7368778,1
32686918,PMC7507009,1
32726901,PMC7464855,2
32753900,PMC7354012,2
32759814,PMC7464884,1
32761968,PMC7540976,1
32772980,PMC7443769,1
32778078,PMC7418307,1
32782288,PMC7419503,1
32806537,PMC7464094,1
32824581,PMC7465341,1
32849737,PMC7427412,3
32854451,PMC7564956,1
32862296,PMC8514387,1
32872764,PMC7494761,1
32879886,PMC7448236,1
32894085,PMC7487731,1
32908788,PMC7462818,2
32908793,PMC7462815,1
32959997,PMC7667342,1
32994724,PMC7499116,2
33004033,PMC7528227,1
33054725,PMC7556962,1
33067490,PMC7568559,1
33078592,PMC7593220,3
33113089,PMC7921023,1
33127389,PMC8375587,1
33145086,PMC7578509,1
33159495,PMC7767566,1
33206196,PMC8246613,1
33240314,PMC7677579,3
33240400,PMC7675892,1
33260805,PMC7711773,2
33262485,PMC7705438,1
33262486,PMC7705408,1
33287145,PMC7761639,1
33293522,PMC7722754,1
33324554,PMC7724080,1
33357097,PMC7768310,1
33376937,PMC7757687,1
33385275,PMC7895780,3
33397043,PMC7803589,2
33403015,PMC7747114,1
33407459,PMC7788890,1
33421217,PMC7935793,1
33428613,PMC7799847,2
33468216,PMC7814703,1
33469799,PMC8799590,2
33478551,PMC7818718,1
33484353,PMC7826304,1
33552952,PMC7859489,5
33558524,PMC7870655,2
33573335,PMC7866799,3
33619265,PMC7900170,1
33632156,PMC7908797,1
33643918,PMC7908826,2
33691754,PMC7945310,1
33718101,PMC7947427,1
33726785,PMC7962399,1
33747156,PMC7967861,1
33763779,PMC8964550,1
33810291,PMC8065547,2
33868589,PMC8021026,1
33875706,PMC8055990,1
33889545,PMC8056176,3
33891299,PMC8272709,2
33918338,PMC8065856,1
33978741,PMC8191791,3
33996534,PMC8116796,3
34020950,PMC8139593,1
34034685,PMC8152298,2
34072659,PMC8198763,1
34130653,PMC8207626,1
34150972,PMC8192560,1
34161676,PMC8388157,1
34178674,PMC8226162,3
34196900,PMC8357728,2
34202525,PMC8305542,1
34203389,PMC8306786,2
34209669,PMC8269117,2
34234458,PMC8254587,1
34242281,PMC8270444,2
34287479,PMC8266163,1
34290354,PMC8295261,2
34299313,PMC8305371,2
34326328,PMC8322138,1
34330892,PMC8324868,1
34356050,PMC8307705,1
34356684,PMC8301801,1
34359619,PMC8345083,1
34367235,PMC8343186,3
34399810,PMC8365963,1
34413315,PMC8377150,1
34422003,PMC8375439,3
34439109,PMC8393346,1
34456966,PMC8397457,3
34461861,PMC8406897,1
34464382,PMC8407540,1
34490083,PMC8417726,3
34504103,PMC8429460,1
34541275,PMC8435919,2
34548921,PMC8447178,1
34567246,PMC8426025,1
34570441,PMC9257317,2
34572941,PMC8467705,1
34590014,PMC8474405,2
34608183,PMC8490386,1
34645815,PMC8514439,1
34646395,PMC8490085,1
34651665,PMC8548790,1
34692709,PMC8531508,1
34703979,PMC8536866,2
34749799,PMC8576946,1
34758846,PMC8582179,1
34846068,PMC9306493,2
34930165,PMC8690897,1
34936260,PMC8768485,1
34981296,PMC9636114,2
34984555,PMC8803725,2
35000471,PMC8753086,1
35042909,PMC8766490,1
35065680,PMC8783444,1
35087763,PMC8789006,3
35115620,PMC8813990,1
35116780,PMC8798914,1
35116935,PMC8798866,1
35165121,PMC8860097,2
35167739,PMC9582465,2
35203446,PMC8868626,3
35216584,PMC8876448,1
35251494,PMC8893798,1
35257510,PMC9161328,1
35264596,PMC8907244,3
35300142,PMC8922037,1
35313928,PMC8935754,1
35353237,PMC9090684,1
35382848,PMC8981954,1
35383859,PMC8997337,1
35411189,PMC8994564,2
35428255,PMC9013031,1
35451682,PMC9130174,1
35456503,PMC9032308,1
35463374,PMC9026437,3
35464868,PMC9024354,5
35469032,PMC9038668,1
35534218,PMC9091831,2
35568803,PMC9107247,1
35585550,PMC9116026,1
35595529,PMC9122833,1
35596815,PMC9123627,1
35616356,PMC10947569,1
35641219,PMC8895486,3
35686104,PMC9171007,1
35687490,PMC9631701,1
35710434,PMC9204946,1
35740343,PMC9219949,3
35740625,PMC9221245,2
35743882,PMC9225004,2
35753294,PMC9249944,2
35778884,PMC9875646,2
35806449,PMC9267136,2
35858847,PMC9301826,1
35886069,PMC9319682,2
35893033,PMC9331434,2
35912982,PMC9535758,1
35914747,PMC9629971,2
35918668,PMC9347172,1
35957765,PMC9360338,1
35986351,PMC9389734,1
35995947,PMC9470535,2
36003761,PMC9393394,1
36013246,PMC9410316,3
36030235,PMC9420157,1
36046437,PMC9400785,1
36107942,PMC9477347,1
36232793,PMC9570103,1
36290365,PMC9598138,2
36315513,PMC9621418,3
36324133,PMC9628090,1
36329109,PMC9633799,4
36358724,PMC9654807,2
36385461,PMC10098510,1
36405946,PMC9666283,3
36419139,PMC9682711,1
36471068,PMC9729100,1
36497448,PMC9739414,1
36517518,PMC9751103,1
36523391,PMC9744715,1
36551643,PMC9776204,2
36568162,PMC9768488,4
36577523,PMC9808557,1
36601340,PMC9763777,1
36604691,PMC9817339,1
36707518,PMC9883520,1
36711528,PMC9882003,2
36717774,PMC9885574,1
36722519,PMC9979802,1
36831254,PMC9954561,2
36845707,PMC9950741,3
36851449,PMC9959916,3
36922883,PMC10018905,1
36937405,PMC10022659,2
36950605,PMC10025926,2
36964191,PMC10039042,1
36969007,PMC10030840,2
36977404,PMC10078886,2
36980780,PMC10047778,1
37002323,PMC10066348,3
37046838,PMC10093293,2
37055759,PMC10099884,1
37056288,PMC10086121,1
37064128,PMC10101327,3
37067535,PMC10323079,1
37096751,PMC10315755,1
37116400,PMC10165146,2
37118955,PMC10523122,2
37129948,PMC10183806,1
37179432,PMC10182972,1
37197323,PMC10184889,1
37234870,PMC10205989,3
37239058,PMC10216448,1
37277882,PMC10243048,1
37296477,PMC10257304,1
37298642,PMC10253720,1
37304241,PMC10208033,1
37306523,PMC10259259,1
37347260,PMC10465621,1
37371673,PMC10295144,2
37400873,PMC10316545,1
37538150,PMC10394290,1
37569705,PMC10418641,1
37664050,PMC10470619,3
37692183,PMC10484634,1
37706056,PMC10497348,0
37723522,PMC10507925,1
37728764,PMC10602966,1
37743480,PMC10519093,1
37760409,PMC10526855,2
37761360,PMC10527739,1
37761810,PMC10530991,2
37813891,PMC10562433,1
37816281,PMC10902209,1
37852034,PMC10774963,2
37895014,PMC10607119,1
37907567,PMC10618219,1
37922907,PMC10694496,1
37966669,PMC10764469,1
37991089,PMC10691311,1
38001658,PMC10670541,1
38010394,PMC10902014,1
38019249,PMC10772761,1
38036573,PMC10689749,1
38059556,PMC10774565,2
38098088,PMC10722686,1
38142462,PMC11229362,3
38157332,PMC10763641,1
38187047,PMC10767334,1
38285766,PMC10911734,1
38298632,PMC10827683,1
38300310,PMC10834553,1
38323364,PMC10928238,1
38339330,PMC10854694,1
38355628,PMC10866978,2
38355834,PMC10866935,1
38392574,PMC10890296,1
38397158,PMC10888239,1
38413718,PMC10997515,2
38504328,PMC10953197,1
38527014,PMC10962813,2
38537553,PMC11026844,1
38559438,PMC10981544,1
38671360,PMC11055274,1
38709234,PMC11161245,1
38734904,PMC11166883,1
38814507,PMC11297091,1
38863777,PMC11166091,1
38873557,PMC11175831,1
38890714,PMC11184794,1
38918649,PMC11382858,1
38920278,PMC11299937,1
38937827,PMC11212203,1
38974244,PMC11224533,1
39009827,PMC11369174,0
39061189,PMC11274758,2
39062721,PMC11276437,1
39080120,PMC11522089,1
39085400,PMC11291882,1
39095423,PMC11297322,1
39138315,PMC11371929,1
39148954,PMC11324426,3
39169933,PMC11332866,1
39187384,PMC11630774,2
39191493,PMC11363926,1
39256447,PMC11387492,2
39273284,PMC11394759,4
39335746,PMC11431729,1
39338246,PMC11433525,4
39364320,PMC11446893,1
39366967,PMC11452615,1
39390525,PMC11465949,1
39394900,PMC11611775,2
39438716,PMC11607322,3
39438962,PMC11495111,1
39455978,PMC11520037,3
39456660,PMC11507582,2
39468117,PMC11519512,1
39488595,PMC11531542,2
39506058,PMC11541916,1
39518003,PMC11545216,2
39554377,PMC11567094,1
39590384,PMC11593161,2
39596349,PMC11594993,2
39669235,PMC11613553,3
39710803,PMC11664851,1
39741007,PMC11707380,1
39747609,PMC11696240,1
39796670,PMC11718772,1
39805914,PMC11729861,1
39809319,PMC11732430,1
39902189,PMC11788803,4
9150150,PMC1712449,1
