run_id,gene,pmid,variant,field,value,gold_carriers,gold_affected,gold_unaffected,verdict,gold_real_split,role,tier,caption,count_column,source_location
20260905_protocol_cont120_03_candidate,SCN5A,20129283,A1113V c.3338C>T,affected,1,1,1,0,exact,False,case,caption_names_disease_column_counts_people,Table 4 Compendium of Brugada syndrome-associated SCN5A mutations,No. of unrelatedindividuals,Table 4
20260905_protocol_cont120_03_candidate,SCN5A,20129283,A1223PfsX7 c.3666delG,affected,1,,,,unmatched_or_gold_null,False,case,caption_names_disease_column_counts_people,Table 4 Compendium of Brugada syndrome-associated SCN5A mutations,No. of unrelatedindividuals,Table 4
20260905_protocol_cont120_03_candidate,SCN5A,20129283,A1288G c.3863C>G,affected,1,1,1,0,exact,False,case,caption_names_disease_column_counts_people,Table 4 Compendium of Brugada syndrome-associated SCN5A mutations,No. of unrelatedindividuals,Table 4
20260905_protocol_cont120_03_candidate,SCN5A,20129283,A1427S c.4279G>T,affected,1,1,1,0,exact,False,case,caption_names_disease_column_counts_people,Table 4 Compendium of Brugada syndrome-associated SCN5A mutations,No. of unrelatedindividuals,Table 4
20260905_protocol_cont120_03_candidate,SCN5A,20129283,A1428V c.4283C>T,affected,1,1,1,0,exact,False,case,caption_names_disease_column_counts_people,Table 4 Compendium of Brugada syndrome-associated SCN5A mutations,No. of unrelatedindividuals,Table 4
20260905_protocol_cont120_03_candidate,SCN5A,20129283,A1680T c.5038G>A,affected,2,1,1,0,wrong,False,case,caption_names_disease_column_counts_people,Table 4 Compendium of Brugada syndrome-associated SCN5A mutations,No. of unrelatedindividuals,Table 4
20260905_protocol_cont120_03_candidate,SCN5A,20129283,A1698T c.5092G>A,affected,1,1,1,0,exact,False,case,caption_names_disease_column_counts_people,Table 4 Compendium of Brugada syndrome-associated SCN5A mutations,No. of unrelatedindividuals,Table 4
20260905_protocol_cont120_03_candidate,SCN5A,20129283,A178G c.533C>G,affected,1,1,1,0,exact,False,case,caption_names_disease_column_counts_people,Table 4 Compendium of Brugada syndrome-associated SCN5A mutations,No. of unrelatedindividuals,Table 4
20260905_protocol_cont120_03_candidate,SCN5A,20129283,A185V c.554C>T,affected,1,1,1,0,exact,False,case,caption_names_disease_column_counts_people,Table 4 Compendium of Brugada syndrome-associated SCN5A mutations,No. of unrelatedindividuals,Table 4
20260905_protocol_cont120_03_candidate,SCN5A,20129283,A1924T c.5770G>A,affected,1,1,1,0,exact,False,case,caption_names_disease_column_counts_people,Table 4 Compendium of Brugada syndrome-associated SCN5A mutations,No. of unrelatedindividuals,Table 4
20260905_protocol_cont120_03_candidate,SCN5A,20129283,A204V c.611C>T,affected,1,1,1,0,exact,False,case,caption_names_disease_column_counts_people,Table 4 Compendium of Brugada syndrome-associated SCN5A mutations,No. of unrelatedindividuals,Table 4
20260905_protocol_cont120_03_candidate,SCN5A,20129283,A226V,affected,2,2,2,0,exact,False,case,caption_names_disease_column_counts_people,Table 4 Compendium of Brugada syndrome-associated SCN5A mutations,No. of unrelatedindividuals,Table 3
20260905_protocol_cont120_03_candidate,SCN5A,20129283,A647D c.1940C>A,affected,1,1,1,0,exact,False,case,caption_names_disease_column_counts_people,Table 4 Compendium of Brugada syndrome-associated SCN5A mutations,No. of unrelatedindividuals,Table 4
20260905_protocol_cont120_03_candidate,SCN5A,20129283,A665GfsX16 c.1983_1993dupGGCCCTCAGCG,affected,1,1,1,0,exact,False,case,caption_names_disease_column_counts_people,Table 4 Compendium of Brugada syndrome-associated SCN5A mutations,No. of unrelatedindividuals,Table 4
20260905_protocol_cont120_03_candidate,SCN5A,20129283,A735V c.2204C>T,affected,4,1,1,0,wrong,False,case,caption_names_disease_column_counts_people,Table 4 Compendium of Brugada syndrome-associated SCN5A mutations,No. of unrelatedindividuals,Table 4
20260905_protocol_cont120_03_candidate,SCN5A,20129283,A997T c.2989G>A,affected,1,1,1,0,exact,False,case,caption_names_disease_column_counts_people,Table 4 Compendium of Brugada syndrome-associated SCN5A mutations,No. of unrelatedindividuals,Table 4
20260905_protocol_cont120_03_candidate,SCN5A,20129283,C1363Y c.4088G>A,affected,1,1,1,0,exact,False,case,caption_names_disease_column_counts_people,Table 4 Compendium of Brugada syndrome-associated SCN5A mutations,No. of unrelatedindividuals,Table 4
20260905_protocol_cont120_03_candidate,SCN5A,20129283,C1728R c.5182T>C,affected,1,1,1,0,exact,False,case,caption_names_disease_column_counts_people,Table 4 Compendium of Brugada syndrome-associated SCN5A mutations,No. of unrelatedindividuals,Table 4
20260905_protocol_cont120_03_candidate,SCN5A,20129283,C1728W c.5184C>G,affected,1,1,1,0,exact,False,case,caption_names_disease_column_counts_people,Table 4 Compendium of Brugada syndrome-associated SCN5A mutations,No. of unrelatedindividuals,Table 4
20260905_protocol_cont120_03_candidate,SCN5A,20129283,C182R c.544T>C,affected,1,1,1,0,exact,False,case,caption_names_disease_column_counts_people,Table 4 Compendium of Brugada syndrome-associated SCN5A mutations,No. of unrelatedindividuals,Table 4
20260905_protocol_cont120_03_candidate,SCN5A,20129283,C683G c.2047T>G,affected,1,1,1,0,exact,False,case,caption_names_disease_column_counts_people,Table 4 Compendium of Brugada syndrome-associated SCN5A mutations,No. of unrelatedindividuals,Table 4
20260905_protocol_cont120_03_candidate,SCN5A,20129283,C915R c.2743T>C,affected,1,1,1,0,exact,False,case,caption_names_disease_column_counts_people,Table 4 Compendium of Brugada syndrome-associated SCN5A mutations,No. of unrelatedindividuals,Table 4
20260905_protocol_cont120_03_candidate,SCN5A,20129283,D1055G c.3164A>G,affected,1,1,1,0,exact,False,case,caption_names_disease_column_counts_people,Table 4 Compendium of Brugada syndrome-associated SCN5A mutations,No. of unrelatedindividuals,Table 4
20260905_protocol_cont120_03_candidate,SCN5A,20129283,D1057EfsX88 c.3171_3172delTGinsA,affected,1,1,1,0,exact,False,case,caption_names_disease_column_counts_people,Table 4 Compendium of Brugada syndrome-associated SCN5A mutations,No. of unrelatedindividuals,Table 4
20260905_protocol_cont120_03_candidate,SCN5A,20129283,D1243N,affected,5,1,1,0,wrong,False,case,caption_names_disease_column_counts_people,Table 4 Compendium of Brugada syndrome-associated SCN5A mutations,No. of unrelatedindividuals,Table 3
20260905_protocol_cont120_03_candidate,SCN5A,20129283,D1275N c.3823G>A,affected,3,1,1,0,wrong,False,case,caption_names_disease_column_counts_people,Table 4 Compendium of Brugada syndrome-associated SCN5A mutations,No. of unrelatedindividuals,Table 4
20260905_protocol_cont120_03_candidate,SCN5A,20129283,D1690HfsX98 c.5068_5070delGA,affected,1,1,1,0,exact,False,case,caption_names_disease_column_counts_people,Table 4 Compendium of Brugada syndrome-associated SCN5A mutations,No. of unrelatedindividuals,Table 4
20260905_protocol_cont120_03_candidate,SCN5A,20129283,D1714G c.5141A>G,affected,1,1,1,0,exact,False,case,caption_names_disease_column_counts_people,Table 4 Compendium of Brugada syndrome-associated SCN5A mutations,No. of unrelatedindividuals,Table 4
20260905_protocol_cont120_03_candidate,SCN5A,20129283,D356N c.1066G>A,affected,8,8,8,0,exact,False,case,caption_names_disease_column_counts_people,Table 4 Compendium of Brugada syndrome-associated SCN5A mutations,No. of unrelatedindividuals,Table 4
20260905_protocol_cont120_03_candidate,SCN5A,20129283,D501G c.1502A>G,affected,1,1,1,0,exact,False,case,caption_names_disease_column_counts_people,Table 4 Compendium of Brugada syndrome-associated SCN5A mutations,No. of unrelatedindividuals,Table 4
20260905_protocol_cont120_03_candidate,SCN5A,20129283,D651AfsX25 c.1950_1953delAGAT,affected,1,1,1,0,exact,False,case,caption_names_disease_column_counts_people,Table 4 Compendium of Brugada syndrome-associated SCN5A mutations,No. of unrelatedindividuals,Table 4
20260905_protocol_cont120_03_candidate,SCN5A,20129283,D772N c.2314G>A,affected,1,1,1,0,exact,False,case,caption_names_disease_column_counts_people,Table 4 Compendium of Brugada syndrome-associated SCN5A mutations,No. of unrelatedindividuals,Table 4
20260905_protocol_cont120_03_candidate,SCN5A,20129283,D84N c.250G>A,affected,2,2,2,0,exact,False,case,caption_names_disease_column_counts_people,Table 4 Compendium of Brugada syndrome-associated SCN5A mutations,No. of unrelatedindividuals,Table 4
20260905_protocol_cont120_03_candidate,SCN5A,20129283,D951MfsX6 c.2850delT,affected,1,1,1,0,exact,False,case,caption_names_disease_column_counts_people,Table 4 Compendium of Brugada syndrome-associated SCN5A mutations,No. of unrelatedindividuals,Table 4
20260905_protocol_cont120_03_candidate,SCN5A,20129283,E1053K c.3157G>A,affected,3,3,3,0,exact,False,case,caption_names_disease_column_counts_people,Table 4 Compendium of Brugada syndrome-associated SCN5A mutations,No. of unrelatedindividuals,Table 4
20260905_protocol_cont120_03_candidate,SCN5A,20129283,E1208X c.3622G>T,affected,1,1,1,0,exact,False,case,caption_names_disease_column_counts_people,Table 4 Compendium of Brugada syndrome-associated SCN5A mutations,No. of unrelatedindividuals,Table 4
20260905_protocol_cont120_03_candidate,SCN5A,20129283,E1225K c.3673G>A,affected,4,1,1,0,wrong,False,case,caption_names_disease_column_counts_people,Table 4 Compendium of Brugada syndrome-associated SCN5A mutations,No. of unrelatedindividuals,Table 4
20260905_protocol_cont120_03_candidate,SCN5A,20129283,E1253G c.3758A>G,affected,1,1,1,0,exact,False,case,caption_names_disease_column_counts_people,Table 4 Compendium of Brugada syndrome-associated SCN5A mutations,No. of unrelatedindividuals,Table 4
20260905_protocol_cont120_03_candidate,SCN5A,20129283,E1441Q c.4321G>C,affected,1,1,1,0,exact,False,case,caption_names_disease_column_counts_people,Table 4 Compendium of Brugada syndrome-associated SCN5A mutations,No. of unrelatedindividuals,Table 4
20260905_protocol_cont120_03_candidate,SCN5A,20129283,E1548K c.4642G>A,affected,3,3,3,0,exact,False,case,caption_names_disease_column_counts_people,Table 4 Compendium of Brugada syndrome-associated SCN5A mutations,No. of unrelatedindividuals,Table 4
20260905_protocol_cont120_03_candidate,SCN5A,20129283,E1574K c.4720G>A,affected,4,4,4,0,exact,False,case,caption_names_disease_column_counts_people,Table 4 Compendium of Brugada syndrome-associated SCN5A mutations,No. of unrelatedindividuals,Table 4
20260905_protocol_cont120_03_candidate,SCN5A,20129283,E161K c.481G>A,affected,3,1,1,0,wrong,False,case,caption_names_disease_column_counts_people,Table 4 Compendium of Brugada syndrome-associated SCN5A mutations,No. of unrelatedindividuals,Table 4
20260905_protocol_cont120_03_candidate,SCN5A,20129283,E161Q c.481G>C,affected,1,1,1,0,exact,False,case,caption_names_disease_column_counts_people,Table 4 Compendium of Brugada syndrome-associated SCN5A mutations,No. of unrelatedindividuals,Table 4
20260905_protocol_cont120_03_candidate,SCN5A,20129283,E1784K c.5350G>A,affected,14,14,14,0,exact,False,case,caption_names_disease_column_counts_people,Table 4 Compendium of Brugada syndrome-associated SCN5A mutations,No. of unrelatedindividuals,Table 4
20260905_protocol_cont120_03_candidate,SCN5A,20129283,E1823HfsX10 c.5464_5467delTCTG,affected,1,1,1,0,exact,False,case,caption_names_disease_column_counts_people,Table 4 Compendium of Brugada syndrome-associated SCN5A mutations,No. of unrelatedindividuals,Table 4
20260905_protocol_cont120_03_candidate,SCN5A,20129283,E1938K c.5812G>A,affected,1,1,1,0,exact,False,case,caption_names_disease_column_counts_people,Table 4 Compendium of Brugada syndrome-associated SCN5A mutations,No. of unrelatedindividuals,Table 4
20260905_protocol_cont120_03_candidate,SCN5A,20129283,E346X c.1036G>T,affected,1,1,1,0,exact,False,case,caption_names_disease_column_counts_people,Table 4 Compendium of Brugada syndrome-associated SCN5A mutations,No. of unrelatedindividuals,Table 4
20260905_protocol_cont120_03_candidate,SCN5A,20129283,E439K,affected,1,1,1,0,exact,False,case,caption_names_disease_column_counts_people,Table 4 Compendium of Brugada syndrome-associated SCN5A mutations,No. of unrelatedindividuals,Table 3
20260905_protocol_cont120_03_candidate,SCN5A,20129283,E675VfsX45 c.2024_2025delAG,affected,1,1,1,0,exact,False,case,caption_names_disease_column_counts_people,Table 4 Compendium of Brugada syndrome-associated SCN5A mutations,No. of unrelatedindividuals,Table 4
20260905_protocol_cont120_03_candidate,SCN5A,20129283,E698X c.2092G>T,affected,1,1,1,0,exact,False,case,caption_names_disease_column_counts_people,Table 4 Compendium of Brugada syndrome-associated SCN5A mutations,No. of unrelatedindividuals,Table 4
20260905_protocol_cont120_03_candidate,SCN5A,20129283,E746K c.2236G>A,affected,3,1,1,0,wrong,False,case,caption_names_disease_column_counts_people,Table 4 Compendium of Brugada syndrome-associated SCN5A mutations,No. of unrelatedindividuals,Table 4
20260905_protocol_cont120_03_candidate,SCN5A,20129283,E867Q c.2599G>C,affected,1,1,1,0,exact,False,case,caption_names_disease_column_counts_people,Table 4 Compendium of Brugada syndrome-associated SCN5A mutations,No. of unrelatedindividuals,Table 4
20260905_protocol_cont120_03_candidate,SCN5A,20129283,E901K c.2701G>A,affected,3,3,3,0,exact,False,case,caption_names_disease_column_counts_people,Table 4 Compendium of Brugada syndrome-associated SCN5A mutations,No. of unrelatedindividuals,Table 4
20260905_protocol_cont120_03_candidate,SCN5A,20129283,F1344L c.4030T>C,affected,1,1,1,0,exact,False,case,caption_names_disease_column_counts_people,Table 4 Compendium of Brugada syndrome-associated SCN5A mutations,No. of unrelatedindividuals,Table 4
20260905_protocol_cont120_03_candidate,SCN5A,20129283,F1360C c.4079T>G,affected,1,1,1,0,exact,False,case,caption_names_disease_column_counts_people,Table 4 Compendium of Brugada syndrome-associated SCN5A mutations,No. of unrelatedindividuals,Table 4
20260905_protocol_cont120_03_candidate,SCN5A,20129283,F1459SfsX3 c.4376_4379delTCTT,affected,1,1,1,0,exact,False,case,caption_names_disease_column_counts_people,Table 4 Compendium of Brugada syndrome-associated SCN5A mutations,No. of unrelatedindividuals,Table 4
20260905_protocol_cont120_03_candidate,SCN5A,20129283,F1571C c.4712T>G,affected,1,1,1,0,exact,False,case,caption_names_disease_column_counts_people,Table 4 Compendium of Brugada syndrome-associated SCN5A mutations,No. of unrelatedindividuals,Table 4
20260905_protocol_cont120_03_candidate,SCN5A,20129283,F1808IfsX3 c.5420dupA,affected,1,1,1,0,exact,False,case,caption_names_disease_column_counts_people,Table 4 Compendium of Brugada syndrome-associated SCN5A mutations,No. of unrelatedindividuals,Table 4
20260905_protocol_cont120_03_candidate,SCN5A,20129283,F2004V c.6010T>G,affected,1,1,1,0,exact,False,case,caption_names_disease_column_counts_people,Table 4 Compendium of Brugada syndrome-associated SCN5A mutations,No. of unrelatedindividuals,Table 4
20260905_protocol_cont120_03_candidate,SCN5A,20129283,F2004dup c.6010_6012dupTTC,affected,1,,,,unmatched_or_gold_null,False,case,caption_names_disease_column_counts_people,Table 4 Compendium of Brugada syndrome-associated SCN5A mutations,No. of unrelatedindividuals,Table 4
20260905_protocol_cont120_03_candidate,SCN5A,20129283,F532C c.1595T>G,affected,1,1,1,0,exact,False,case,caption_names_disease_column_counts_people,Table 4 Compendium of Brugada syndrome-associated SCN5A mutations,No. of unrelatedindividuals,Table 4
20260905_protocol_cont120_03_candidate,SCN5A,20129283,F543L c.1629T>A,affected,1,1,1,0,exact,False,case,caption_names_disease_column_counts_people,Table 4 Compendium of Brugada syndrome-associated SCN5A mutations,No. of unrelatedindividuals,Table 4
20260905_protocol_cont120_03_candidate,SCN5A,20129283,F851CfsX19 c.2550_2551dupGT,affected,1,1,1,0,exact,False,case,caption_names_disease_column_counts_people,Table 4 Compendium of Brugada syndrome-associated SCN5A mutations,No. of unrelatedindividuals,Table 4
20260905_protocol_cont120_03_candidate,SCN5A,20129283,F851GfsX19 c.2549_2550insTG,affected,1,1,1,0,exact,False,case,caption_names_disease_column_counts_people,Table 4 Compendium of Brugada syndrome-associated SCN5A mutations,No. of unrelatedindividuals,Table 4
20260905_protocol_cont120_03_candidate,SCN5A,20129283,F851L c.2553C>A,affected,1,1,1,0,exact,False,case,caption_names_disease_column_counts_people,Table 4 Compendium of Brugada syndrome-associated SCN5A mutations,No. of unrelatedindividuals,Table 4
20260905_protocol_cont120_03_candidate,SCN5A,20129283,F861WfsX90 c.2582_2583delTT,affected,11,11,11,0,exact,False,case,caption_names_disease_column_counts_people,Table 4 Compendium of Brugada syndrome-associated SCN5A mutations,No. of unrelatedindividuals,Table 4
20260905_protocol_cont120_03_candidate,SCN5A,20129283,F93S c.278T>C,affected,1,1,1,0,exact,False,case,caption_names_disease_column_counts_people,Table 4 Compendium of Brugada syndrome-associated SCN5A mutations,No. of unrelatedindividuals,Table 4
20260905_protocol_cont120_03_candidate,SCN5A,20129283,F972GfsX170 c.2914_2923delTTTGTCAAGC,affected,1,1,1,0,exact,False,case,caption_names_disease_column_counts_people,Table 4 Compendium of Brugada syndrome-associated SCN5A mutations,No. of unrelatedindividuals,Table 4
20260905_protocol_cont120_03_candidate,SCN5A,20129283,G1262S c.3784G>A,affected,1,1,1,0,exact,False,case,caption_names_disease_column_counts_people,Table 4 Compendium of Brugada syndrome-associated SCN5A mutations,No. of unrelatedindividuals,Table 4
20260905_protocol_cont120_03_candidate,SCN5A,20129283,G1319V c.3956G>T,affected,5,1,1,0,wrong,False,case,caption_names_disease_column_counts_people,Table 4 Compendium of Brugada syndrome-associated SCN5A mutations,No. of unrelatedindividuals,Table 4
20260905_protocol_cont120_03_candidate,SCN5A,20129283,G1358W c.4072G>T,affected,1,1,1,0,exact,False,case,caption_names_disease_column_counts_people,Table 4 Compendium of Brugada syndrome-associated SCN5A mutations,No. of unrelatedindividuals,Table 4
20260905_protocol_cont120_03_candidate,SCN5A,20129283,G1406E c.4217G>A,affected,2,2,2,0,exact,False,case,caption_names_disease_column_counts_people,Table 4 Compendium of Brugada syndrome-associated SCN5A mutations,No. of unrelatedindividuals,Table 4
20260905_protocol_cont120_03_candidate,SCN5A,20129283,G1406R c.4216G>C,affected,1,1,1,0,exact,False,case,caption_names_disease_column_counts_people,Table 4 Compendium of Brugada syndrome-associated SCN5A mutations,No. of unrelatedindividuals,Table 4
20260905_protocol_cont120_03_candidate,SCN5A,20129283,G1408R c.4222G>A,affected,7,1,1,0,wrong,False,case,caption_names_disease_column_counts_people,Table 4 Compendium of Brugada syndrome-associated SCN5A mutations,No. of unrelatedindividuals,Table 4
20260905_protocol_cont120_03_candidate,SCN5A,20129283,G1420R c.4258G>C,affected,1,1,1,0,exact,False,case,caption_names_disease_column_counts_people,Table 4 Compendium of Brugada syndrome-associated SCN5A mutations,No. of unrelatedindividuals,Table 4
20260905_protocol_cont120_03_candidate,SCN5A,20129283,G1433G c.4299G>A,affected,1,1,1,0,exact,False,case,caption_names_disease_column_counts_people,Table 4 Compendium of Brugada syndrome-associated SCN5A mutations,No. of unrelatedindividuals,Table 4
20260905_protocol_cont120_03_candidate,SCN5A,20129283,G1433V c.4298G>T,affected,1,1,1,0,exact,False,case,caption_names_disease_column_counts_people,Table 4 Compendium of Brugada syndrome-associated SCN5A mutations,No. of unrelatedindividuals,Table 4
20260905_protocol_cont120_03_candidate,SCN5A,20129283,G1642E,affected,1,1,1,0,exact,False,case,caption_names_disease_column_counts_people,Table 4 Compendium of Brugada syndrome-associated SCN5A mutations,No. of unrelatedindividuals,Table 3
20260905_protocol_cont120_03_candidate,SCN5A,20129283,G1712S c.5134G>A,affected,1,1,1,0,exact,False,case,caption_names_disease_column_counts_people,Table 4 Compendium of Brugada syndrome-associated SCN5A mutations,No. of unrelatedindividuals,Table 4
20260905_protocol_cont120_03_candidate,SCN5A,20129283,G1740R c.5218G>A,affected,1,1,1,0,exact,False,case,caption_names_disease_column_counts_people,Table 4 Compendium of Brugada syndrome-associated SCN5A mutations,No. of unrelatedindividuals,Table 4
20260905_protocol_cont120_03_candidate,SCN5A,20129283,G1743E c.5228G>A,affected,6,1,1,0,wrong,False,case,caption_names_disease_column_counts_people,Table 4 Compendium of Brugada syndrome-associated SCN5A mutations,No. of unrelatedindividuals,Table 4
20260905_protocol_cont120_03_candidate,SCN5A,20129283,G1743R c.5227G>A,affected,5,1,1,0,wrong,False,case,caption_names_disease_column_counts_people,Table 4 Compendium of Brugada syndrome-associated SCN5A mutations,No. of unrelatedindividuals,Table 4
20260905_protocol_cont120_03_candidate,SCN5A,20129283,G1935S c.5803G>A,affected,1,1,1,0,exact,False,case,caption_names_disease_column_counts_people,Table 4 Compendium of Brugada syndrome-associated SCN5A mutations,No. of unrelatedindividuals,Table 4
20260905_protocol_cont120_03_candidate,SCN5A,20129283,G351D c.1052G>A,affected,1,1,1,0,exact,False,case,caption_names_disease_column_counts_people,Table 4 Compendium of Brugada syndrome-associated SCN5A mutations,No. of unrelatedindividuals,Table 4
20260905_protocol_cont120_03_candidate,SCN5A,20129283,G351V c.1052G>T,affected,1,1,1,0,exact,False,case,caption_names_disease_column_counts_people,Table 4 Compendium of Brugada syndrome-associated SCN5A mutations,No. of unrelatedindividuals,Table 4
20260905_protocol_cont120_03_candidate,SCN5A,20129283,G386E c.1157G>A,affected,2,2,2,0,exact,False,case,caption_names_disease_column_counts_people,Table 4 Compendium of Brugada syndrome-associated SCN5A mutations,No. of unrelatedindividuals,Table 4
20260905_protocol_cont120_03_candidate,SCN5A,20129283,G386R c.1156G>A,affected,1,1,1,0,exact,False,case,caption_names_disease_column_counts_people,Table 4 Compendium of Brugada syndrome-associated SCN5A mutations,No. of unrelatedindividuals,Table 4
20260905_protocol_cont120_03_candidate,SCN5A,20129283,G552R c.1654G>A,affected,1,1,1,0,exact,False,case,caption_names_disease_column_counts_people,Table 4 Compendium of Brugada syndrome-associated SCN5A mutations,No. of unrelatedindividuals,Table 4
20260905_protocol_cont120_03_candidate,SCN5A,20129283,G574DfsX49 c.1721delG,affected,1,1,1,0,exact,False,case,caption_names_disease_column_counts_people,Table 4 Compendium of Brugada syndrome-associated SCN5A mutations,No. of unrelatedindividuals,Table 4
20260905_protocol_cont120_03_candidate,SCN5A,20129283,G615E c.1844G>A,affected,1,1,1,0,exact,False,case,caption_names_disease_column_counts_people,Table 4 Compendium of Brugada syndrome-associated SCN5A mutations,No. of unrelatedindividuals,Table 4
20260905_protocol_cont120_03_candidate,SCN5A,20129283,G752R c.2254G>A,affected,5,1,1,0,wrong,False,case,caption_names_disease_column_counts_people,Table 4 Compendium of Brugada syndrome-associated SCN5A mutations,No. of unrelatedindividuals,Table 4
20260905_protocol_cont120_03_candidate,SCN5A,20129283,G758E c.2273G>A,affected,1,1,1,0,exact,False,case,caption_names_disease_column_counts_people,Table 4 Compendium of Brugada syndrome-associated SCN5A mutations,No. of unrelatedindividuals,Table 4
20260905_protocol_cont120_03_candidate,SCN5A,20129283,H278D c.832C>G,affected,1,1,1,0,exact,False,case,caption_names_disease_column_counts_people,Table 4 Compendium of Brugada syndrome-associated SCN5A mutations,No. of unrelatedindividuals,Table 4
20260905_protocol_cont120_03_candidate,SCN5A,20129283,H886P c.2657A>C,affected,1,1,1,0,exact,False,case,caption_names_disease_column_counts_people,Table 4 Compendium of Brugada syndrome-associated SCN5A mutations,No. of unrelatedindividuals,Table 4
20260905_protocol_cont120_03_candidate,SCN5A,20129283,I1212del c.3634_3636delATC,affected,1,1,1,0,exact,False,case,caption_names_disease_column_counts_people,Table 4 Compendium of Brugada syndrome-associated SCN5A mutations,No. of unrelatedindividuals,Table 4
20260905_protocol_cont120_03_candidate,SCN5A,20129283,I1299SfsX13 c.3894delC,affected,1,1,1,0,exact,False,case,caption_names_disease_column_counts_people,Table 4 Compendium of Brugada syndrome-associated SCN5A mutations,No. of unrelatedindividuals,Table 4
20260905_protocol_cont120_03_candidate,SCN5A,20129283,I137_C139dup c.410_418dupTCATGTGCA,affected,1,,,,unmatched_or_gold_null,False,case,caption_names_disease_column_counts_people,Table 4 Compendium of Brugada syndrome-associated SCN5A mutations,No. of unrelatedindividuals,Table 4
20260905_protocol_cont120_03_candidate,SCN5A,20129283,I1448L c.4342A>C,affected,1,1,1,0,exact,False,case,caption_names_disease_column_counts_people,Table 4 Compendium of Brugada syndrome-associated SCN5A mutations,No. of unrelatedindividuals,Table 4
20260905_protocol_cont120_03_candidate,SCN5A,20129283,I1448T c.4343T>C,affected,1,1,1,0,exact,False,case,caption_names_disease_column_counts_people,Table 4 Compendium of Brugada syndrome-associated SCN5A mutations,No. of unrelatedindividuals,Table 4
20260905_protocol_cont120_03_candidate,SCN5A,20129283,I1521K c.4562T>A,affected,1,1,1,0,exact,False,case,caption_names_disease_column_counts_people,Table 4 Compendium of Brugada syndrome-associated SCN5A mutations,No. of unrelatedindividuals,Table 4
20260905_protocol_cont120_03_candidate,SCN5A,20129283,I1570dup c.4708_4710dupATC,affected,1,,,,unmatched_or_gold_null,False,case,caption_names_disease_column_counts_people,Table 4 Compendium of Brugada syndrome-associated SCN5A mutations,No. of unrelatedindividuals,Table 4
20260905_protocol_cont120_03_candidate,SCN5A,20129283,I1660V,affected,5,4,4,0,wrong,False,case,caption_names_disease_column_counts_people,Table 4 Compendium of Brugada syndrome-associated SCN5A mutations,No. of unrelatedindividuals,Table 3
20260905_protocol_cont120_03_candidate,SCN5A,20129283,I1720SfsX67 c.5157delC,affected,1,1,1,0,exact,False,case,caption_names_disease_column_counts_people,Table 4 Compendium of Brugada syndrome-associated SCN5A mutations,No. of unrelatedindividuals,Table 4
20260905_protocol_cont120_03_candidate,SCN5A,20129283,I759FfsX6 c.2274delG,affected,2,2,2,0,exact,False,case,caption_names_disease_column_counts_people,Table 4 Compendium of Brugada syndrome-associated SCN5A mutations,No. of unrelatedindividuals,Table 4
20260905_protocol_cont120_03_candidate,SCN5A,20129283,I94S c.281T>G,affected,1,1,1,0,exact,False,case,caption_names_disease_column_counts_people,Table 4 Compendium of Brugada syndrome-associated SCN5A mutations,No. of unrelatedindividuals,Table 4
20260905_protocol_cont120_03_candidate,SCN5A,20129283,K126E c.376A>G,affected,1,1,1,0,exact,False,case,caption_names_disease_column_counts_people,Table 4 Compendium of Brugada syndrome-associated SCN5A mutations,No. of unrelatedindividuals,Table 4
20260905_protocol_cont120_03_candidate,SCN5A,20129283,K1359N c.4077G>T,affected,1,1,1,0,exact,False,case,caption_names_disease_column_counts_people,Table 4 Compendium of Brugada syndrome-associated SCN5A mutations,No. of unrelatedindividuals,Table 4
20260905_protocol_cont120_03_candidate,SCN5A,20129283,K1397RfsX2 c.4190delA,affected,1,1,1,0,exact,False,case,caption_names_disease_column_counts_people,Table 4 Compendium of Brugada syndrome-associated SCN5A mutations,No. of unrelatedindividuals,Table 4
20260905_protocol_cont120_03_candidate,SCN5A,20129283,K1419E c.4255A>G,affected,1,1,1,0,exact,False,case,caption_names_disease_column_counts_people,Table 4 Compendium of Brugada syndrome-associated SCN5A mutations,No. of unrelatedindividuals,Table 4
20260905_protocol_cont120_03_candidate,SCN5A,20129283,K1493X c.4477A>T,affected,1,2,2,0,wrong,False,case,caption_names_disease_column_counts_people,Table 4 Compendium of Brugada syndrome-associated SCN5A mutations,No. of unrelatedindividuals,Table 4
20260905_protocol_cont120_03_candidate,SCN5A,20129283,K1493del c.4477_4479delAAG,affected,2,2,2,0,wrong,False,case,caption_names_disease_column_counts_people,Table 4 Compendium of Brugada syndrome-associated SCN5A mutations,No. of unrelatedindividuals,Table 4
20260905_protocol_cont120_03_candidate,SCN5A,20129283,K175N c.525G>C,affected,1,1,1,0,exact,False,case,caption_names_disease_column_counts_people,Table 4 Compendium of Brugada syndrome-associated SCN5A mutations,No. of unrelatedindividuals,Table 4
20260905_protocol_cont120_03_candidate,SCN5A,20129283,K1872N,affected,1,1,1,0,exact,False,case,caption_names_disease_column_counts_people,Table 4 Compendium of Brugada syndrome-associated SCN5A mutations,No. of unrelatedindividuals,Table 3
20260905_protocol_cont120_03_candidate,SCN5A,20129283,K249X c.745A>T,affected,1,1,1,0,exact,False,case,caption_names_disease_column_counts_people,Table 4 Compendium of Brugada syndrome-associated SCN5A mutations,No. of unrelatedindividuals,Table 4
20260905_protocol_cont120_03_candidate,SCN5A,20129283,K521SfsX102 c.1562delA,affected,1,1,1,0,exact,False,case,caption_names_disease_column_counts_people,Table 4 Compendium of Brugada syndrome-associated SCN5A mutations,No. of unrelatedindividuals,Table 4
20260905_protocol_cont120_03_candidate,SCN5A,20129283,L1239P c.3716T>C,affected,1,1,1,0,exact,False,case,caption_names_disease_column_counts_people,Table 4 Compendium of Brugada syndrome-associated SCN5A mutations,No. of unrelatedindividuals,Table 4
20260905_protocol_cont120_03_candidate,SCN5A,20129283,L128SfsX44 c.381dupT,affected,1,1,1,0,exact,False,case,caption_names_disease_column_counts_people,Table 4 Compendium of Brugada syndrome-associated SCN5A mutations,No. of unrelatedindividuals,Table 4
20260905_protocol_cont120_03_candidate,SCN5A,20129283,L1311P c.3932T>C,affected,1,1,1,0,exact,False,case,caption_names_disease_column_counts_people,Table 4 Compendium of Brugada syndrome-associated SCN5A mutations,No. of unrelatedindividuals,Table 4
20260905_protocol_cont120_03_candidate,SCN5A,20129283,L1346I c.4036C>A,affected,1,1,1,0,exact,False,case,caption_names_disease_column_counts_people,Table 4 Compendium of Brugada syndrome-associated SCN5A mutations,No. of unrelatedindividuals,Table 4
20260905_protocol_cont120_03_candidate,SCN5A,20129283,L1346P c.4037T>C,affected,1,1,1,0,exact,False,case,caption_names_disease_column_counts_people,Table 4 Compendium of Brugada syndrome-associated SCN5A mutations,No. of unrelatedindividuals,Table 4
20260905_protocol_cont120_03_candidate,SCN5A,20129283,L136P c.407T>C,affected,2,2,2,0,exact,False,case,caption_names_disease_column_counts_people,Table 4 Compendium of Brugada syndrome-associated SCN5A mutations,No. of unrelatedindividuals,Table 4
20260905_protocol_cont120_03_candidate,SCN5A,20129283,L1373X c.4118T>A,affected,1,1,1,0,exact,False,case,caption_names_disease_column_counts_people,Table 4 Compendium of Brugada syndrome-associated SCN5A mutations,No. of unrelatedindividuals,Table 4
20260905_protocol_cont120_03_candidate,SCN5A,20129283,L1393X c.4178T>A,affected,3,1,1,0,wrong,False,case,caption_names_disease_column_counts_people,Table 4 Compendium of Brugada syndrome-associated SCN5A mutations,No. of unrelatedindividuals,Table 4
20260905_protocol_cont120_03_candidate,SCN5A,20129283,L1412F c.4234C>T,affected,1,1,1,0,exact,False,case,caption_names_disease_column_counts_people,Table 4 Compendium of Brugada syndrome-associated SCN5A mutations,No. of unrelatedindividuals,Table 4
20260905_protocol_cont120_03_candidate,SCN5A,20129283,L1464WfsX5 c.4389_4396delCCTCTTTA,affected,1,1,1,0,exact,False,case,caption_names_disease_column_counts_people,Table 4 Compendium of Brugada syndrome-associated SCN5A mutations,No. of unrelatedindividuals,Table 4
20260905_protocol_cont120_03_candidate,SCN5A,20129283,L1501V c.4501C>G,affected,1,1,1,0,exact,False,case,caption_names_disease_column_counts_people,Table 4 Compendium of Brugada syndrome-associated SCN5A mutations,No. of unrelatedindividuals,Table 4
20260905_protocol_cont120_03_candidate,SCN5A,20129283,L1582P c.4745T>C,affected,1,1,1,0,exact,False,case,caption_names_disease_column_counts_people,Table 4 Compendium of Brugada syndrome-associated SCN5A mutations,No. of unrelatedindividuals,Table 4
20260905_protocol_cont120_03_candidate,SCN5A,20129283,L1786EfsX2 c.5356_5357delCT,affected,2,2,2,0,exact,False,case,caption_names_disease_column_counts_people,Table 4 Compendium of Brugada syndrome-associated SCN5A mutations,No. of unrelatedindividuals,Table 4
20260905_protocol_cont120_03_candidate,SCN5A,20129283,L212Q c.635T>A,affected,1,1,1,0,exact,False,case,caption_names_disease_column_counts_people,Table 4 Compendium of Brugada syndrome-associated SCN5A mutations,No. of unrelatedindividuals,Table 4
20260905_protocol_cont120_03_candidate,SCN5A,20129283,L276Q c.827T>A,affected,1,1,1,0,exact,False,case,caption_names_disease_column_counts_people,Table 4 Compendium of Brugada syndrome-associated SCN5A mutations,No. of unrelatedindividuals,Table 4
20260905_protocol_cont120_03_candidate,SCN5A,20129283,L315P c.944T>C,affected,1,1,1,0,exact,False,case,caption_names_disease_column_counts_people,Table 4 Compendium of Brugada syndrome-associated SCN5A mutations,No. of unrelatedindividuals,Table 4
20260905_protocol_cont120_03_candidate,SCN5A,20129283,L325R c.974T>G,affected,1,1,1,0,exact,False,case,caption_names_disease_column_counts_people,Table 4 Compendium of Brugada syndrome-associated SCN5A mutations,No. of unrelatedindividuals,Table 4
20260905_protocol_cont120_03_candidate,SCN5A,20129283,L619F c.1855C>T,affected,1,1,1,0,exact,False,case,caption_names_disease_column_counts_people,Table 4 Compendium of Brugada syndrome-associated SCN5A mutations,No. of unrelatedindividuals,Table 4
20260905_protocol_cont120_03_candidate,SCN5A,20129283,L64del c.191_193delTGC,affected,1,1,1,0,exact,False,case,caption_names_disease_column_counts_people,Table 4 Compendium of Brugada syndrome-associated SCN5A mutations,No. of unrelatedindividuals,Table 4
20260905_protocol_cont120_03_candidate,SCN5A,20129283,L839P c.2516T>C,affected,1,1,1,0,exact,False,case,caption_names_disease_column_counts_people,Table 4 Compendium of Brugada syndrome-associated SCN5A mutations,No. of unrelatedindividuals,Table 4
20260905_protocol_cont120_03_candidate,SCN5A,20129283,L868X c.2602delC,affected,2,1,1,0,wrong,False,case,caption_names_disease_column_counts_people,Table 4 Compendium of Brugada syndrome-associated SCN5A mutations,No. of unrelatedindividuals,Table 4
20260905_protocol_cont120_03_candidate,SCN5A,20129283,L917R c.2750T>G,affected,1,1,1,0,exact,False,case,caption_names_disease_column_counts_people,Table 4 Compendium of Brugada syndrome-associated SCN5A mutations,No. of unrelatedindividuals,Table 4
20260905_protocol_cont120_03_candidate,SCN5A,20129283,L928P c.2783T>C,affected,1,1,1,0,exact,False,case,caption_names_disease_column_counts_people,Table 4 Compendium of Brugada syndrome-associated SCN5A mutations,No. of unrelatedindividuals,Table 4
20260905_protocol_cont120_03_candidate,SCN5A,20129283,L935P c.2804T>C,affected,1,1,1,0,exact,False,case,caption_names_disease_column_counts_people,Table 4 Compendium of Brugada syndrome-associated SCN5A mutations,No. of unrelatedindividuals,Table 4
20260905_protocol_cont120_03_candidate,SCN5A,20129283,M1351R c.4052T>G,affected,1,1,1,0,exact,False,case,caption_names_disease_column_counts_people,Table 4 Compendium of Brugada syndrome-associated SCN5A mutations,No. of unrelatedindividuals,Table 4
20260905_protocol_cont120_03_candidate,SCN5A,20129283,M1I c.3G>A,affected,1,1,1,0,exact,False,case,caption_names_disease_column_counts_people,Table 4 Compendium of Brugada syndrome-associated SCN5A mutations,No. of unrelatedindividuals,Table 4
20260905_protocol_cont120_03_candidate,SCN5A,20129283,M369K c.1106T>A,affected,1,1,1,0,exact,False,case,caption_names_disease_column_counts_people,Table 4 Compendium of Brugada syndrome-associated SCN5A mutations,No. of unrelatedindividuals,Table 4
20260905_protocol_cont120_03_candidate,SCN5A,20129283,M734IfsX11 c.2201dupT,affected,1,1,1,0,exact,False,case,caption_names_disease_column_counts_people,Table 4 Compendium of Brugada syndrome-associated SCN5A mutations,No. of unrelatedindividuals,Table 4
20260905_protocol_cont120_03_candidate,SCN5A,20129283,M764R,affected,1,1,1,0,exact,False,case,caption_names_disease_column_counts_people,Table 4 Compendium of Brugada syndrome-associated SCN5A mutations,No. of unrelatedindividuals,Table 3
20260905_protocol_cont120_03_candidate,SCN5A,20129283,N109K c.327C>A,affected,1,1,1,0,exact,False,case,caption_names_disease_column_counts_people,Table 4 Compendium of Brugada syndrome-associated SCN5A mutations,No. of unrelatedindividuals,Table 4
20260905_protocol_cont120_03_candidate,SCN5A,20129283,N1463Y c.4387A>T,affected,1,1,1,0,exact,False,case,caption_names_disease_column_counts_people,Table 4 Compendium of Brugada syndrome-associated SCN5A mutations,No. of unrelatedindividuals,Table 4
20260905_protocol_cont120_03_candidate,SCN5A,20129283,N1722D c.5164A>G,affected,1,1,1,0,exact,False,case,caption_names_disease_column_counts_people,Table 4 Compendium of Brugada syndrome-associated SCN5A mutations,No. of unrelatedindividuals,Table 4
20260905_protocol_cont120_03_candidate,SCN5A,20129283,N70K c.210T>G,affected,1,1,1,0,exact,False,case,caption_names_disease_column_counts_people,Table 4 Compendium of Brugada syndrome-associated SCN5A mutations,No. of unrelatedindividuals,Table 4
20260905_protocol_cont120_03_candidate,SCN5A,20129283,N927S c.2780A>G,affected,3,1,1,0,wrong,False,case,caption_names_disease_column_counts_people,Table 4 Compendium of Brugada syndrome-associated SCN5A mutations,No. of unrelatedindividuals,Table 4
20260905_protocol_cont120_03_candidate,SCN5A,20129283,P1002HfsX25 c.3005_3012delCCAGCTGC,affected,1,1,1,0,exact,False,case,caption_names_disease_column_counts_people,Table 4 Compendium of Brugada syndrome-associated SCN5A mutations,No. of unrelatedindividuals,Table 4
20260905_protocol_cont120_03_candidate,SCN5A,20129283,P1048CfsX98 c.3140_3141dupTG,affected,1,1,1,0,exact,False,case,caption_names_disease_column_counts_people,Table 4 Compendium of Brugada syndrome-associated SCN5A mutations,No. of unrelatedindividuals,Table 4
20260905_protocol_cont120_03_candidate,SCN5A,20129283,P1332L,affected,1,1,1,0,exact,False,case,caption_names_disease_column_counts_people,Table 4 Compendium of Brugada syndrome-associated SCN5A mutations,No. of unrelatedindividuals,Table 3
20260905_protocol_cont120_03_candidate,SCN5A,20129283,P1619RfsX12 c.4856delC,affected,1,1,1,0,exact,False,case,caption_names_disease_column_counts_people,Table 4 Compendium of Brugada syndrome-associated SCN5A mutations,No. of unrelatedindividuals,Table 4
20260905_protocol_cont120_03_candidate,SCN5A,20129283,P336L c.1007C>T,affected,2,1,1,0,wrong,False,case,caption_names_disease_column_counts_people,Table 4 Compendium of Brugada syndrome-associated SCN5A mutations,No. of unrelatedindividuals,Table 4
20260905_protocol_cont120_03_candidate,SCN5A,20129283,P640A c.1918C>G,affected,1,1,1,0,exact,False,case,caption_names_disease_column_counts_people,Table 4 Compendium of Brugada syndrome-associated SCN5A mutations,No. of unrelatedindividuals,Table 4
20260905_protocol_cont120_03_candidate,SCN5A,20129283,P648L c.1943C>T,affected,1,1,1,0,exact,False,case,caption_names_disease_column_counts_people,Table 4 Compendium of Brugada syndrome-associated SCN5A mutations,No. of unrelatedindividuals,Table 4
20260905_protocol_cont120_03_candidate,SCN5A,20129283,P701L c.2102C>T,affected,1,1,1,0,exact,False,case,caption_names_disease_column_counts_people,Table 4 Compendium of Brugada syndrome-associated SCN5A mutations,No. of unrelatedindividuals,Table 4
20260905_protocol_cont120_03_candidate,SCN5A,20129283,P717L c.2150C>T,affected,1,1,1,0,exact,False,case,caption_names_disease_column_counts_people,Table 4 Compendium of Brugada syndrome-associated SCN5A mutations,No. of unrelatedindividuals,Table 4
20260905_protocol_cont120_03_candidate,SCN5A,20129283,P773S c.2317C>T,affected,1,1,1,0,exact,False,case,caption_names_disease_column_counts_people,Table 4 Compendium of Brugada syndrome-associated SCN5A mutations,No. of unrelatedindividuals,Table 4
20260905_protocol_cont120_03_candidate,SCN5A,20129283,Q1185GfsX55 c.3553_3554delCA,affected,1,1,1,0,exact,False,case,caption_names_disease_column_counts_people,Table 4 Compendium of Brugada syndrome-associated SCN5A mutations,No. of unrelatedindividuals,Table 4
20260905_protocol_cont120_03_candidate,SCN5A,20129283,Q1383X,affected,1,1,1,0,exact,False,case,caption_names_disease_column_counts_people,Table 4 Compendium of Brugada syndrome-associated SCN5A mutations,No. of unrelatedindividuals,Table 3
20260905_protocol_cont120_03_candidate,SCN5A,20129283,Q1476X c.4426C>T,affected,1,1,1,0,exact,False,case,caption_names_disease_column_counts_people,Table 4 Compendium of Brugada syndrome-associated SCN5A mutations,No. of unrelatedindividuals,Table 4
20260905_protocol_cont120_03_candidate,SCN5A,20129283,Q1613L c.4838A>T,affected,1,1,1,0,exact,False,case,caption_names_disease_column_counts_people,Table 4 Compendium of Brugada syndrome-associated SCN5A mutations,No. of unrelatedindividuals,Table 4
20260905_protocol_cont120_03_candidate,SCN5A,20129283,Q1695X c.5083C>T,affected,2,1,1,0,wrong,False,case,caption_names_disease_column_counts_people,Table 4 Compendium of Brugada syndrome-associated SCN5A mutations,No. of unrelatedindividuals,Table 4
20260905_protocol_cont120_03_candidate,SCN5A,20129283,Q1832E c.5494C>G,affected,1,1,1,0,exact,False,case,caption_names_disease_column_counts_people,Table 4 Compendium of Brugada syndrome-associated SCN5A mutations,No. of unrelatedindividuals,Table 4
20260905_protocol_cont120_03_candidate,SCN5A,20129283,Q270K c.808C>A,affected,1,1,1,0,exact,False,case,caption_names_disease_column_counts_people,Table 4 Compendium of Brugada syndrome-associated SCN5A mutations,No. of unrelatedindividuals,Table 4
20260905_protocol_cont120_03_candidate,SCN5A,20129283,Q419X c.1255C>T,affected,1,1,1,0,exact,False,case,caption_names_disease_column_counts_people,Table 4 Compendium of Brugada syndrome-associated SCN5A mutations,No. of unrelatedindividuals,Table 4
20260905_protocol_cont120_03_candidate,SCN5A,20129283,Q573X c.1717C>T,affected,1,1,1,0,exact,False,case,caption_names_disease_column_counts_people,Table 4 Compendium of Brugada syndrome-associated SCN5A mutations,No. of unrelatedindividuals,Table 4
20260905_protocol_cont120_03_candidate,SCN5A,20129283,Q646RfsX5 c.1936delC,affected,3,1,1,0,wrong,False,case,caption_names_disease_column_counts_people,Table 4 Compendium of Brugada syndrome-associated SCN5A mutations,No. of unrelatedindividuals,Table 4
20260905_protocol_cont120_03_candidate,SCN5A,20129283,Q73X c.217C>T,affected,1,1,1,0,exact,False,case,caption_names_disease_column_counts_people,Table 4 Compendium of Brugada syndrome-associated SCN5A mutations,No. of unrelatedindividuals,Table 4
20260905_protocol_cont120_03_candidate,SCN5A,20129283,R104Q c.311G>A,affected,3,1,1,0,wrong,False,case,caption_names_disease_column_counts_people,Table 4 Compendium of Brugada syndrome-associated SCN5A mutations,No. of unrelatedindividuals,Table 4
20260905_protocol_cont120_03_candidate,SCN5A,20129283,R104W c.310C>T,affected,2,1,1,0,wrong,False,case,caption_names_disease_column_counts_people,Table 4 Compendium of Brugada syndrome-associated SCN5A mutations,No. of unrelatedindividuals,Table 4
20260905_protocol_cont120_03_candidate,SCN5A,20129283,R121Q c.362G>A,affected,2,1,1,0,wrong,False,case,caption_names_disease_column_counts_people,Table 4 Compendium of Brugada syndrome-associated SCN5A mutations,No. of unrelatedindividuals,Table 4
20260905_protocol_cont120_03_candidate,SCN5A,20129283,R121W c.361C>T,affected,1,1,1,0,exact,False,case,caption_names_disease_column_counts_people,Table 4 Compendium of Brugada syndrome-associated SCN5A mutations,No. of unrelatedindividuals,Table 4
20260905_protocol_cont120_03_candidate,SCN5A,20129283,R1232Q c.3695G>A,affected,1,1,1,0,exact,False,case,caption_names_disease_column_counts_people,Table 4 Compendium of Brugada syndrome-associated SCN5A mutations,No. of unrelatedindividuals,Table 4
20260905_protocol_cont120_03_candidate,SCN5A,20129283,R1232W c.3694C>T,affected,3,1,1,0,wrong,False,case,caption_names_disease_column_counts_people,Table 4 Compendium of Brugada syndrome-associated SCN5A mutations,No. of unrelatedindividuals,Table 4
20260905_protocol_cont120_03_candidate,SCN5A,20129283,R1432G c.4294A>G,affected,1,1,1,0,exact,False,case,caption_names_disease_column_counts_people,Table 4 Compendium of Brugada syndrome-associated SCN5A mutations,No. of unrelatedindividuals,Table 4
20260905_protocol_cont120_03_candidate,SCN5A,20129283,R1432S c.4296G>C,affected,1,1,1,0,exact,False,case,caption_names_disease_column_counts_people,Table 4 Compendium of Brugada syndrome-associated SCN5A mutations,No. of unrelatedindividuals,Table 4
20260905_protocol_cont120_03_candidate,SCN5A,20129283,R1583C,affected,2,1,1,0,wrong,False,case,caption_names_disease_column_counts_people,Table 4 Compendium of Brugada syndrome-associated SCN5A mutations,No. of unrelatedindividuals,Table 3
20260905_protocol_cont120_03_candidate,SCN5A,20129283,R1583H c.4748G>A,affected,1,1,1,0,exact,False,case,caption_names_disease_column_counts_people,Table 4 Compendium of Brugada syndrome-associated SCN5A mutations,No. of unrelatedindividuals,Table 4
20260905_protocol_cont120_03_candidate,SCN5A,20129283,R1623Q c.4868G>A,affected,1,1,1,0,exact,False,case,caption_names_disease_column_counts_people,Table 4 Compendium of Brugada syndrome-associated SCN5A mutations,No. of unrelatedindividuals,Table 4
20260905_protocol_cont120_03_candidate,SCN5A,20129283,R1623X c.4867C>T,affected,2,1,1,0,wrong,False,case,caption_names_disease_column_counts_people,Table 4 Compendium of Brugada syndrome-associated SCN5A mutations,No. of unrelatedindividuals,Table 4
20260905_protocol_cont120_03_candidate,SCN5A,20129283,R1629Q c.4886G>A,affected,1,1,1,0,exact,False,case,caption_names_disease_column_counts_people,Table 4 Compendium of Brugada syndrome-associated SCN5A mutations,No. of unrelatedindividuals,Table 4
20260905_protocol_cont120_03_candidate,SCN5A,20129283,R1629X c.4885C>T,affected,1,1,1,0,exact,False,case,caption_names_disease_column_counts_people,Table 4 Compendium of Brugada syndrome-associated SCN5A mutations,No. of unrelatedindividuals,Table 4
20260905_protocol_cont120_03_candidate,SCN5A,20129283,R1638X c.4912C>T,affected,3,1,1,0,wrong,False,case,caption_names_disease_column_counts_people,Table 4 Compendium of Brugada syndrome-associated SCN5A mutations,No. of unrelatedindividuals,Table 4
20260905_protocol_cont120_03_candidate,SCN5A,20129283,R179X c.535C>T,affected,1,1,1,0,exact,False,case,caption_names_disease_column_counts_people,Table 4 Compendium of Brugada syndrome-associated SCN5A mutations,No. of unrelatedindividuals,Table 4
20260905_protocol_cont120_03_candidate,SCN5A,20129283,R1860KfsX13 c.5577_5578dupAA,affected,1,1,1,0,exact,False,case,caption_names_disease_column_counts_people,Table 4 Compendium of Brugada syndrome-associated SCN5A mutations,No. of unrelatedindividuals,Table 4
20260905_protocol_cont120_03_candidate,SCN5A,20129283,R18Q c.53G>A,affected,1,1,1,0,exact,False,case,caption_names_disease_column_counts_people,Table 4 Compendium of Brugada syndrome-associated SCN5A mutations,No. of unrelatedindividuals,Table 4
20260905_protocol_cont120_03_candidate,SCN5A,20129283,R222Q c.665G>A,affected,1,1,1,0,exact,False,case,caption_names_disease_column_counts_people,Table 4 Compendium of Brugada syndrome-associated SCN5A mutations,No. of unrelatedindividuals,Table 4
20260905_protocol_cont120_03_candidate,SCN5A,20129283,R222X c.664C>T,affected,4,4,4,0,exact,False,case,caption_names_disease_column_counts_people,Table 4 Compendium of Brugada syndrome-associated SCN5A mutations,No. of unrelatedindividuals,Table 4
20260905_protocol_cont120_03_candidate,SCN5A,20129283,R225W c.673C>T,affected,3,2,2,0,wrong,False,case,caption_names_disease_column_counts_people,Table 4 Compendium of Brugada syndrome-associated SCN5A mutations,No. of unrelatedindividuals,Table 4
20260905_protocol_cont120_03_candidate,SCN5A,20129283,R282C c.844C>T,affected,1,1,1,0,exact,False,case,caption_names_disease_column_counts_people,Table 4 Compendium of Brugada syndrome-associated SCN5A mutations,No. of unrelatedindividuals,Table 4
20260905_protocol_cont120_03_candidate,SCN5A,20129283,R367C c.1099C>T,affected,2,2,2,0,exact,False,case,caption_names_disease_column_counts_people,Table 4 Compendium of Brugada syndrome-associated SCN5A mutations,No. of unrelatedindividuals,Table 4
20260905_protocol_cont120_03_candidate,SCN5A,20129283,R367H c.1100G>A,affected,6,1,1,0,wrong,False,case,caption_names_disease_column_counts_people,Table 4 Compendium of Brugada syndrome-associated SCN5A mutations,No. of unrelatedindividuals,Table 4
20260905_protocol_cont120_03_candidate,SCN5A,20129283,R367L c.1100G>T,affected,1,1,1,0,exact,False,case,caption_names_disease_column_counts_people,Table 4 Compendium of Brugada syndrome-associated SCN5A mutations,No. of unrelatedindividuals,Table 4
20260905_protocol_cont120_03_candidate,SCN5A,20129283,R376H c.1127G>A,affected,4,1,1,0,wrong,False,case,caption_names_disease_column_counts_people,Table 4 Compendium of Brugada syndrome-associated SCN5A mutations,No. of unrelatedindividuals,Table 4
20260905_protocol_cont120_03_candidate,SCN5A,20129283,R513VfsX8 c.1537delC,affected,1,1,1,0,exact,False,case,caption_names_disease_column_counts_people,Table 4 Compendium of Brugada syndrome-associated SCN5A mutations,No. of unrelatedindividuals,Table 4
20260905_protocol_cont120_03_candidate,SCN5A,20129283,R526H c.1577G>A,affected,2,1,1,0,wrong,False,case,caption_names_disease_column_counts_people,Table 4 Compendium of Brugada syndrome-associated SCN5A mutations,No. of unrelatedindividuals,Table 4
20260905_protocol_cont120_03_candidate,SCN5A,20129283,R535X c.1603C>T,affected,4,1,1,0,wrong,False,case,caption_names_disease_column_counts_people,Table 4 Compendium of Brugada syndrome-associated SCN5A mutations,No. of unrelatedindividuals,Table 4
20260905_protocol_cont120_03_candidate,SCN5A,20129283,R620C c.1858C>T,affected,1,1,1,0,exact,False,case,caption_names_disease_column_counts_people,Table 4 Compendium of Brugada syndrome-associated SCN5A mutations,No. of unrelatedindividuals,Table 4
20260905_protocol_cont120_03_candidate,SCN5A,20129283,R661W c.1981C>T,affected,1,1,1,0,exact,False,case,caption_names_disease_column_counts_people,Table 4 Compendium of Brugada syndrome-associated SCN5A mutations,No. of unrelatedindividuals,Table 4
20260905_protocol_cont120_03_candidate,SCN5A,20129283,R808P c.2423G>C,affected,1,1,1,0,exact,False,case,caption_names_disease_column_counts_people,Table 4 Compendium of Brugada syndrome-associated SCN5A mutations,No. of unrelatedindividuals,Table 4
20260905_protocol_cont120_03_candidate,SCN5A,20129283,R878C c.2632C>T,affected,1,1,1,0,exact,False,case,caption_names_disease_column_counts_people,Table 4 Compendium of Brugada syndrome-associated SCN5A mutations,No. of unrelatedindividuals,Table 4
20260905_protocol_cont120_03_candidate,SCN5A,20129283,R878H c.2633G>A,affected,5,1,1,0,wrong,False,case,caption_names_disease_column_counts_people,Table 4 Compendium of Brugada syndrome-associated SCN5A mutations,No. of unrelatedindividuals,Table 4
20260905_protocol_cont120_03_candidate,SCN5A,20129283,R893C c.2677C>T,affected,2,2,2,0,exact,False,case,caption_names_disease_column_counts_people,Table 4 Compendium of Brugada syndrome-associated SCN5A mutations,No. of unrelatedindividuals,Table 4
20260905_protocol_cont120_03_candidate,SCN5A,20129283,R893H c.2678G>A,affected,3,1,1,0,wrong,False,case,caption_names_disease_column_counts_people,Table 4 Compendium of Brugada syndrome-associated SCN5A mutations,No. of unrelatedindividuals,Table 4
20260905_protocol_cont120_03_candidate,SCN5A,20129283,R965C c.2893C>T,affected,3,1,1,0,wrong,False,case,caption_names_disease_column_counts_people,Table 4 Compendium of Brugada syndrome-associated SCN5A mutations,No. of unrelatedindividuals,Table 4
20260905_protocol_cont120_03_candidate,SCN5A,20129283,R965H c.2894G>A,affected,1,1,1,0,exact,False,case,caption_names_disease_column_counts_people,Table 4 Compendium of Brugada syndrome-associated SCN5A mutations,No. of unrelatedindividuals,Table 4
20260905_protocol_cont120_03_candidate,SCN5A,20129283,S1079Y c.3236C>A,affected,1,1,1,0,exact,False,case,caption_names_disease_column_counts_people,Table 4 Compendium of Brugada syndrome-associated SCN5A mutations,No. of unrelatedindividuals,Table 4
20260905_protocol_cont120_03_candidate,SCN5A,20129283,S1140T c.3419G>C,affected,1,1,1,0,exact,False,case,caption_names_disease_column_counts_people,Table 4 Compendium of Brugada syndrome-associated SCN5A mutations,No. of unrelatedindividuals,Table 4
20260905_protocol_cont120_03_candidate,SCN5A,20129283,S1219N c.3656G>A,affected,1,1,1,0,exact,False,case,caption_names_disease_column_counts_people,Table 4 Compendium of Brugada syndrome-associated SCN5A mutations,No. of unrelatedindividuals,Table 4
20260905_protocol_cont120_03_candidate,SCN5A,20129283,S1382I c.4145G>T,affected,1,1,1,0,exact,False,case,caption_names_disease_column_counts_people,Table 4 Compendium of Brugada syndrome-associated SCN5A mutations,No. of unrelatedindividuals,Table 4
20260905_protocol_cont120_03_candidate,SCN5A,20129283,S1672Y c.5015C>A,affected,2,1,1,0,wrong,False,case,caption_names_disease_column_counts_people,Table 4 Compendium of Brugada syndrome-associated SCN5A mutations,No. of unrelatedindividuals,Table 4
20260905_protocol_cont120_03_candidate,SCN5A,20129283,S1812X c.5435C>A,affected,1,1,1,0,exact,False,case,caption_names_disease_column_counts_people,Table 4 Compendium of Brugada syndrome-associated SCN5A mutations,No. of unrelatedindividuals,Table 4
20260905_protocol_cont120_03_candidate,SCN5A,20129283,S1904L c.5707G>C,affected,1,1,1,0,exact,False,case,caption_names_disease_column_counts_people,Table 4 Compendium of Brugada syndrome-associated SCN5A mutations,No. of unrelatedindividuals,Table 4
20260905_protocol_cont120_03_candidate,SCN5A,20129283,S476RfsX30 c.1428_1431delCAAG,affected,1,1,1,0,exact,False,case,caption_names_disease_column_counts_people,Table 4 Compendium of Brugada syndrome-associated SCN5A mutations,No. of unrelatedindividuals,Table 4
20260905_protocol_cont120_03_candidate,SCN5A,20129283,S910L c.2729C>T,affected,1,1,1,0,exact,False,case,caption_names_disease_column_counts_people,Table 4 Compendium of Brugada syndrome-associated SCN5A mutations,No. of unrelatedindividuals,Table 4
20260905_protocol_cont120_03_candidate,SCN5A,20129283,T1620M c.4859C>T,affected,2,1,1,0,wrong,False,case,caption_names_disease_column_counts_people,Table 4 Compendium of Brugada syndrome-associated SCN5A mutations,No. of unrelatedindividuals,Table 4
20260905_protocol_cont120_03_candidate,SCN5A,20129283,T1709M c.5126C>T,affected,2,1,1,0,wrong,False,case,caption_names_disease_column_counts_people,Table 4 Compendium of Brugada syndrome-associated SCN5A mutations,No. of unrelatedindividuals,Table 4
20260905_protocol_cont120_03_candidate,SCN5A,20129283,T1709R c.5126C>G,affected,1,1,1,0,exact,False,case,caption_names_disease_column_counts_people,Table 4 Compendium of Brugada syndrome-associated SCN5A mutations,No. of unrelatedindividuals,Table 4
20260905_protocol_cont120_03_candidate,SCN5A,20129283,T1709del c.5124_5126delCAC,affected,1,1,1,0,exact,False,case,caption_names_disease_column_counts_people,Table 4 Compendium of Brugada syndrome-associated SCN5A mutations,No. of unrelatedindividuals,Table 4
20260905_protocol_cont120_03_candidate,SCN5A,20129283,T1779M c.5336C>T,affected,1,1,1,0,exact,False,case,caption_names_disease_column_counts_people,Table 4 Compendium of Brugada syndrome-associated SCN5A mutations,No. of unrelatedindividuals,Table 4
20260905_protocol_cont120_03_candidate,SCN5A,20129283,T220FfsX10 c.656_657insATTCA,affected,1,1,1,0,exact,False,case,caption_names_disease_column_counts_people,Table 4 Compendium of Brugada syndrome-associated SCN5A mutations,No. of unrelatedindividuals,Table 4
20260905_protocol_cont120_03_candidate,SCN5A,20129283,T220I c.659C>T,affected,2,1,1,0,wrong,False,case,caption_names_disease_column_counts_people,Table 4 Compendium of Brugada syndrome-associated SCN5A mutations,No. of unrelatedindividuals,Table 4
20260905_protocol_cont120_03_candidate,SCN5A,20129283,T320N c.959C>A,affected,1,1,1,0,exact,False,case,caption_names_disease_column_counts_people,Table 4 Compendium of Brugada syndrome-associated SCN5A mutations,No. of unrelatedindividuals,Table 4
20260905_protocol_cont120_03_candidate,SCN5A,20129283,T630T c.1890G>A,affected,3,3,3,0,exact,False,case,caption_names_disease_column_counts_people,Table 4 Compendium of Brugada syndrome-associated SCN5A mutations,No. of unrelatedindividuals,Table 4
20260905_protocol_cont120_03_candidate,SCN5A,20129283,T632M c.1895C>T,affected,2,1,1,0,wrong,False,case,caption_names_disease_column_counts_people,Table 4 Compendium of Brugada syndrome-associated SCN5A mutations,No. of unrelatedindividuals,Table 4
20260905_protocol_cont120_03_candidate,SCN5A,20129283,V1249D c.3746T>A,affected,1,1,1,0,exact,False,case,caption_names_disease_column_counts_people,Table 4 Compendium of Brugada syndrome-associated SCN5A mutations,No. of unrelatedindividuals,Table 4
20260905_protocol_cont120_03_candidate,SCN5A,20129283,V1323G c.3968T>G,affected,1,1,1,0,exact,False,case,caption_names_disease_column_counts_people,Table 4 Compendium of Brugada syndrome-associated SCN5A mutations,No. of unrelatedindividuals,Table 4
20260905_protocol_cont120_03_candidate,SCN5A,20129283,V1340I c.4018G>A,affected,1,1,1,0,exact,False,case,caption_names_disease_column_counts_people,Table 4 Compendium of Brugada syndrome-associated SCN5A mutations,No. of unrelatedindividuals,Table 4
20260905_protocol_cont120_03_candidate,SCN5A,20129283,V1353M c.4057G>A,affected,2,2,2,0,exact,False,case,caption_names_disease_column_counts_people,Table 4 Compendium of Brugada syndrome-associated SCN5A mutations,No. of unrelatedindividuals,Table 4
20260905_protocol_cont120_03_candidate,SCN5A,20129283,V1405L c.4213G>C,affected,2,2,2,0,exact,False,case,caption_names_disease_column_counts_people,Table 4 Compendium of Brugada syndrome-associated SCN5A mutations,No. of unrelatedindividuals,Table 4
20260905_protocol_cont120_03_candidate,SCN5A,20129283,V1405M c.4213G>A,affected,2,1,1,0,wrong,False,case,caption_names_disease_column_counts_people,Table 4 Compendium of Brugada syndrome-associated SCN5A mutations,No. of unrelatedindividuals,Table 4
20260905_protocol_cont120_03_candidate,SCN5A,20129283,V1451D c.4352T>A,affected,1,1,1,0,exact,False,case,caption_names_disease_column_counts_people,Table 4 Compendium of Brugada syndrome-associated SCN5A mutations,No. of unrelatedindividuals,Table 4
20260905_protocol_cont120_03_candidate,SCN5A,20129283,V1468F c.4402G>T,affected,1,1,1,0,exact,False,case,caption_names_disease_column_counts_people,Table 4 Compendium of Brugada syndrome-associated SCN5A mutations,No. of unrelatedindividuals,Table 4
20260905_protocol_cont120_03_candidate,SCN5A,20129283,V146M c.436G>A,affected,1,1,1,0,exact,False,case,caption_names_disease_column_counts_people,Table 4 Compendium of Brugada syndrome-associated SCN5A mutations,No. of unrelatedindividuals,Table 4
20260905_protocol_cont120_03_candidate,SCN5A,20129283,V1525M c.4573G>A,affected,1,,,,unmatched_or_gold_null,False,case,caption_names_disease_column_counts_people,Table 4 Compendium of Brugada syndrome-associated SCN5A mutations,No. of unrelatedindividuals,Table 4
20260905_protocol_cont120_03_candidate,SCN5A,20129283,V1604M c.4810G>A,affected,1,1,1,0,exact,False,case,caption_names_disease_column_counts_people,Table 4 Compendium of Brugada syndrome-associated SCN5A mutations,No. of unrelatedindividuals,Table 4
20260905_protocol_cont120_03_candidate,SCN5A,20129283,V1667I c.4999G>A,affected,1,1,1,0,exact,False,case,caption_names_disease_column_counts_people,Table 4 Compendium of Brugada syndrome-associated SCN5A mutations,No. of unrelatedindividuals,Table 4
20260905_protocol_cont120_03_candidate,SCN5A,20129283,V1764F c.5290G>T,affected,1,1,1,0,exact,False,case,caption_names_disease_column_counts_people,Table 4 Compendium of Brugada syndrome-associated SCN5A mutations,No. of unrelatedindividuals,Table 4
20260905_protocol_cont120_03_candidate,SCN5A,20129283,V1764SfsX23 c.5290delG,affected,1,1,1,0,exact,False,case,caption_names_disease_column_counts_people,Table 4 Compendium of Brugada syndrome-associated SCN5A mutations,No. of unrelatedindividuals,Table 4
20260905_protocol_cont120_03_candidate,SCN5A,20129283,V1861I c.5581G>A,affected,1,1,1,0,exact,False,case,caption_names_disease_column_counts_people,Table 4 Compendium of Brugada syndrome-associated SCN5A mutations,No. of unrelatedindividuals,Table 4
20260905_protocol_cont120_03_candidate,SCN5A,20129283,V223L c.667G>C,affected,2,2,2,0,exact,False,case,caption_names_disease_column_counts_people,Table 4 Compendium of Brugada syndrome-associated SCN5A mutations,No. of unrelatedindividuals,Table 4
20260905_protocol_cont120_03_candidate,SCN5A,20129283,V232I c.694G>A,affected,2,1,1,0,wrong,False,case,caption_names_disease_column_counts_people,Table 4 Compendium of Brugada syndrome-associated SCN5A mutations,No. of unrelatedindividuals,Table 4
20260905_protocol_cont120_03_candidate,SCN5A,20129283,V240M,affected,1,1,1,0,exact,False,case,caption_names_disease_column_counts_people,Table 4 Compendium of Brugada syndrome-associated SCN5A mutations,No. of unrelatedindividuals,Table 3
20260905_protocol_cont120_03_candidate,SCN5A,20129283,V300I,affected,1,1,1,0,exact,False,case,caption_names_disease_column_counts_people,Table 4 Compendium of Brugada syndrome-associated SCN5A mutations,No. of unrelatedindividuals,Table 3
20260905_protocol_cont120_03_candidate,SCN5A,20129283,V396A c.1187T>C,affected,1,1,1,0,exact,False,case,caption_names_disease_column_counts_people,Table 4 Compendium of Brugada syndrome-associated SCN5A mutations,No. of unrelatedindividuals,Table 4
20260905_protocol_cont120_03_candidate,SCN5A,20129283,V396L c.1186G>C,affected,1,1,1,0,exact,False,case,caption_names_disease_column_counts_people,Table 4 Compendium of Brugada syndrome-associated SCN5A mutations,No. of unrelatedindividuals,Table 4
20260905_protocol_cont120_03_candidate,SCN5A,20129283,V789I c.2365G>A,affected,1,1,1,0,exact,False,case,caption_names_disease_column_counts_people,Table 4 Compendium of Brugada syndrome-associated SCN5A mutations,No. of unrelatedindividuals,Table 4
20260905_protocol_cont120_03_candidate,SCN5A,20129283,V845CfsX2 c.2533delG,affected,1,1,1,0,exact,False,case,caption_names_disease_column_counts_people,Table 4 Compendium of Brugada syndrome-associated SCN5A mutations,No. of unrelatedindividuals,Table 4
20260905_protocol_cont120_03_candidate,SCN5A,20129283,W1115X c.3345G>A,affected,1,1,1,0,exact,False,case,caption_names_disease_column_counts_people,Table 4 Compendium of Brugada syndrome-associated SCN5A mutations,No. of unrelatedindividuals,Table 4
20260905_protocol_cont120_03_candidate,SCN5A,20129283,W1192X c.3576G>A,affected,1,1,1,0,exact,False,case,caption_names_disease_column_counts_people,Table 4 Compendium of Brugada syndrome-associated SCN5A mutations,No. of unrelatedindividuals,Table 4
20260905_protocol_cont120_03_candidate,SCN5A,20129283,W1271C c.3813G>C,affected,1,1,1,0,exact,False,case,caption_names_disease_column_counts_people,Table 4 Compendium of Brugada syndrome-associated SCN5A mutations,No. of unrelatedindividuals,Table 4
20260905_protocol_cont120_03_candidate,SCN5A,20129283,W1440X c.4320G>A,affected,1,1,1,0,exact,False,case,caption_names_disease_column_counts_people,Table 4 Compendium of Brugada syndrome-associated SCN5A mutations,No. of unrelatedindividuals,Table 4
20260905_protocol_cont120_03_candidate,SCN5A,20129283,W156X c.468G>A,affected,1,1,1,0,exact,False,case,caption_names_disease_column_counts_people,Table 4 Compendium of Brugada syndrome-associated SCN5A mutations,No. of unrelatedindividuals,Table 4
20260905_protocol_cont120_03_candidate,SCN5A,20129283,W1591X c.4773G>A,affected,1,1,1,0,exact,False,case,caption_names_disease_column_counts_people,Table 4 Compendium of Brugada syndrome-associated SCN5A mutations,No. of unrelatedindividuals,Table 4
20260905_protocol_cont120_03_candidate,SCN5A,20129283,W193X c.579G>A,affected,1,1,1,0,exact,False,case,caption_names_disease_column_counts_people,Table 4 Compendium of Brugada syndrome-associated SCN5A mutations,No. of unrelatedindividuals,Table 4
20260905_protocol_cont120_03_candidate,SCN5A,20129283,W374G c.1120T>G,affected,1,1,1,0,exact,False,case,caption_names_disease_column_counts_people,Table 4 Compendium of Brugada syndrome-associated SCN5A mutations,No. of unrelatedindividuals,Table 4
20260905_protocol_cont120_03_candidate,SCN5A,20129283,W822X c.2465G>A,affected,1,1,1,0,exact,False,case,caption_names_disease_column_counts_people,Table 4 Compendium of Brugada syndrome-associated SCN5A mutations,No. of unrelatedindividuals,Table 4
20260905_protocol_cont120_03_candidate,SCN5A,20129283,Y1228H c.3682T>C,affected,1,1,1,0,exact,False,case,caption_names_disease_column_counts_people,Table 4 Compendium of Brugada syndrome-associated SCN5A mutations,No. of unrelatedindividuals,Table 4
20260905_protocol_cont120_03_candidate,SCN5A,20129283,Y1394X c.4182C>G,affected,1,1,1,0,exact,False,case,caption_names_disease_column_counts_people,Table 4 Compendium of Brugada syndrome-associated SCN5A mutations,No. of unrelatedindividuals,Table 4
20260905_protocol_cont120_03_candidate,SCN5A,20129283,Y1409C c.4226A>G,affected,1,1,1,0,exact,False,case,caption_names_disease_column_counts_people,Table 4 Compendium of Brugada syndrome-associated SCN5A mutations,No. of unrelatedindividuals,Table 4
20260905_protocol_cont120_03_candidate,SCN5A,20129283,Y1409X c.4227C>G,affected,1,1,1,0,exact,False,case,caption_names_disease_column_counts_people,Table 4 Compendium of Brugada syndrome-associated SCN5A mutations,No. of unrelatedindividuals,Table 4
20260905_protocol_cont120_03_candidate,SCN5A,20129283,Y1434X c.4302T>G,affected,1,1,1,0,exact,False,case,caption_names_disease_column_counts_people,Table 4 Compendium of Brugada syndrome-associated SCN5A mutations,No. of unrelatedindividuals,Table 4
20260905_protocol_cont120_03_candidate,SCN5A,20129283,Y1449C c.4346A>G,affected,1,1,1,0,exact,False,case,caption_names_disease_column_counts_people,Table 4 Compendium of Brugada syndrome-associated SCN5A mutations,No. of unrelatedindividuals,Table 4
20260905_protocol_cont120_03_candidate,SCN5A,20129283,Y159X c.477T>A,affected,1,1,1,0,exact,False,case,caption_names_disease_column_counts_people,Table 4 Compendium of Brugada syndrome-associated SCN5A mutations,No. of unrelatedindividuals,Table 4
20260905_protocol_cont120_03_candidate,SCN5A,20129283,Y1615X c.4845C>A,affected,1,1,1,0,exact,False,case,caption_names_disease_column_counts_people,Table 4 Compendium of Brugada syndrome-associated SCN5A mutations,No. of unrelatedindividuals,Table 4
20260905_protocol_cont120_03_candidate,SCN5A,20129283,Y774TfsX28 c.2320delT,affected,2,2,2,0,exact,False,case,caption_names_disease_column_counts_people,Table 4 Compendium of Brugada syndrome-associated SCN5A mutations,No. of unrelatedindividuals,Table 4
20260905_protocol_cont120_03_candidate,SCN5A,20129283,Y776del c.2326_2328delTAC,affected,1,1,1,0,exact,False,case,caption_names_disease_column_counts_people,Table 4 Compendium of Brugada syndrome-associated SCN5A mutations,No. of unrelatedindividuals,Table 4
20260905_protocol_cont120_03_candidate,SCN5A,20129283,c.1338+2T>A,affected,1,1,1,0,exact,False,case,caption_names_disease_column_counts_people,Table 4 Compendium of Brugada syndrome-associated SCN5A mutations,No. of unrelatedindividuals,Table 4
20260905_protocol_cont120_03_candidate,SCN5A,20129283,c.1890+5G>A,affected,2,1,1,0,wrong,False,case,caption_names_disease_column_counts_people,Table 4 Compendium of Brugada syndrome-associated SCN5A mutations,No. of unrelatedindividuals,Table 4
20260905_protocol_cont120_03_candidate,SCN5A,20129283,c.2435_24363delTGGTAinsCGCCT,affected,1,,,,unmatched_or_gold_null,False,case,caption_names_disease_column_counts_people,Table 4 Compendium of Brugada syndrome-associated SCN5A mutations,No. of unrelatedindividuals,Table 4
20260905_protocol_cont120_03_candidate,SCN5A,20129283,c.3228+2delT,affected,1,1,1,0,exact,False,case,caption_names_disease_column_counts_people,Table 4 Compendium of Brugada syndrome-associated SCN5A mutations,No. of unrelatedindividuals,Table 4
20260905_protocol_cont120_03_candidate,SCN5A,20129283,c.3840+1G>A,affected,6,1,1,0,wrong,False,case,caption_names_disease_column_counts_people,Table 4 Compendium of Brugada syndrome-associated SCN5A mutations,No. of unrelatedindividuals,Table 4
20260905_protocol_cont120_03_candidate,SCN5A,20129283,c.393-5C>A,affected,1,1,1,0,exact,False,case,caption_names_disease_column_counts_people,Table 4 Compendium of Brugada syndrome-associated SCN5A mutations,No. of unrelatedindividuals,Table 4
20260905_protocol_cont120_03_candidate,SCN5A,20129283,c.3963+2T>C,affected,1,1,1,0,exact,False,case,caption_names_disease_column_counts_people,Table 4 Compendium of Brugada syndrome-associated SCN5A mutations,No. of unrelatedindividuals,Table 4
20260905_protocol_cont120_03_candidate,SCN5A,20129283,c.3963+4A>G,affected,1,1,1,0,exact,False,case,caption_names_disease_column_counts_people,Table 4 Compendium of Brugada syndrome-associated SCN5A mutations,No. of unrelatedindividuals,Table 4
20260905_protocol_cont120_03_candidate,SCN5A,20129283,c.4299+1G>T,affected,1,1,1,0,exact,False,case,caption_names_disease_column_counts_people,Table 4 Compendium of Brugada syndrome-associated SCN5A mutations,No. of unrelatedindividuals,Table 4
20260905_protocol_cont120_03_candidate,SCN5A,20129283,c.4299+1delG,affected,1,1,1,0,exact,False,case,caption_names_disease_column_counts_people,Table 4 Compendium of Brugada syndrome-associated SCN5A mutations,No. of unrelatedindividuals,Table 4
20260905_protocol_cont120_03_candidate,SCN5A,20129283,c.4300-1G>A,affected,1,1,1,0,exact,False,case,caption_names_disease_column_counts_people,Table 4 Compendium of Brugada syndrome-associated SCN5A mutations,No. of unrelatedindividuals,Table 4
20260905_protocol_cont120_03_candidate,SCN5A,20129283,c.4437+5G>A,affected,2,1,1,0,wrong,False,case,caption_names_disease_column_counts_people,Table 4 Compendium of Brugada syndrome-associated SCN5A mutations,No. of unrelatedindividuals,Table 4
20260905_protocol_cont120_03_candidate,SCN5A,20129283,c.4813+2_4813+5dupTGGG,affected,1,1,1,0,exact,False,case,caption_names_disease_column_counts_people,Table 4 Compendium of Brugada syndrome-associated SCN5A mutations,No. of unrelatedindividuals,Table 4
20260905_protocol_cont120_03_candidate,SCN5A,20129283,c.486delC,affected,1,1,1,0,exact,False,case,caption_names_disease_column_counts_people,Table 4 Compendium of Brugada syndrome-associated SCN5A mutations,No. of unrelatedindividuals,Table 4
20260905_protocol_cont120_03_candidate,SCN5A,20129283,c.5387_5388insTGA,affected,1,,,,unmatched_or_gold_null,False,case,caption_names_disease_column_counts_people,Table 4 Compendium of Brugada syndrome-associated SCN5A mutations,No. of unrelatedindividuals,Table 4
20260905_protocol_cont120_03_candidate,SCN5A,20129283,c.611+1G>A,affected,1,1,1,0,exact,False,case,caption_names_disease_column_counts_people,Table 4 Compendium of Brugada syndrome-associated SCN5A mutations,No. of unrelatedindividuals,Table 4
20260905_protocol_cont120_03_candidate,SCN5A,20129283,c.611+3_611+4dupAA,affected,1,1,1,0,exact,False,case,caption_names_disease_column_counts_people,Table 4 Compendium of Brugada syndrome-associated SCN5A mutations,No. of unrelatedindividuals,Table 4
20260905_protocol_cont120_03_candidate,SCN5A,20129283,c.612-2A>G,affected,1,1,1,0,exact,False,case,caption_names_disease_column_counts_people,Table 4 Compendium of Brugada syndrome-associated SCN5A mutations,No. of unrelatedindividuals,Table 4
20260905_protocol_cont120_03_candidate,SCN5A,20129283,c.934+1G>A,affected,1,1,1,0,exact,False,case,caption_names_disease_column_counts_people,Table 4 Compendium of Brugada syndrome-associated SCN5A mutations,No. of unrelatedindividuals,Table 4
20260905_protocol_cont120_03_candidate,SCN5A,20129283,c.934+4C>T,affected,1,1,1,0,exact,False,case,caption_names_disease_column_counts_people,Table 4 Compendium of Brugada syndrome-associated SCN5A mutations,No. of unrelatedindividuals,Table 4
20260905_protocol_cont120_03_candidate,SCN5A,20129283,c.998+1G>A,affected,1,1,1,0,exact,False,case,caption_names_disease_column_counts_people,Table 4 Compendium of Brugada syndrome-associated SCN5A mutations,No. of unrelatedindividuals,Table 4
20260905_protocol_cont120_03_candidate,SCN5A,20129283,p.Pro1438Leu c.4313C>T,affected,1,1,1,0,exact,False,case,caption_names_disease_column_counts_people,Table 4 Compendium of Brugada syndrome-associated SCN5A mutations,No. of unrelatedindividuals,Table 4
