analysis_run,analysis_locked_at,grain,gene,pmid,predicted_variant,manual_variant,measure,manual_count,ai_count,residual_ai_minus_manual,absolute_difference,exact_match,zero_nonzero_disagreement,prediction_source_layer,prediction_source_location,gold_value_set,gold_v2_status,gold_source
20260824_aha_table_sourcebound_gold118,2026-08-25T04:34:19.506766+00:00,matched_variant_paper_measure,KCNH2,15500450,p.Asp609Gly,D609G,affected,1,1,0,0,1,0,llm_text,Main text,baseline,,/Users/kronckbm/GitRepos/GeneVariantFetcher/gene_variant_fetcher_gold_standard/normalized/KCNH2_recall_input.csv
20260824_aha_table_sourcebound_gold118,2026-08-25T04:34:19.506766+00:00,matched_variant_paper_measure,KCNH2,18675227,p.L955V c.2863C>G,L955V,affected,0,1,1,1,0,1,llm_text,"Results, paragraph on patient population; functional in Electrophysiologic characterization and Molecular biology studies",baseline,,/Users/kronckbm/GitRepos/GeneVariantFetcher/gene_variant_fetcher_gold_standard/normalized/KCNH2_recall_input.csv
20260824_aha_table_sourcebound_gold118,2026-08-25T04:34:19.506766+00:00,matched_variant_paper_measure,KCNH2,18675227,p.R954C c.2860C>T,R954C,affected,0,1,1,1,0,1,llm_text,"Results, paragraph on patient population; functional in Electrophysiologic characterization and Molecular biology studies",baseline,,/Users/kronckbm/GitRepos/GeneVariantFetcher/gene_variant_fetcher_gold_standard/normalized/KCNH2_recall_input.csv
20260824_aha_table_sourcebound_gold118,2026-08-25T04:34:19.506766+00:00,matched_variant_paper_measure,KCNH2,22338672,K897T,K897T,affected,0,7,7,7,0,1,figure,figure-reader,baseline,,/Users/kronckbm/GitRepos/GeneVariantFetcher/gene_variant_fetcher_gold_standard/normalized/KCNH2_recall_input.csv
20260824_aha_table_sourcebound_gold118,2026-08-25T04:34:19.506766+00:00,matched_variant_paper_measure,KCNH2,22338672,R744X,R744X,affected,1,1,0,0,1,0,figure,figure-reader,baseline,,/Users/kronckbm/GitRepos/GeneVariantFetcher/gene_variant_fetcher_gold_standard/normalized/KCNH2_recall_input.csv
20260824_aha_table_sourcebound_gold118,2026-08-25T04:34:19.506766+00:00,matched_variant_paper_measure,KCNH2,25819988,p.H562R c.1685A>G,H562R,affected,9,6,-3,3,0,0,llm_text,"Results, Genetic Analysis; Family Events",baseline,,/Users/kronckbm/GitRepos/GeneVariantFetcher/gene_variant_fetcher_gold_standard/normalized/KCNH2_recall_input.csv
20260824_aha_table_sourcebound_gold118,2026-08-25T04:34:19.506766+00:00,matched_variant_paper_measure,KCNH2,26118593,p.R744fs c.2229_2230delC,R744fsX,affected,1,1,0,0,1,0,llm_text,Results section on KCNH2 sequencing,baseline,,/Users/kronckbm/GitRepos/GeneVariantFetcher/gene_variant_fetcher_gold_standard/normalized/KCNH2_recall_input.csv
20260824_aha_table_sourcebound_gold118,2026-08-25T04:34:19.506766+00:00,matched_variant_paper_measure,KCNH2,29016797,p.Asn588Lys c.1764C>G,N588K,affected,0,1,1,1,0,1,llm_table,"Table 2, Results paragraph on family 1",baseline,,/Users/kronckbm/GitRepos/GeneVariantFetcher/gene_variant_fetcher_gold_standard/normalized/KCNH2_recall_input.csv
20260824_aha_table_sourcebound_gold118,2026-08-25T04:34:19.506766+00:00,matched_variant_paper_measure,KCNH2,30036649,p.Leu776Pro c.2327T>C,L776P,affected,1,1,0,0,1,0,llm_table,"Table 2, KCNH2 mutation section",baseline,,/Users/kronckbm/GitRepos/GeneVariantFetcher/gene_variant_fetcher_gold_standard/normalized/KCNH2_recall_input.csv
20260824_aha_table_sourcebound_gold118,2026-08-25T04:34:19.506766+00:00,matched_variant_paper_measure,KCNH2,30036649,p.Arg696Cys c.2086C>T,R696C,affected,1,1,0,0,1,0,llm_table,"Table 2, KCNH2 mutation section",baseline,,/Users/kronckbm/GitRepos/GeneVariantFetcher/gene_variant_fetcher_gold_standard/normalized/KCNH2_recall_input.csv
20260824_aha_table_sourcebound_gold118,2026-08-25T04:34:19.506766+00:00,matched_variant_paper_measure,KCNH2,30036649,p.Ser818Trp c.2453C>G,S818W,affected,1,1,0,0,1,0,llm_table,"Table 2, KCNH2 mutation section",baseline,,/Users/kronckbm/GitRepos/GeneVariantFetcher/gene_variant_fetcher_gold_standard/normalized/KCNH2_recall_input.csv
20260824_aha_table_sourcebound_gold118,2026-08-25T04:34:19.506766+00:00,matched_variant_paper_measure,KCNH2,30036649,p.Thr613Met c.1838C>T,T613M,affected,1,1,0,0,1,0,llm_table,"Table 2, KCNH2 mutation section",baseline,,/Users/kronckbm/GitRepos/GeneVariantFetcher/gene_variant_fetcher_gold_standard/normalized/KCNH2_recall_input.csv
20260824_aha_table_sourcebound_gold118,2026-08-25T04:34:19.506766+00:00,matched_variant_paper_measure,KCNH2,30246897,p.Ala561Val c.1682C>T,A561V,affected,1,1,0,0,1,0,llm_text,"Results, Patient 5 description",baseline,,/Users/kronckbm/GitRepos/GeneVariantFetcher/gene_variant_fetcher_gold_standard/normalized/KCNH2_recall_input.csv
20260824_aha_table_sourcebound_gold118,2026-08-25T04:34:19.506766+00:00,matched_variant_paper_measure,KCNH2,30246897,p.Cys566Arg c.1696T>C,C566R,affected,0,1,1,1,0,1,llm_text,"Results, Patient 4 description",baseline,,/Users/kronckbm/GitRepos/GeneVariantFetcher/gene_variant_fetcher_gold_standard/normalized/KCNH2_recall_input.csv
20260824_aha_table_sourcebound_gold118,2026-08-25T04:34:19.506766+00:00,matched_variant_paper_measure,KCNH2,30246897,p.Arg312Cys c.934C>T,R312C,affected,1,1,0,0,1,0,llm_text,"Results, Patient 3 description",baseline,,/Users/kronckbm/GitRepos/GeneVariantFetcher/gene_variant_fetcher_gold_standard/normalized/KCNH2_recall_input.csv
20260824_aha_table_sourcebound_gold118,2026-08-25T04:34:19.506766+00:00,matched_variant_paper_measure,KCNQ1,24667783,p.Arg555His c.1664G>A,R555H,affected,1,1,0,0,1,0,llm_table,Supplemental Table 1,baseline,,/Users/kronckbm/GitRepos/GeneVariantFetcher/gene_variant_fetcher_gold_standard/normalized/KCNQ1_recall_input.csv
20260824_aha_table_sourcebound_gold118,2026-08-25T04:34:19.506766+00:00,matched_variant_paper_measure,KCNQ1,28491547,p.Val141Met c.421G>A,V141M,affected,3,3,0,0,1,0,llm_text,"Results, Genetic analysis",baseline,,/Users/kronckbm/GitRepos/GeneVariantFetcher/gene_variant_fetcher_gold_standard/normalized/KCNQ1_recall_input.csv
20260824_aha_table_sourcebound_gold118,2026-08-25T04:34:19.506766+00:00,matched_variant_paper_measure,KCNQ1,32168391,p.Gly314Asp c.941G>A,G314D,affected,2,2,0,0,1,0,llm_text,"Case History section, main text",baseline,,/Users/kronckbm/GitRepos/GeneVariantFetcher/gene_variant_fetcher_gold_standard/normalized/KCNQ1_recall_input.csv
20260824_aha_table_sourcebound_gold118,2026-08-25T04:34:19.506766+00:00,matched_variant_paper_measure,KCNQ1,33082985,p.Trp248Phe c.743_744delGGinsTC,W248F,affected,0,1,1,1,0,1,llm_text,"Results, genetic testing paragraph; Abstract",baseline,,/Users/kronckbm/GitRepos/GeneVariantFetcher/gene_variant_fetcher_gold_standard/normalized/KCNQ1_recall_input.csv
20260824_aha_table_sourcebound_gold118,2026-08-25T04:34:19.506766+00:00,matched_variant_paper_measure,RYR2,15466642,p.Ala2403Thr,A2403T,affected,2,2,0,0,1,0,llm_table,Table (Results),baseline,,/Users/kronckbm/GitRepos/GeneVariantFetcher/gene_variant_fetcher_gold_standard/normalized/RYR2_recall_input.csv
20260824_aha_table_sourcebound_gold118,2026-08-25T04:34:19.506766+00:00,matched_variant_paper_measure,RYR2,15466642,p.Ala4510Thr,A4510T,affected,1,1,0,0,1,0,llm_table,Table (Results),baseline,,/Users/kronckbm/GitRepos/GeneVariantFetcher/gene_variant_fetcher_gold_standard/normalized/RYR2_recall_input.csv
20260824_aha_table_sourcebound_gold118,2026-08-25T04:34:19.506766+00:00,matched_variant_paper_measure,RYR2,15466642,p.Phe4499Cys,F4499C,affected,1,1,0,0,1,0,llm_table,Table (Results),baseline,,/Users/kronckbm/GitRepos/GeneVariantFetcher/gene_variant_fetcher_gold_standard/normalized/RYR2_recall_input.csv
20260824_aha_table_sourcebound_gold118,2026-08-25T04:34:19.506766+00:00,matched_variant_paper_measure,RYR2,15466642,p.Gly4671Arg,G4671R,affected,1,1,0,0,1,0,llm_table,Table (Results),baseline,,/Users/kronckbm/GitRepos/GeneVariantFetcher/gene_variant_fetcher_gold_standard/normalized/RYR2_recall_input.csv
20260824_aha_table_sourcebound_gold118,2026-08-25T04:34:19.506766+00:00,matched_variant_paper_measure,RYR2,15466642,p.Ile419Phe,I419F,affected,3,3,0,0,1,0,llm_table,Table (Results),baseline,,/Users/kronckbm/GitRepos/GeneVariantFetcher/gene_variant_fetcher_gold_standard/normalized/RYR2_recall_input.csv
20260824_aha_table_sourcebound_gold118,2026-08-25T04:34:19.506766+00:00,matched_variant_paper_measure,RYR2,15466642,p.Ile4848Val,I4848V,affected,4,6,2,2,0,0,llm_table,Table (Results),baseline,,/Users/kronckbm/GitRepos/GeneVariantFetcher/gene_variant_fetcher_gold_standard/normalized/RYR2_recall_input.csv
20260824_aha_table_sourcebound_gold118,2026-08-25T04:34:19.506766+00:00,matched_variant_paper_measure,RYR2,15466642,p.Pro164Ser,P164S,affected,1,1,0,0,1,0,llm_table,Table (Results),baseline,,/Users/kronckbm/GitRepos/GeneVariantFetcher/gene_variant_fetcher_gold_standard/normalized/RYR2_recall_input.csv
20260824_aha_table_sourcebound_gold118,2026-08-25T04:34:19.506766+00:00,matched_variant_paper_measure,RYR2,15466642,p.Arg414Leu,R414L,affected,1,1,0,0,1,0,llm_table,Table (Results),baseline,,/Users/kronckbm/GitRepos/GeneVariantFetcher/gene_variant_fetcher_gold_standard/normalized/RYR2_recall_input.csv
20260824_aha_table_sourcebound_gold118,2026-08-25T04:34:19.506766+00:00,matched_variant_paper_measure,RYR2,16517285,p.Arg169Gln,R169Q,affected,1,1,0,0,1,0,llm_text,"Results, paragraph describing mutation identification",baseline,,/Users/kronckbm/GitRepos/GeneVariantFetcher/gene_variant_fetcher_gold_standard/normalized/RYR2_recall_input.csv
20260824_aha_table_sourcebound_gold118,2026-08-25T04:34:19.506766+00:00,matched_variant_paper_measure,RYR2,19398417,p.Trp4645Arg,W4645R,affected,2,2,0,0,1,0,llm_text,"Abstract, Results paragraph",baseline,,/Users/kronckbm/GitRepos/GeneVariantFetcher/gene_variant_fetcher_gold_standard/normalized/RYR2_recall_input.csv
20260824_aha_table_sourcebound_gold118,2026-08-25T04:34:19.506766+00:00,matched_variant_paper_measure,RYR2,21652165,p.Ser4153Arg,S4153R,affected,1,1,0,0,1,0,llm_table,"Case Presentation, paragraph describing genetic testing",baseline,,/Users/kronckbm/GitRepos/GeneVariantFetcher/gene_variant_fetcher_gold_standard/normalized/RYR2_recall_input.csv
20260824_aha_table_sourcebound_gold118,2026-08-25T04:34:19.506766+00:00,matched_variant_paper_measure,RYR2,22677073,p.G4936R c.14803G>A,G4936R,affected,1,1,0,0,1,0,llm_table,Table 2,baseline,,/Users/kronckbm/GitRepos/GeneVariantFetcher/gene_variant_fetcher_gold_standard/normalized/RYR2_recall_input.csv
20260824_aha_table_sourcebound_gold118,2026-08-25T04:34:19.506766+00:00,matched_variant_paper_measure,RYR2,22677073,p.Q3925E c.11773C>G,Q3925E,affected,1,1,0,0,1,0,llm_table,Table 2,baseline,,/Users/kronckbm/GitRepos/GeneVariantFetcher/gene_variant_fetcher_gold_standard/normalized/RYR2_recall_input.csv
20260824_aha_table_sourcebound_gold118,2026-08-25T04:34:19.506766+00:00,matched_variant_paper_measure,RYR2,22677073,p.W4645R c.13933T>A,W4645R,affected,1,1,0,0,1,0,llm_table,Table 2,baseline,,/Users/kronckbm/GitRepos/GeneVariantFetcher/gene_variant_fetcher_gold_standard/normalized/RYR2_recall_input.csv
20260824_aha_table_sourcebound_gold118,2026-08-25T04:34:19.506766+00:00,matched_variant_paper_measure,RYR2,25435091,p.Cys2277Arg,C2277R,affected,7,7,0,0,1,0,llm_table,Results paragraph and Table,baseline,,/Users/kronckbm/GitRepos/GeneVariantFetcher/gene_variant_fetcher_gold_standard/normalized/RYR2_recall_input.csv
20260824_aha_table_sourcebound_gold118,2026-08-25T04:34:19.506766+00:00,matched_variant_paper_measure,RYR2,30403697,p.F3496L,F3496L,affected,2,2,0,0,1,0,llm_table,"Table 1, Table 2",baseline,,/Users/kronckbm/GitRepos/GeneVariantFetcher/gene_variant_fetcher_gold_standard/normalized/RYR2_recall_input.csv
20260824_aha_table_sourcebound_gold118,2026-08-25T04:34:19.506766+00:00,matched_variant_paper_measure,RYR2,30403697,K4594R,K4594R,affected,2,2,0,0,1,0,figure,figure-reader,baseline,,/Users/kronckbm/GitRepos/GeneVariantFetcher/gene_variant_fetcher_gold_standard/normalized/RYR2_recall_input.csv
20260824_aha_table_sourcebound_gold118,2026-08-25T04:34:19.506766+00:00,matched_variant_paper_measure,RYR2,30403697,R2028H,R2028H,affected,1,1,0,0,1,0,figure,figure-reader,baseline,,/Users/kronckbm/GitRepos/GeneVariantFetcher/gene_variant_fetcher_gold_standard/normalized/RYR2_recall_input.csv
20260824_aha_table_sourcebound_gold118,2026-08-25T04:34:19.506766+00:00,matched_variant_paper_measure,RYR2,30403697,Y4721C,Y4721C,affected,1,1,0,0,1,0,figure,figure-reader,baseline,,/Users/kronckbm/GitRepos/GeneVariantFetcher/gene_variant_fetcher_gold_standard/normalized/RYR2_recall_input.csv
20260824_aha_table_sourcebound_gold118,2026-08-25T04:34:19.506766+00:00,matched_variant_paper_measure,RYR2,30403697,c.14091-11dupT,c.14091-11dupT,affected,1,1,0,0,1,0,llm_table,"Table 1, Table 2",baseline,,/Users/kronckbm/GitRepos/GeneVariantFetcher/gene_variant_fetcher_gold_standard/normalized/RYR2_recall_input.csv
20260824_aha_table_sourcebound_gold118,2026-08-25T04:34:19.506766+00:00,matched_variant_paper_measure,RYR2,32866913,p.Thr85Ile c.254C>T,T85I,affected,1,2,1,1,0,0,llm_text,"Case report, Discussion",baseline,,/Users/kronckbm/GitRepos/GeneVariantFetcher/gene_variant_fetcher_gold_standard/normalized/RYR2_recall_input.csv
20260824_aha_table_sourcebound_gold118,2026-08-25T04:34:19.506766+00:00,matched_variant_paper_measure,SCN5A,15671429,R814W,R814W,affected,1,1,0,0,1,0,figure,"Results, Genotype-Phenotype Correlation; Figure 3",baseline,,/Users/kronckbm/GitRepos/GeneVariantFetcher/gene_variant_fetcher_gold_standard/normalized/SCN5A_recall_input.csv
20260824_aha_table_sourcebound_gold118,2026-08-25T04:34:19.506766+00:00,matched_variant_paper_measure,SCN5A,21193062,p.V411M c.1234G>A,V411M,affected,1,1,0,0,1,0,llm_table,"Results, Case report and Electrophysiological characterization",baseline,,/Users/kronckbm/GitRepos/GeneVariantFetcher/gene_variant_fetcher_gold_standard/normalized/SCN5A_recall_input.csv
20260824_aha_table_sourcebound_gold118,2026-08-25T04:34:19.506766+00:00,matched_variant_paper_measure,SCN5A,22677073,S1103Y,S1103Y,affected,4,4,0,0,1,0,figure,figure-reader,baseline,,/Users/kronckbm/GitRepos/GeneVariantFetcher/gene_variant_fetcher_gold_standard/normalized/SCN5A_recall_input.csv
20260824_aha_table_sourcebound_gold118,2026-08-25T04:34:19.506766+00:00,matched_variant_paper_measure,SCN5A,22677073,V1951L,V1951L,affected,2,2,0,0,1,0,figure,figure-reader,baseline,,/Users/kronckbm/GitRepos/GeneVariantFetcher/gene_variant_fetcher_gold_standard/normalized/SCN5A_recall_input.csv
20260824_aha_table_sourcebound_gold118,2026-08-25T04:34:19.506766+00:00,matched_variant_paper_measure,SCN5A,25171853,p.Thr220Ile c.659C>T,T220I,affected,1,1,0,0,1,0,llm_text,"Case Report, paragraph describing genetic testing",baseline,,/Users/kronckbm/GitRepos/GeneVariantFetcher/gene_variant_fetcher_gold_standard/normalized/SCN5A_recall_input.csv
20260824_aha_table_sourcebound_gold118,2026-08-25T04:34:19.506766+00:00,matched_variant_paper_measure,SCN5A,29709101,p.Asp349Asn c.1045G>A,D349N,affected,3,3,0,0,1,0,llm_table,Table 2,baseline,,/Users/kronckbm/GitRepos/GeneVariantFetcher/gene_variant_fetcher_gold_standard/normalized/SCN5A_recall_input.csv
20260824_aha_table_sourcebound_gold118,2026-08-25T04:34:19.506766+00:00,matched_variant_paper_measure,SCN5A,29709101,p.His886Gln c.2658T>A,H886Q,affected,4,4,0,0,1,0,llm_table,Table 2,baseline,,/Users/kronckbm/GitRepos/GeneVariantFetcher/gene_variant_fetcher_gold_standard/normalized/SCN5A_recall_input.csv
20260824_aha_table_sourcebound_gold118,2026-08-25T04:34:19.506766+00:00,matched_variant_paper_measure,SCN5A,29709101,p.Met438Leu c.1312A>T,M438L,affected,1,1,0,0,1,0,llm_table,Table 2,baseline,,/Users/kronckbm/GitRepos/GeneVariantFetcher/gene_variant_fetcher_gold_standard/normalized/SCN5A_recall_input.csv
20260824_aha_table_sourcebound_gold118,2026-08-25T04:34:19.506766+00:00,matched_variant_paper_measure,SCN5A,29709101,p.Arg1632His c.4895G>A,R1632H,affected,2,2,0,0,1,0,llm_table,Table 2,baseline,,/Users/kronckbm/GitRepos/GeneVariantFetcher/gene_variant_fetcher_gold_standard/normalized/SCN5A_recall_input.csv
20260824_aha_table_sourcebound_gold118,2026-08-25T04:34:19.506766+00:00,matched_variant_paper_measure,SCN5A,29709101,p.Arg367His c.1100G>A,R367H,affected,1,1,0,0,1,0,llm_table,Table 2,baseline,,/Users/kronckbm/GitRepos/GeneVariantFetcher/gene_variant_fetcher_gold_standard/normalized/SCN5A_recall_input.csv
20260824_aha_table_sourcebound_gold118,2026-08-25T04:34:19.506766+00:00,matched_variant_paper_measure,SCN5A,29709101,p.Arg376His c.1127G>A,R376H,affected,6,6,0,0,1,0,llm_table,Table 2,baseline,,/Users/kronckbm/GitRepos/GeneVariantFetcher/gene_variant_fetcher_gold_standard/normalized/SCN5A_recall_input.csv
20260824_aha_table_sourcebound_gold118,2026-08-25T04:34:19.506766+00:00,matched_variant_paper_measure,SCN5A,29709101,W822X,W822X,affected,4,4,0,0,1,0,regex_table,Table 2 (regex extraction),baseline,,/Users/kronckbm/GitRepos/GeneVariantFetcher/gene_variant_fetcher_gold_standard/normalized/SCN5A_recall_input.csv
20260824_aha_table_sourcebound_gold118,2026-08-25T04:34:19.506766+00:00,matched_variant_paper_measure,SCN5A,29709101,p.Phe756Leufs*8 c.2268_2271del,c.2268_2271del,affected,1,1,0,0,1,0,llm_table,Table 2,baseline,,/Users/kronckbm/GitRepos/GeneVariantFetcher/gene_variant_fetcher_gold_standard/normalized/SCN5A_recall_input.csv
20260824_aha_table_sourcebound_gold118,2026-08-25T04:34:19.506766+00:00,matched_variant_paper_measure,SCN5A,29709101,c.4437+5G>A,c.4437+5G>A,affected,0,0,0,0,1,0,llm_table,Table 2,baseline,,/Users/kronckbm/GitRepos/GeneVariantFetcher/gene_variant_fetcher_gold_standard/normalized/SCN5A_recall_input.csv
20260824_aha_table_sourcebound_gold118,2026-08-25T04:34:19.506766+00:00,matched_variant_paper_measure,SCN5A,29709101,c.4813+3_4813+6dup,c.4813+3_4813+6dup,affected,13,13,0,0,1,0,llm_table,Table 2,baseline,,/Users/kronckbm/GitRepos/GeneVariantFetcher/gene_variant_fetcher_gold_standard/normalized/SCN5A_recall_input.csv
20260824_aha_table_sourcebound_gold118,2026-08-25T04:34:19.506766+00:00,matched_variant_paper_measure,SCN5A,29709101,c.611+1G>A,c.611+1G>A,affected,8,8,0,0,1,0,llm_table,Table 2,baseline,,/Users/kronckbm/GitRepos/GeneVariantFetcher/gene_variant_fetcher_gold_standard/normalized/SCN5A_recall_input.csv
20260824_aha_table_sourcebound_gold118,2026-08-25T04:34:19.506766+00:00,matched_variant_paper_measure,KCNH2,20181576,K897T,K897T,unaffected,3,1,-2,2,0,0,figure,figure-reader,baseline,,/Users/kronckbm/GitRepos/GeneVariantFetcher/gene_variant_fetcher_gold_standard/normalized/KCNH2_recall_input.csv
20260824_aha_table_sourcebound_gold118,2026-08-25T04:34:19.506766+00:00,matched_variant_paper_measure,KCNH2,22338672,R744X,R744X,unaffected,3,3,0,0,1,0,figure,figure-reader,baseline,,/Users/kronckbm/GitRepos/GeneVariantFetcher/gene_variant_fetcher_gold_standard/normalized/KCNH2_recall_input.csv
20260824_aha_table_sourcebound_gold118,2026-08-25T04:34:19.506766+00:00,matched_variant_paper_measure,KCNH2,25819988,p.H562R c.1685A>G,H562R,unaffected,4,7,3,3,0,0,llm_text,"Results, Genetic Analysis; Family Events",baseline,,/Users/kronckbm/GitRepos/GeneVariantFetcher/gene_variant_fetcher_gold_standard/normalized/KCNH2_recall_input.csv
20260824_aha_table_sourcebound_gold118,2026-08-25T04:34:19.506766+00:00,matched_variant_paper_measure,KCNQ1,33082985,p.Trp248Phe c.743_744delGGinsTC,W248F,unaffected,1,1,0,0,1,0,llm_text,"Results, genetic testing paragraph; Abstract",baseline,,/Users/kronckbm/GitRepos/GeneVariantFetcher/gene_variant_fetcher_gold_standard/normalized/KCNQ1_recall_input.csv
20260824_aha_table_sourcebound_gold118,2026-08-25T04:34:19.506766+00:00,matched_variant_paper_measure,RYR2,16517285,p.Arg169Gln,R169Q,unaffected,0,0,0,0,1,0,llm_text,"Results, paragraph describing mutation identification",baseline,,/Users/kronckbm/GitRepos/GeneVariantFetcher/gene_variant_fetcher_gold_standard/normalized/RYR2_recall_input.csv
20260824_aha_table_sourcebound_gold118,2026-08-25T04:34:19.506766+00:00,matched_variant_paper_measure,RYR2,19398417,p.Trp4645Arg,W4645R,unaffected,2,2,0,0,1,0,llm_text,"Abstract, Results paragraph",baseline,,/Users/kronckbm/GitRepos/GeneVariantFetcher/gene_variant_fetcher_gold_standard/normalized/RYR2_recall_input.csv
20260824_aha_table_sourcebound_gold118,2026-08-25T04:34:19.506766+00:00,matched_variant_paper_measure,RYR2,19926015,p.Y4149S,Y4149S,unaffected,0,1,1,1,0,1,llm_text,Results,baseline,,/Users/kronckbm/GitRepos/GeneVariantFetcher/gene_variant_fetcher_gold_standard/normalized/RYR2_recall_input.csv
20260824_aha_table_sourcebound_gold118,2026-08-25T04:34:19.506766+00:00,matched_variant_paper_measure,RYR2,22677073,p.E4146K c.12436G>A,E4146K,unaffected,0,0,0,0,1,0,llm_table,Table 2,baseline,,/Users/kronckbm/GitRepos/GeneVariantFetcher/gene_variant_fetcher_gold_standard/normalized/RYR2_recall_input.csv
20260824_aha_table_sourcebound_gold118,2026-08-25T04:34:19.506766+00:00,matched_variant_paper_measure,RYR2,25435091,p.Cys2277Arg,C2277R,unaffected,1,1,0,0,1,0,llm_table,Results paragraph and Table,baseline,,/Users/kronckbm/GitRepos/GeneVariantFetcher/gene_variant_fetcher_gold_standard/normalized/RYR2_recall_input.csv
20260824_aha_table_sourcebound_gold118,2026-08-25T04:34:19.506766+00:00,matched_variant_paper_measure,RYR2,30403697,I2075T,I2075T,unaffected,1,1,0,0,1,0,figure,figure-reader,baseline,,/Users/kronckbm/GitRepos/GeneVariantFetcher/gene_variant_fetcher_gold_standard/normalized/RYR2_recall_input.csv
20260824_aha_table_sourcebound_gold118,2026-08-25T04:34:19.506766+00:00,matched_variant_paper_measure,RYR2,30403697,K4594R,K4594R,unaffected,1,1,0,0,1,0,figure,figure-reader,baseline,,/Users/kronckbm/GitRepos/GeneVariantFetcher/gene_variant_fetcher_gold_standard/normalized/RYR2_recall_input.csv
20260824_aha_table_sourcebound_gold118,2026-08-25T04:34:19.506766+00:00,matched_variant_paper_measure,RYR2,30403697,Y4721C,Y4721C,unaffected,2,1,-1,1,0,0,figure,figure-reader,baseline,,/Users/kronckbm/GitRepos/GeneVariantFetcher/gene_variant_fetcher_gold_standard/normalized/RYR2_recall_input.csv
20260824_aha_table_sourcebound_gold118,2026-08-25T04:34:19.506766+00:00,matched_variant_paper_measure,RYR2,30546600,p.Arg420Gln c.1259G>A,R420Q,unaffected,4,4,0,0,1,0,llm_table,Results section and Table 1,baseline,,/Users/kronckbm/GitRepos/GeneVariantFetcher/gene_variant_fetcher_gold_standard/normalized/RYR2_recall_input.csv
20260824_aha_table_sourcebound_gold118,2026-08-25T04:34:19.506766+00:00,matched_variant_paper_measure,RYR2,32866913,p.Thr85Ile c.254C>T,T85I,unaffected,1,1,0,0,1,0,llm_text,"Case report, Discussion",baseline,,/Users/kronckbm/GitRepos/GeneVariantFetcher/gene_variant_fetcher_gold_standard/normalized/RYR2_recall_input.csv
20260824_aha_table_sourcebound_gold118,2026-08-25T04:34:19.506766+00:00,matched_variant_paper_measure,SCN5A,19406494,p.Arg808Cys c.2422C>T,R808C,unaffected,0,1,1,1,0,1,llm_text,"Results, Patient B60 description and Fig. 2c",baseline,,/Users/kronckbm/GitRepos/GeneVariantFetcher/gene_variant_fetcher_gold_standard/normalized/SCN5A_recall_input.csv
20260824_aha_table_sourcebound_gold118,2026-08-25T04:34:19.506766+00:00,matched_variant_paper_measure,SCN5A,22677073,I267L,I267L,unaffected,0,0,0,0,1,0,figure,figure-reader,baseline,,/Users/kronckbm/GitRepos/GeneVariantFetcher/gene_variant_fetcher_gold_standard/normalized/SCN5A_recall_input.csv
20260824_aha_table_sourcebound_gold118,2026-08-25T04:34:19.506766+00:00,matched_variant_paper_measure,SCN5A,25171853,p.Thr220Ile c.659C>T,T220I,unaffected,0,1,1,1,0,1,llm_text,"Case Report, paragraph describing genetic testing",baseline,,/Users/kronckbm/GitRepos/GeneVariantFetcher/gene_variant_fetcher_gold_standard/normalized/SCN5A_recall_input.csv
20260824_aha_table_sourcebound_gold118,2026-08-25T04:34:19.506766+00:00,matched_variant_paper_measure,SCN5A,29709101,p.Asp349Asn c.1045G>A,D349N,unaffected,0,0,0,0,1,0,llm_table,Table 2,baseline,,/Users/kronckbm/GitRepos/GeneVariantFetcher/gene_variant_fetcher_gold_standard/normalized/SCN5A_recall_input.csv
20260824_aha_table_sourcebound_gold118,2026-08-25T04:34:19.506766+00:00,matched_variant_paper_measure,SCN5A,29709101,p.His886Gln c.2658T>A,H886Q,unaffected,3,3,0,0,1,0,llm_table,Table 2,baseline,,/Users/kronckbm/GitRepos/GeneVariantFetcher/gene_variant_fetcher_gold_standard/normalized/SCN5A_recall_input.csv
20260824_aha_table_sourcebound_gold118,2026-08-25T04:34:19.506766+00:00,matched_variant_paper_measure,SCN5A,29709101,p.Met438Leu c.1312A>T,M438L,unaffected,0,0,0,0,1,0,llm_table,Table 2,baseline,,/Users/kronckbm/GitRepos/GeneVariantFetcher/gene_variant_fetcher_gold_standard/normalized/SCN5A_recall_input.csv
20260824_aha_table_sourcebound_gold118,2026-08-25T04:34:19.506766+00:00,matched_variant_paper_measure,SCN5A,29709101,p.Arg1632His c.4895G>A,R1632H,unaffected,6,6,0,0,1,0,llm_table,Table 2,baseline,,/Users/kronckbm/GitRepos/GeneVariantFetcher/gene_variant_fetcher_gold_standard/normalized/SCN5A_recall_input.csv
20260824_aha_table_sourcebound_gold118,2026-08-25T04:34:19.506766+00:00,matched_variant_paper_measure,SCN5A,29709101,p.Arg367His c.1100G>A,R367H,unaffected,0,0,0,0,1,0,llm_table,Table 2,baseline,,/Users/kronckbm/GitRepos/GeneVariantFetcher/gene_variant_fetcher_gold_standard/normalized/SCN5A_recall_input.csv
20260824_aha_table_sourcebound_gold118,2026-08-25T04:34:19.506766+00:00,matched_variant_paper_measure,SCN5A,29709101,p.Arg376His c.1127G>A,R376H,unaffected,6,6,0,0,1,0,llm_table,Table 2,baseline,,/Users/kronckbm/GitRepos/GeneVariantFetcher/gene_variant_fetcher_gold_standard/normalized/SCN5A_recall_input.csv
20260824_aha_table_sourcebound_gold118,2026-08-25T04:34:19.506766+00:00,matched_variant_paper_measure,SCN5A,29709101,W822X,W822X,unaffected,2,2,0,0,1,0,regex_table,Table 2 (regex extraction),baseline,,/Users/kronckbm/GitRepos/GeneVariantFetcher/gene_variant_fetcher_gold_standard/normalized/SCN5A_recall_input.csv
20260824_aha_table_sourcebound_gold118,2026-08-25T04:34:19.506766+00:00,matched_variant_paper_measure,SCN5A,29709101,p.Phe756Leufs*8 c.2268_2271del,c.2268_2271del,unaffected,3,3,0,0,1,0,llm_table,Table 2,baseline,,/Users/kronckbm/GitRepos/GeneVariantFetcher/gene_variant_fetcher_gold_standard/normalized/SCN5A_recall_input.csv
20260824_aha_table_sourcebound_gold118,2026-08-25T04:34:19.506766+00:00,matched_variant_paper_measure,SCN5A,29709101,c.4437+5G>A,c.4437+5G>A,unaffected,2,2,0,0,1,0,llm_table,Table 2,baseline,,/Users/kronckbm/GitRepos/GeneVariantFetcher/gene_variant_fetcher_gold_standard/normalized/SCN5A_recall_input.csv
20260824_aha_table_sourcebound_gold118,2026-08-25T04:34:19.506766+00:00,matched_variant_paper_measure,SCN5A,29709101,c.4813+3_4813+6dup,c.4813+3_4813+6dup,unaffected,11,11,0,0,1,0,llm_table,Table 2,baseline,,/Users/kronckbm/GitRepos/GeneVariantFetcher/gene_variant_fetcher_gold_standard/normalized/SCN5A_recall_input.csv
20260824_aha_table_sourcebound_gold118,2026-08-25T04:34:19.506766+00:00,matched_variant_paper_measure,SCN5A,29709101,c.611+1G>A,c.611+1G>A,unaffected,1,1,0,0,1,0,llm_table,Table 2,baseline,,/Users/kronckbm/GitRepos/GeneVariantFetcher/gene_variant_fetcher_gold_standard/normalized/SCN5A_recall_input.csv
