key,affected,n,observed,clinvar_simple,alphamissense,fold,base_oof_mean,base_oof_posterior_mean,class_oof_mean,class_oof_posterior_mean,insilico_oof_mean,insilico_oof_posterior_mean,clinvar_oof_mean,clinvar_oof_posterior_mean,insilico_clinvar_oof_mean,insilico_clinvar_oof_posterior_mean
V455E,3.0,35.0,0.08571428571428572,P/LP,0.9382,3,0.8259714487838502,0.2510666725975871,0.8052273580394544,0.24341189007263447,0.899209507187111,0.26812690391079474,0.8927169715474923,0.2625779338077723,0.922608018342016,0.27013817980660193
G261R,22.0,25.0,0.88,P/LP,0.99,0,0.39990442778050683,0.7437667870304656,0.3589511526625011,0.7349394519095578,0.9308099555324054,0.8941440752878406,0.8303352532010201,0.8635825907020886,0.8702929232548101,0.876849556695939
G318R,21.0,21.0,1.0,P/LP,0.7562,3,0.8259714487838502,0.9452545394302345,0.8052273580394544,0.936648586990878,0.8329639736623965,0.9459555118112317,0.8927169715474923,0.9660573390537522,0.8916473503749488,0.9643676179564845
R191W,17.0,22.0,0.7727272727272727,P/LP,0.8654,4,0.4038762860526835,0.6583761900785691,0.36214250695272093,0.637601694667274,0.8612734554113272,0.7982997559518854,0.8352284178689304,0.7954215282648366,0.8493906303235353,0.7946156337391779
R36W,15.0,20.0,0.75,P/LP,0.387,3,0.8259714487838502,0.772767801473256,0.8052273580394544,0.7696344808477626,0.6033619890828211,0.7033651721767586,0.8927169715474923,0.8002222858932224,0.7933207032005324,0.769731117925703
E221K,14.0,14.0,1.0,P/LP,0.7699,4,0.4038762860526835,0.7537907163300865,0.36214250695272093,0.7343772852605438,0.778431152183693,0.9094137085759869,0.8352284178689304,0.9300106355175738,0.830833408680381,0.927084090406649
G72R,12.0,13.0,0.9230769230769231,P/LP,0.9941,3,0.8259714487838502,0.8811030987403983,0.8052273580394544,0.8699403261520763,0.9142293294267445,0.9186605935551687,0.8927169715474923,0.9085093917284853,0.9302929831960577,0.9230599306708701
K32del,12.0,12.0,1.0,none,,0,0.39990442778050683,0.7273974171673371,0.3589511526625011,0.7079129963728884,0.9611593049452566,0.9816370750949786,0.9298059666249334,0.9683039656423476,0.9649697442746176,0.984259965579049
V182M,11.0,12.0,0.9166666666666666,P/LP,0.9336,4,0.4038762860526835,0.6880766437082271,0.36214250695272093,0.6628876855978018,0.9031010564253501,0.9108004238574852,0.8352284178689304,0.8812287671055055,0.8615318713941087,0.8887402732389919
E40K,11.0,11.0,1.0,P/LP,0.971,3,0.8259714487838502,0.9198776556836177,0.8052273580394544,0.9070403822779948,0.9082889179156672,0.9569830131550434,0.8927169715474923,0.9504542337691693,0.9272106463285127,0.9658358989070984
F419fs,7.0,11.0,0.6363636363636364,none,,0,0.39990442778050683,0.5198142357939095,0.9525394732599824,0.789951913447196,0.9585630736238875,0.7921438631131281,0.9725523496670474,0.7998347209397094,0.9702438722345901,0.7990418897819828
R186X,11.0,11.0,1.0,P/LP,,1,0.4026153041740422,0.7119487777889713,0.9325570048689636,0.9675160811211259,0.9330620125962267,0.9680087644177937,0.8660547392951746,0.9350315154798488,0.8859987625228442,0.9459554752857338
T228M,10.0,12.0,0.8333333333333334,P/LP,0.9649,2,0.39347708706381684,0.6316474540133094,0.3514881725962373,0.6130036702284711,0.9097576555302868,0.8658104743098565,0.8350052266503962,0.8366238161544657,0.8649016563070788,0.8471239185092537
G223S,9.0,10.0,0.9,P/LP,0.9203,3,0.8259714487838502,0.8622051983059731,0.8052273580394544,0.8546334048642102,0.8939197729760595,0.899662448046266,0.8927169715474923,0.8951798794548006,0.9199801024507873,0.9099058664768978
T168A,8.0,10.0,0.8,P/LP,0.9288,2,0.39347708706381684,0.6000797739856165,0.3514881725962373,0.5744924282872846,0.8905212750450643,0.84051015855172,0.8350052266503962,0.8207693155050384,0.8584791764308781,0.8326969989673095
T209M,9.0,10.0,0.9,P/LP,0.8357,1,0.4026153041740422,0.6551629115105897,0.3664272980716025,0.6295605798163976,0.8246192732412214,0.8626473383704033,0.8343574869201695,0.8657875971093301,0.841566890876767,0.8718182297579566
A259T,9.0,10.0,0.9,P/LP,0.7521,0,0.39990442778050683,0.6431237582167196,0.3589511526625011,0.6288717237348126,0.7603294727718077,0.8335404817978861,0.8303352532010201,0.8665324585567338,0.8194063694537276,0.8564759539900288
A449T,8.0,9.0,0.8888888888888888,P/LP,0.8803,1,0.4026153041740422,0.6345781811317514,0.3664272980716025,0.6145618043434883,0.8595341368050021,0.867777047989946,0.8343574869201695,0.8566774426465781,0.849396518766357,0.8700872836542706
D160N,9.0,9.0,1.0,P/LP,0.5632,2,0.39347708706381684,0.6818113522847814,0.3514881725962373,0.6605410272952907,0.47964494866443547,0.7211018891262695,0.8350052266503962,0.9140437604449418,0.7773335220888754,0.8837274055116823
P59S,9.0,10.0,0.9,P/LP,0.9695,2,0.39347708706381684,0.6451461815474544,0.3514881725962373,0.6222251068632697,0.9119772720082097,0.9012927273308665,0.8350052266503962,0.8652641343790654,0.8657009129346958,0.8817237937118125
V62M,9.0,9.0,1.0,P/LP,0.9644,3,0.8259714487838502,0.9093956267945251,0.8052273580394544,0.8996129742030522,0.9065239610918882,0.9499286058986083,0.8927169715474923,0.946183011731239,0.9263061443737267,0.9603119174002533
R397L,6.0,8.0,0.75,P/LP,0.5726,2,0.39347708706381684,0.5467179916366353,0.3514881725962373,0.5277744425500437,0.4936519068993439,0.6104352627718387,0.8350052266503962,0.797583475379781,0.7798018431207212,0.7650071419694272
R43H,8.0,9.0,0.8888888888888888,P/LP,0.1563,0,0.39990442778050683,0.6292135403086856,0.3589511526625011,0.6106990033621772,0.07791844803936429,0.45966231052771744,0.8303352532010201,0.8530592757553225,0.6274028374172221,0.7519936418258448
V427_S453del,8.0,8.0,1.0,none,,2,0.39347708706381684,0.6715725609501945,0.3514881725962373,0.6408847561567681,0.9447003357982752,0.9687142447809531,0.9136938593144497,0.9524410414945709,0.9493508855520433,0.9717093323401352
I225M,3.0,7.0,0.42857142857142855,Conflicting,0.9639,0,0.39990442778050683,0.4143093428051333,0.3589511526625011,0.3850500265678671,0.9198887482116712,0.7197748767697498,0.49752792366295717,0.47052256560218414,0.7036150160928089,0.586959974995116
N254H,7.0,7.0,1.0,P/LP,0.9902,2,0.39347708706381684,0.6448820271821896,0.3514881725962373,0.616842613707662,0.921364953663469,0.9532906491815639,0.8350052266503962,0.9063872013698474,0.8692448584147319,0.9241087233796544
T206M,7.0,8.0,0.875,P/LP,0.9681,1,0.4026153041740422,0.6142009706106772,0.3664272980716025,0.5883523993957421,0.9113125266331729,0.8966851650260919,0.8343574869201695,0.8542939417558225,0.8638113566837129,0.8710441210545276
V33A,7.0,7.0,1.0,P/LP,0.8011,4,0.4038762860526835,0.6475291540045935,0.36214250695272093,0.6264586322247911,0.808860378013737,0.8867891464724018,0.8352284178689304,0.9011926849124999,0.8371002918107011,0.9076548359218275
V389L,7.0,7.0,1.0,P/LP,0.5366,3,0.8259714487838502,0.8991420181882487,0.8052273580394544,0.8887902273954246,0.7111736376187838,0.8324273866639674,0.8927169715474923,0.9369181797930148,0.8395927237885934,0.9028480499381115
W99R,7.0,7.0,1.0,P/LP,0.7083,2,0.39347708706381684,0.6396204365891404,0.3514881725962373,0.6169757689380987,0.6864681743817441,0.8132096867775387,0.8350052266503962,0.9032320352834693,0.8131633317264357,0.8864269303138544
C220Y,6.0,6.0,1.0,P/LP,0.9972,2,0.39347708706381684,0.624480709503681,0.3514881725962373,0.5959319939542475,0.9243262840547132,0.9529240183439706,0.8350052266503962,0.8991632752372564,0.8704239335229798,0.9219413050096692
F150del,6.0,6.0,1.0,none,,0,0.39990442778050683,0.6293051789533867,0.3589511526625011,0.5976285824058918,0.9611593049452566,0.9755557655599553,0.9298059666249334,0.9550747279055063,0.9649697442746176,0.9766417301355209
S383L,6.0,6.0,1.0,P/LP,0.9259,1,0.4026153041740422,0.625492198177321,0.3664272980716025,0.6009156990200628,0.8890115183722092,0.92842326151242,0.8343574869201695,0.8961478769167267,0.8570455858055551,0.9144700435232813
S69X,6.0,6.0,1.0,none,,2,0.39347708706381684,0.6239515557343053,0.9359445333303446,0.960621349299512,0.9375950414603992,0.9608383811086519,0.952087333894083,0.9708212004241057,0.9513030616461081,0.9688468243042716
V199M,6.0,6.0,1.0,Conflicting,0.842,0,0.39990442778050683,0.6169261980639901,0.3589511526625011,0.6021811350799241,0.8456352160177311,0.9021126949600576,0.49752792366295717,0.6819896180903685,0.661107467249308,0.7875366385844801
c.208+3A>T,6.0,6.0,1.0,none,,2,0.39347708706381684,0.6214282664762186,0.9359445333303446,0.9601390622766014,0.9375950414603992,0.9589915699135129,0.952087333894083,0.9719051000012499,0.9513030616461081,0.9697465975256427
A188T,4.0,6.0,0.6666666666666666,P/LP,0.9354,3,0.8259714487838502,0.7647919568148284,0.8052273580394544,0.7517133878920671,0.8983980151080058,0.8079807385962667,0.8927169715474923,0.8083764756908749,0.9222024540559289,0.8274080303006472
E98X,5.0,5.0,1.0,none,,2,0.39347708706381684,0.5974375299070144,0.9359445333303446,0.958313235368746,0.9375950414603992,0.9580175100966062,0.952087333894083,0.9681642386662805,0.9513030616461081,0.9654004766203204
F195S,5.0,5.0,1.0,none,0.9662,1,0.4026153041740422,0.599756167855633,0.3664272980716025,0.5860970519593675,0.9104021060540757,0.937903459556482,0.937119458218616,0.9577263581560164,0.9321459437939337,0.957436022984108
G246A,4.0,5.0,0.8,P/LP,0.4385,4,0.4038762860526835,0.5324622354747305,0.36214250695272093,0.5104479523837065,0.3266792910931897,0.49097215087437385,0.8352284178689304,0.818892633994027,0.7515811936267711,0.7720949625563795
K458_C461del,5.0,5.0,1.0,none,,2,0.39347708706381684,0.5948519641800379,0.3514881725962373,0.5605667193040328,0.9447003357982752,0.9624600974517011,0.9136938593144497,0.9429808908362032,0.9493508855520433,0.9644260294521899
M235T,5.0,5.0,1.0,P/LP,0.952,1,0.4026153041740422,0.6008201539867881,0.3664272980716025,0.5749717632737171,0.9033268424596732,0.9356304660896516,0.8343574869201695,0.8927720552226946,0.8612650900261957,0.9075513061937438
Q239R,4.0,15.0,0.26666666666666666,VUS,0.0683,1,0.4026153041740422,0.32034204426968516,0.3664272980716025,0.30752374626909773,0.04774062249266772,0.17819404023250218,0.46240815548796954,0.3449353123532856,0.3112654875405153,0.2867988168945226
R36P,5.0,5.0,1.0,P/LP,0.9831,3,0.8259714487838502,0.8801013614861946,0.8052273580394544,0.8644802509234081,0.9114459428645274,0.9412174918547513,0.8927169715474923,0.9274127484166966,0.928841231419426,0.9496010744508903
S340R,5.0,5.0,1.0,none,0.6035,0,0.39990442778050683,0.5967790028856595,0.3589511526625011,0.5745062174385704,0.5623206784019237,0.7092532073015937,0.9298059666249334,0.9546799287842568,0.889317600767616,0.9259055810450546
V455L,5.0,5.0,1.0,none,0.8248,1,0.4026153041740422,0.6029161542019453,0.3664272980716025,0.57980602985988,0.8151091643442726,0.8773798216645354,0.937119458218616,0.960049497805284,0.9192357357637394,0.9448670878958959
A387V,4.0,5.0,0.8,P/LP,0.6817,4,0.4038762860526835,0.5335077048170306,0.36214250695272093,0.5085789813465268,0.6748453400502626,0.7199159269223219,0.8352284178689304,0.8303543502125382,0.8120192514095603,0.8008263324928115
A456V,3.0,4.0,0.75,P/LP,0.5477,4,0.4038762860526835,0.5009960676299802,0.36214250695272093,0.46865833738173784,0.48241011294162894,0.5646812359351253,0.8352284178689304,0.8119547292459507,0.7802717820460167,0.7704652205859702
C233Y,4.0,4.0,1.0,none,0.9988,3,0.8259714487838502,0.8784760164859794,0.8052273580394544,0.860599369742245,0.9153939172642638,0.9393359862112055,0.9284182626429137,0.94858459874797,0.9462074149477828,0.9629785613777346
C252Y,4.0,4.0,1.0,none,0.9937,0,0.39990442778050683,0.5683831100611111,0.3589511526625011,0.5403623370196158,0.932241708688834,0.9538773185646859,0.9298059666249334,0.9491915381357292,0.938293327786643,0.9546627524501938
C434Y,4.0,4.0,1.0,none,0.8613,2,0.39347708706381684,0.5635509118716533,0.3514881725962373,0.5288818983006787,0.8448307031157306,0.8836332426085098,0.9136938593144497,0.9401066372957131,0.9123569178756157,0.9359160237442685
D205Y,2.0,4.0,0.5,P/LP,0.9989,4,0.4038762860526835,0.4297278873528371,0.36214250695272093,0.39743469276558996,0.9321947442534761,0.8072786014058316,0.8352284178689304,0.7375518952054845,0.8723277051047347,0.7698342124257642
D278E,3.0,4.0,0.75,P/LP,0.9744,2,0.39347708706381684,0.49317962454239833,0.3514881725962373,0.46020012062265125,0.9142871868112447,0.8670382082814541,0.8350052266503962,0.8108510301539857,0.8665475918859072,0.8307688213371813
E256K,4.0,5.0,0.8,P/LP,0.9941,1,0.4026153041740422,0.5362849204317114,0.3664272980716025,0.5122054299694376,0.9229546216233516,0.8796164994964208,0.8343574869201695,0.8239979999279707,0.8678335167966554,0.8421816126069844
E290X,4.0,4.0,1.0,none,,3,0.8259714487838502,0.8762406193523212,0.9422414614313255,0.9592676895970161,0.9418306455633969,0.9579324735993737,0.9489041226926257,0.9623642649131481,0.947018428040249,0.9644219824049403
F330S,4.0,4.0,1.0,P/LP,0.9961,4,0.4038762860526835,0.5657260247850392,0.36214250695272093,0.5451966818941869,0.931133844334808,0.9531585367251673,0.8352284178689304,0.880194574347237,0.8718809461304597,0.9123182218699945
G44S,4.0,4.0,1.0,P/LP,0.9729,1,0.4026153041740422,0.5713601052215604,0.3664272980716025,0.5437172780979046,0.9135753714989447,0.9349275319190538,0.8343574869201695,0.8844077015858771,0.8645622217338912,0.9014555782881051
K169R,4.0,4.0,1.0,none,0.9394,0,0.39990442778050683,0.5690922130489858,0.3589511526625011,0.5449968142902186,0.9082250847609185,0.9348365634302072,0.9298059666249334,0.9486025573588628,0.9330069795498317,0.9531610569043927
K420E,2.0,4.0,0.5,none,0.4121,1,0.4026153041740422,0.431043112715751,0.3664272980716025,0.39879849693007335,0.2770530823629697,0.3400916537261584,0.937119458218616,0.810876228011015,0.8668076319163371,0.7622511057589724
L301P,4.0,4.0,1.0,none,0.9802,3,0.8259714487838502,0.8731862211750039,0.8052273580394544,0.8656970810964467,0.9106984843458081,0.9361933877503863,0.9284182626429137,0.9469598691390554,0.9442811123934027,0.9629793090844616
L315H,4.0,4.0,1.0,P/LP,0.9921,0,0.39990442778050683,0.5746512192829631,0.3589511526625011,0.5482873339081525,0.9316259798256388,0.9529140556758684,0.8303352532010201,0.87810432619893,0.8706792209391723,0.9083188327994118
M115V,2.0,7.0,0.2857142857142857,VUS,0.3151,3,0.8259714487838502,0.61165685050792,0.8052273580394544,0.5932511144732666,0.5469378051695153,0.4334630522213979,0.4304686070493641,0.36978167024885494,0.34264133646588607,0.3196759494056307
Q26X,4.0,4.0,1.0,P/LP,,1,0.4026153041740422,0.576538724558976,0.9325570048689636,0.9527032050168354,0.9330620125962267,0.9505684283879605,0.8660547392951746,0.9048988274118548,0.8859987625228442,0.9178946688804959
R191Q,4.0,4.0,1.0,P/LP,0.5434,2,0.39347708706381684,0.5695314277305872,0.3514881725962373,0.539908692342515,0.4502697839274349,0.6072502763319079,0.8350052266503962,0.8823339927131841,0.7720680036200783,0.8399674647754382
R192W,3.0,4.0,0.75,none,,0,0.39990442778050683,0.5026989738028749,0.3589511526625011,0.47645142903547133,0.9611593049452566,0.9000512937681954,0.9298059666249334,0.8796027621488107,0.9649697442746176,0.8991128539321721
R392C,2.0,4.0,0.5,P/LP,0.4084,0,0.39990442778050683,0.42532279503155784,0.3589511526625011,0.3960723084582081,0.28146581951588223,0.3465345766428391,0.8303352532010201,0.7360625446003123,0.7191305035453142,0.6522042561664866
R447Q,4.0,4.0,1.0,P/LP,0.5289,4,0.4038762860526835,0.5809819571705803,0.36214250695272093,0.5344002137426418,0.45443431677001056,0.6099189290336273,0.8352284178689304,0.883582255249257,0.7755111090170839,0.8414681800963986
S263P,4.0,5.0,0.8,P/LP,0.5986,2,0.39347708706381684,0.5279693543200671,0.3514881725962373,0.49844564822137644,0.5323754081427045,0.618863847476046,0.8350052266503962,0.8173776676091832,0.786523197483393,0.7904670114031325
S441X,4.0,4.0,1.0,P/LP,,3,0.8259714487838502,0.8733448114535757,0.9422414614313255,0.9588488940584574,0.9418306455633969,0.9607666469776217,0.9209301233679937,0.9421242877671062,0.9291892276785249,0.9513848012547437
S453L,3.0,4.0,0.75,P/LP,0.7575,3,0.8259714487838502,0.8043171786008286,0.8052273580394544,0.7887389721672814,0.833542930719543,0.8146182161650474,0.8927169715474923,0.8517123130963821,0.8919043829689691,0.8534871929618976
V226M,3.0,6.0,0.5,P/LP,0.7922,4,0.4038762860526835,0.44017211780729193,0.36214250695272093,0.4123686417359776,0.8005203187550756,0.6849776989528485,0.8352284178689304,0.7055963202493377,0.8353330474042496,0.7082735362645987
W167X,4.0,4.0,1.0,P/LP,,4,0.4038762860526835,0.5707155143854924,0.9429459827159986,0.959111284897874,0.9467938077271677,0.9617000222661222,0.9084956787407882,0.9334261851173205,0.9181797401746319,0.9439386424539058
A11T,3.0,939.0,0.003194888178913738,B/LB,0.0933,3,0.8259714487838502,0.011821710046571432,0.8052273580394544,0.01158030395080594,0.37248410413024946,0.00707530193564488,0.00515793002656134,0.0031849890465218767,0.0024852621904345707,0.0031662378094107963
A454dup,3.0,3.0,1.0,none,,4,0.4038762860526835,0.5452587449876927,0.36214250695272093,0.5082053621340966,0.9659011933536299,0.9742215824687022,0.925351918675925,0.9395800674472955,0.9671787829069821,0.974169746552195
C220X,3.0,3.0,1.0,P/LP,,4,0.4038762860526835,0.5452557277619887,0.9429459827159986,0.9573173280768167,0.9467938077271677,0.9613306101046079,0.9084956787407882,0.9299518300969153,0.9181797401746319,0.9371340093384058
C230Y,3.0,3.0,1.0,P/LP,0.981,0,0.39990442778050683,0.529268361710758,0.3589511526625011,0.5083017172632043,0.9272095131518255,0.9432802139057854,0.8303352532010201,0.8733707068827032,0.868625561208889,0.9032684082002936
D124N,3.0,5.0,0.6,P/LP,0.7282,2,0.39347708706381684,0.46425023366188706,0.3514881725962373,0.4352277050835206,0.7114061285416544,0.6717395028292124,0.8350052266503962,0.7586314673133183,0.8176989675766329,0.745853101691027
D132N,3.0,5.0,0.6,VUS,0.1762,2,0.39347708706381684,0.4613305989319555,0.3514881725962373,0.4387425770183589,0.08400746529022543,0.2582386299446802,0.4685962780214669,0.5089207966593111,0.3482176162575993,0.4343149539743567
E157K,3.0,3.0,1.0,P/LP,0.2909,2,0.39347708706381684,0.5281533591831791,0.3514881725962373,0.5010664686552313,0.15372367324429273,0.345584948816016,0.8350052266503962,0.8761246572562056,0.6973847434169115,0.7669188821981178
E236K,1.0,3.0,0.3333333333333333,P/LP,0.9875,3,0.8259714487838502,0.7131699852484399,0.8052273580394544,0.6909741053886108,0.9125690861557482,0.781737190201027,0.8927169715474923,0.760746335558147,0.929425399162011,0.7875176022391668
E265K,3.0,3.0,1.0,P/LP,0.7229,0,0.39990442778050683,0.5346470956368143,0.3589511526625011,0.5087518761253216,0.7265041279908772,0.7864215567851632,0.8303352532010201,0.8703652030118696,0.8121359838138076,0.854144180579723
F423Y,3.0,3.0,1.0,P/LP,0.6059,2,0.39347708706381684,0.5358574067337077,0.3514881725962373,0.50491955875234,0.5431969213428943,0.6484888441293558,0.8350052266503962,0.87279878459764,0.7883823139993336,0.8414491558751426
G175V,3.0,3.0,1.0,VUS,0.9315,2,0.39347708706381684,0.5306775266887732,0.3514881725962373,0.5001246560832715,0.8920765526072234,0.9159316943253646,0.4685962780214669,0.5806829247038806,0.6223327344911374,0.7138368501593697
G178A,3.0,3.0,1.0,none,0.8331,1,0.4026153041740422,0.5379405954775295,0.3664272980716025,0.5107260648613507,0.8223864488173032,0.8663570742426084,0.937119458218616,0.9499214603460117,0.9200559049906504,0.9399444706723216
G258R,3.0,3.0,1.0,none,0.9966,1,0.4026153041740422,0.5403984240685924,0.3664272980716025,0.49992348772339046,0.923996960384837,0.9439213250399839,0.937119458218616,0.9547778303074546,0.9346428766946298,0.9491387578542586
G299R,3.0,3.0,1.0,P/LP,0.997,2,0.39347708706381684,0.536346999135142,0.3514881725962373,0.49665211255338204,0.9242431162977366,0.9468322173955177,0.8350052266503962,0.8749583344257363,0.8703903805231309,0.8982001565420398
G448D,3.0,3.0,1.0,none,0.9969,2,0.39347708706381684,0.5359668020350259,0.3514881725962373,0.50395694822285,0.9242015009053646,0.9434508540495754,0.9136938593144497,0.9350277033689652,0.927114235510355,0.9452972217781995
G81D,3.0,3.0,1.0,P/LP,0.9958,1,0.4026153041740422,0.5469720147369558,0.3664272980716025,0.5148223126390941,0.9236648302643089,0.9438052987648107,0.8343574869201695,0.8686114148297388,0.868092677133282,0.9007537111751991
H424Y,1.0,3.0,0.3333333333333333,P/LP,0.2342,2,0.39347708706381684,0.3748994065633299,0.3514881725962373,0.3473455457116444,0.11470008211609226,0.16140299196188174,0.8350052266503962,0.7235264916199953,0.6788658606507266,0.5990281649958522
I211F,3.0,3.0,1.0,none,0.7857,1,0.4026153041740422,0.5344670218048401,0.3664272980716025,0.5169752963239576,0.7777263347017858,0.8265567596833061,0.937119458218616,0.954100667430236,0.915261009418907,0.9316110293555052
L146P,3.0,3.0,1.0,P/LP,0.9975,0,0.39990442778050683,0.5431825869197086,0.3589511526625011,0.5130342939529049,0.9336834798739885,0.9492510473674574,0.8303352532010201,0.869054220514855,0.8716677954832613,0.9055776611880464
M197T,3.0,3.0,1.0,P/LP,0.8333,0,0.39990442778050683,0.5416086017044394,0.3589511526625011,0.5057266617781692,0.8386100387034269,0.8804061664914965,0.8303352532010201,0.8656523960203771,0.8384166642779503,0.8827981656031555
M224T,3.0,3.0,1.0,P/LP,0.9503,3,0.8259714487838502,0.8722255379080349,0.8052273580394544,0.8522332971645181,0.9026495592779811,0.920531160311441,0.8927169715474923,0.9204504963155389,0.9243375040240159,0.9405426107593334
M251L,2.0,3.0,0.6666666666666666,none,0.7985,1,0.4026153041740422,0.4615207249663011,0.3664272980716025,0.43563178105765893,0.7905305538466373,0.7607824666599609,0.937119458218616,0.8758229516292633,0.9165825932229155,0.8595868907902272
Q98X,3.0,3.0,1.0,P/LP,,1,0.4026153041740422,0.5410338260276566,0.9325570048689636,0.9483251435949474,0.9330620125962267,0.945451748406408,0.8660547392951746,0.8954651081752201,0.8859987625228442,0.9112470016153699
S360W,3.0,3.0,1.0,VUS,0.7175,4,0.4038762860526835,0.543570651061868,0.36214250695272093,0.5075122783295579,0.719885337654033,0.7843647844029115,0.39761878349029706,0.5339489883006037,0.4864560070651596,0.6022370655757081
T103S,3.0,3.0,1.0,P/LP,0.3881,0,0.39990442778050683,0.5353138877680732,0.3589511526625011,0.505763458304481,0.25715894649072085,0.4340283756191096,0.8303352532010201,0.8718114382401811,0.7122409643612102,0.7743320175259585
V16E,3.0,3.0,1.0,VUS,0.711,3,0.8259714487838502,0.8694337562869385,0.8052273580394544,0.8481654085437902,0.811808856681982,0.8559376498785022,0.4304686070493641,0.5587066370597588,0.5385367453062495,0.6471167842419623
V199A,2.0,3.0,0.6666666666666666,none,0.8815,2,0.39347708706381684,0.45365488807045357,0.3514881725962373,0.4311871596147032,0.8599393348280074,0.8203916049897646,0.9136938593144497,0.8579302283396532,0.9147255898018549,0.8598744514234041
V244fs,3.0,3.0,1.0,none,,0,0.39990442778050683,0.5342575586563681,0.9525394732599824,0.9625527012930364,0.9585630736238875,0.9676602227476521,0.9725523496670474,0.9790018798702866,0.9702438722345901,0.9758268280849446
V253L,3.0,3.0,1.0,P/LP,0.7927,1,0.4026153041740422,0.545469744079056,0.3664272980716025,0.5124965845617612,0.7847970616217852,0.8354191317790445,0.8343574869201695,0.870493333788749,0.8336848016778637,0.8703153200281758
V302E,3.0,3.0,1.0,P/LP,0.9795,3,0.8259714487838502,0.8692976835704003,0.8052273580394544,0.8523491612073589,0.9105172009285867,0.93097110633475,0.8927169715474923,0.9148987487443744,0.9283598114043058,0.9412356060855527
V62A,3.0,4.0,0.75,P/LP,0.9814,2,0.39347708706381684,0.4939392351379021,0.3514881725962373,0.46753518465644733,0.9174916246258867,0.8714589095471804,0.8350052266503962,0.8148767576948452,0.8677487507604498,0.836759640864579
W289C,3.0,3.0,1.0,P/LP,0.8133,4,0.4038762860526835,0.5404995511087592,0.36214250695272093,0.5043700875145436,0.8198549508269388,0.8624776456804738,0.8352284178689304,0.8767363255317158,0.8394964781816905,0.8781612056595105
Y234H,3.0,3.0,1.0,none,0.9858,0,0.39990442778050683,0.5418951111263274,0.3589511526625011,0.5031122538729489,0.9291507629323723,0.9471386153337154,0.9298059666249334,0.9453715047514182,0.9375503875342079,0.9465415013264571
Y289C,2.0,3.0,0.6666666666666666,P/LP,0.8133,1,0.4026153041740422,0.4574997291011981,0.3664272980716025,0.43622657864565145,0.8046473427338835,0.7720427575392662,0.8343574869201695,0.7954283046222529,0.8375021173925821,0.7970528482207976
c.364-8T>G,3.0,3.0,1.0,none,,1,0.4026153041740422,0.5357469558216246,0.9325570048689636,0.9503567036605787,0.9330620125962267,0.9467648206463042,0.9515153736788343,0.9641485417966812,0.9470674287676079,0.9600544967444609
c.483+2T>A,3.0,3.0,1.0,none,,4,0.4038762860526835,0.5416298306346853,0.9429459827159986,0.9562263159377672,0.9467938077271677,0.9579693526520083,0.9608619740887379,0.9707354839908706,0.9575585364805862,0.9669494641013697
c.863+1G>A,3.0,3.0,1.0,none,,1,0.4026153041740422,0.5426052380759602,0.9325570048689636,0.9485902356398107,0.9330620125962267,0.9478296994244818,0.9515153736788343,0.9630029909834942,0.9470674287676079,0.9611698375589802
A173S,2.0,2.0,1.0,none,0.4792,4,0.4038762860526835,0.5037615370858849,0.36214250695272093,0.4758905742895433,0.3822755267733217,0.48802259490525207,0.925351918675925,0.9381969669964434,0.8627247756250142,0.8854178568156658
A208T,2.0,3.0,0.6666666666666666,P/LP,0.9782,2,0.39347708706381684,0.45459227900178795,0.3514881725962373,0.41956752569806255,0.9160405163757248,0.8596320754989638,0.8350052266503962,0.7981515001607542,0.8672008706240999,0.8237483040035867
A378fs,2.0,2.0,1.0,none,,0,0.39990442778050683,0.5018594686514678,0.9525394732599824,0.9619908854404717,0.9585630736238875,0.9651751909208257,0.9725523496670474,0.9791145927061493,0.9702438722345901,0.9736911901384482
A379T,2.0,2.0,1.0,none,0.861,1,0.4026153041740422,0.49707561683751783,0.3664272980716025,0.4799183130232763,0.8451987458475354,0.8748015123619559,0.937119458218616,0.9501124461679203,0.922753819905342,0.9370613361574597
A379V,2.0,2.0,1.0,P/LP,0.9253,3,0.8259714487838502,0.8586052628856767,0.8052273580394544,0.8431461863285262,0.8954218411283261,0.9160606499720295,0.8927169715474923,0.9069142187902683,0.9207225995079834,0.936286967016008
A384V,2.0,2.0,1.0,VUS,0.575,2,0.39347708706381684,0.48979827744324866,0.3514881725962373,0.46267114969221335,0.4972305222367618,0.5824223110105546,0.4685962780214669,0.5537187372435848,0.49214584746622375,0.5798147570873688
A449V,1.0,4.0,0.25,none,0.8601,0,0.39990442778050683,0.35466773383618605,0.3589511526625011,0.3314506638636292,0.8594468922330896,0.6919524192498769,0.9298059666249334,0.7322471599689697,0.9244885124736224,0.7298430178796822
C253Y,1.0,2.0,0.5,none,,1,0.4026153041740422,0.4159601448952953,0.3664272980716025,0.38677617479650367,0.9680262925190168,0.8922937891747422,0.937119458218616,0.8620861341378439,0.9701793270243749,0.892631002923897
C382Y,2.0,2.0,1.0,P/LP,0.9832,3,0.8259714487838502,0.8545973733073068,0.8052273580394544,0.8411580390573662,0.9114716148911562,0.9269010784384599,0.8927169715474923,0.9126755120691553,0.9288545595878888,0.9416204829699467
D160H,2.0,2.0,1.0,VUS,0.9119,4,0.4038762860526835,0.5017259135835903,0.36214250695272093,0.4721411114738742,0.8911877525665881,0.9098927960405593,0.39761878349029706,0.49755681652872824,0.5559494403658198,0.6306225691575581
D274E,2.0,3.0,0.6666666666666666,VUS,0.9859,0,0.39990442778050683,0.4659373866141518,0.3589511526625011,0.43968550558470765,0.9291906918874391,0.8636494941557985,0.49752792366295717,0.538498405159536,0.7109104027916818,0.704454895338506
D363G,2.0,2.0,1.0,P/LP,0.9158,0,0.39990442778050683,0.506314312622713,0.3589511526625011,0.4679656973109343,0.8955663589109043,0.9074423383304702,0.8303352532010201,0.8599749538564139,0.8559633590728074,0.8830345372420311
E157del,2.0,2.0,1.0,none,,2,0.39347708706381684,0.4934482739832772,0.3514881725962373,0.462694737470795,0.9447003357982752,0.9531327055436526,0.9136938593144497,0.9301339466500246,0.9493508855520433,0.9577395045405818
E17del,2.0,2.0,1.0,none,,4,0.4038762860526835,0.5013089359597312,0.36214250695272093,0.4662670875558712,0.9659011933536299,0.9701402221800075,0.925351918675925,0.9372288669594494,0.9671787829069821,0.97404656750811
E256fs,2.0,2.0,1.0,none,,0,0.39990442778050683,0.5052170494564108,0.9525394732599824,0.9613441049252985,0.9585630736238875,0.9668841997913236,0.9725523496670474,0.9803910378816174,0.9702438722345901,0.9730431686757267
E300K,2.0,2.0,1.0,P/LP,0.9771,1,0.4026153041740422,0.5040784665596155,0.3664272980716025,0.46314645758545814,0.9155122690810467,0.9313692382429992,0.8343574869201695,0.8639437574871692,0.8652161293146816,0.8862165771731051
E440X,2.0,2.0,1.0,P/LP,,2,0.39347708706381684,0.49975151101066156,0.9359445333303446,0.9447833543686954,0.9375950414603992,0.9435071029950026,0.9038627331416921,0.9157356520128974,0.909235954582214,0.9235851842797871
E67V,2.0,2.0,1.0,none,0.2879,0,0.39990442778050683,0.4953122155525973,0.3589511526625011,0.47392106603907125,0.15834014249743605,0.2990720032049139,0.9298059666249334,0.9428172389931746,0.8263455299532853,0.856437689834268
F123S,2.0,2.0,1.0,VUS,0.9968,4,0.4038762860526835,0.5013539021164807,0.36214250695272093,0.4617891522515959,0.9314005041181544,0.9410771234056762,0.39761878349029706,0.4971886404140748,0.5855476696366507,0.6511391838553477
F152L,2.0,2.0,1.0,P/LP,0.9997,4,0.4038762860526835,0.507863760744245,0.36214250695272093,0.46787332963229317,0.9324950590844404,0.9453614607472103,0.8352284178689304,0.8652016887275048,0.872455088899704,0.8885847243824256
F171L,2.0,2.0,1.0,none,0.9992,3,0.8259714487838502,0.8583015195942373,0.8052273580394544,0.8310533098576653,0.9154923565818909,0.9301685504637219,0.9284182626429137,0.9414991189228905,0.9462481154266704,0.9559954365788329
F438del,2.0,2.0,1.0,none,,4,0.4038762860526835,0.5065930426397941,0.36214250695272093,0.4609973558652134,0.9659011933536299,0.9721733495719014,0.925351918675925,0.9391161148872855,0.9671787829069821,0.9734493421822621
G117S,2.0,7.0,0.2857142857142857,VUS,0.6786,2,0.39347708706381684,0.35039113026935015,0.3514881725962373,0.3257166713115298,0.6471794426346792,0.4970892318439895,0.4685962780214669,0.39712775183488774,0.5308581676525136,0.433789542569963
G193E,2.0,2.0,1.0,none,0.5666,1,0.4026153041740422,0.49924041574895833,0.3664272980716025,0.4673532280773675,0.4889971705902356,0.5752501914448725,0.937119458218616,0.9472168712725263,0.8893074426882336,0.9088463795551891
G193_D194ins,2.0,2.0,1.0,none,,1,0.4026153041740422,0.49811620163378334,0.3664272980716025,0.4773489964687423,0.9680262925190168,0.9719434902539945,0.937119458218616,0.9463572102334119,0.9701793270243749,0.974470041940737
G227S,2.0,2.0,1.0,VUS,0.9801,0,0.39990442778050683,0.5025042436865114,0.3589511526625011,0.46655099723640914,0.9268401056194898,0.9419275307197696,0.49752792366295717,0.5820771457563608,0.7089987088059023,0.7578572902958309
G258C,2.0,2.0,1.0,VUS,0.9869,4,0.4038762860526835,0.49606650857290935,0.36214250695272093,0.46368257538460084,0.9275387444360058,0.9376255079191926,0.39761878349029706,0.502220586536739,0.5821326832929337,0.6515055769211888
G264S,2.0,2.0,1.0,P/LP,0.2496,2,0.39347708706381684,0.5004411655898817,0.3514881725962373,0.4560571647934135,0.12435270636224013,0.26944959281139513,0.8350052266503962,0.861994174120669,0.6839514232165099,0.7432962808095462
G73E,1.0,2.0,0.5,none,,4,0.4038762860526835,0.4241310506543896,0.36214250695272093,0.3868962414696686,0.9659011933536299,0.8912251331521368,0.925351918675925,0.8554362629722452,0.9671787829069821,0.8886749919451611
H317Q,2.0,3.0,0.6666666666666666,Conflicting,0.1142,1,0.4026153041740422,0.4610055236084179,0.3664272980716025,0.4343502190997669,0.06169697371991088,0.19736310919608466,0.46240815548796954,0.5052927822419674,0.32437834658362474,0.4035554494794456
H50D,2.0,2.0,1.0,none,0.8797,3,0.8259714487838502,0.8532140925770583,0.8052273580394544,0.8371558073553113,0.880994913240545,0.9013187131638404,0.9284182626429137,0.9397859217161004,0.9326514740197085,0.9446405143183436
I130T,2.0,3.0,0.6666666666666666,P/LP,0.9482,3,0.8259714487838502,0.7902091816939408,0.8052273580394544,0.7805308685093818,0.9020602374544956,0.8468948439657022,0.8927169715474923,0.8418733506202999,0.9240400224137231,0.8633316786221666
I159N,2.0,2.0,1.0,P/LP,0.9663,4,0.4038762860526835,0.5006310696723102,0.36214250695272093,0.4736563753221078,0.9188527819802621,0.9340247242980948,0.8352284178689304,0.8602253740969611,0.8670371710589775,0.8837757876176232
I160M,2.0,2.0,1.0,none,,2,0.39347708706381684,0.49452254146324126,0.3514881725962373,0.4605909752800817,0.9447003357982752,0.9555428787676176,0.9136938593144497,0.935087419046395,0.9493508855520433,0.9546486472681385
I348F,2.0,3.0,0.6666666666666666,P/LP,0.7653,3,0.8259714487838502,0.7914746921991631,0.8052273580394544,0.7688673063355982,0.8369825320015193,0.7944026935093568,0.8927169715474923,0.8407995342459004,0.8934349274789702,0.8438405340218604
K39del,2.0,2.0,1.0,none,,3,0.8259714487838502,0.852775688336835,0.8052273580394544,0.8363026273516689,0.9600045651950273,0.9648308341379185,0.9284182626429137,0.9449561517549969,0.9614617968649958,0.9675909622198771
L185P,2.0,2.0,1.0,P/LP,0.9982,3,0.8259714487838502,0.8553711450114316,0.8052273580394544,0.8388440749732211,0.9152460604683637,0.9270939824656981,0.8927169715474923,0.9129768107285239,0.9308267404966633,0.9388802727523551
L315F,2.0,2.0,1.0,VUS,0.8794,2,0.39347708706381684,0.4948607125217196,0.3514881725962373,0.45728459910078506,0.8584280383765334,0.883779785550646,0.4685962780214669,0.564995059486987,0.6040703235282904,0.66303647613638
L430_P431del,2.0,2.0,1.0,none,,1,0.4026153041740422,0.5068723105959024,0.3664272980716025,0.473360274564938,0.9680262925190168,0.9713141834670874,0.937119458218616,0.9495827280018988,0.9701793270243749,0.9750189691694319
M210K,2.0,2.0,1.0,P/LP,0.9915,4,0.4038762860526835,0.5090565089538381,0.36214250695272093,0.46833310302571646,0.9293574604835223,0.9451736949292936,0.8352284178689304,0.8647455924914563,0.8711438863469879,0.8929074407684781
M224K,2.0,2.0,1.0,none,0.9905,4,0.4038762860526835,0.5001602498745255,0.36214250695272093,0.4736376298763756,0.928965716856844,0.9406994183022553,0.925351918675925,0.9371070513215451,0.9293243910820425,0.9437531928925794
M235L,2.0,2.0,1.0,none,0.6351,0,0.39990442778050683,0.5049388931772775,0.3589511526625011,0.46598055631602625,0.6089472472234823,0.6692196326514382,0.9298059666249334,0.9421260302429709,0.8943492147418325,0.9114202685285797
M381R,2.0,2.0,1.0,P/LP,0.9599,4,0.4038762860526835,0.5094381391697433,0.36214250695272093,0.4713185532265159,0.9159661816367985,0.9306173632350995,0.8352284178689304,0.8604880011238304,0.8659754749097114,0.8927357101191242
M381T,2.0,2.0,1.0,P/LP,0.8388,0,0.39990442778050683,0.4960662582670517,0.3589511526625011,0.4595103104364765,0.8430808191645799,0.8647047952682327,0.8303352532010201,0.858139288665774,0.8396410607876731,0.8656873448452208
Q287X,2.0,2.0,1.0,none,,2,0.39347708706381684,0.49526301867546413,0.9359445333303446,0.9483614363345862,0.9375950414603992,0.9481401974227347,0.952087333894083,0.9607079476819711,0.9513030616461081,0.9620649603010791
R377S,2.0,2.0,1.0,P/LP,0.9972,4,0.4038762860526835,0.49932053371767193,0.36214250695272093,0.47162671075654256,0.9315524506308462,0.942903180660388,0.8352284178689304,0.862953228543559,0.8720566285662623,0.893830491949601
R43C,2.0,2.0,1.0,P/LP,0.2302,1,0.4026153041740422,0.5021125382713214,0.3664272980716025,0.4792650792912633,0.11548226885517275,0.2648260776775783,0.8343574869201695,0.8576385487931042,0.6994803697289849,0.7489751965904108
S151del,2.0,2.0,1.0,none,,0,0.39990442778050683,0.4976539969700012,0.3589511526625011,0.46062143628788327,0.9611593049452566,0.9688868752433107,0.9298059666249334,0.9432051557664198,0.9649697442746176,0.9703309271339841
S336X,2.0,2.0,1.0,P/LP,,0,0.39990442778050683,0.5017109631982285,0.9525394732599824,0.9605619346567853,0.9585630736238875,0.9675353102561156,0.9285738775550652,0.9412396191891773,0.9332986390894811,0.9411088931222179
S383fs,2.0,2.0,1.0,none,,0,0.39990442778050683,0.4975930051006937,0.9525394732599824,0.9568503640584118,0.9585630736238875,0.9660969718636144,0.9725523496670474,0.97842050052556,0.9702438722345901,0.9753078367712936
S76P,2.0,2.0,1.0,none,0.9954,4,0.4038762860526835,0.5070391865531133,0.36214250695272093,0.46131422452374365,0.9308662232363835,0.942025347457445,0.925351918675925,0.9394390135319765,0.9297798005401469,0.9429162665339874
T206P,2.0,2.0,1.0,P/LP,0.9793,4,0.4038762860526835,0.5081688922150218,0.36214250695272093,0.47023356182938975,0.9244389580756304,0.9371662131584666,0.8352284178689304,0.8641811610097083,0.8691703277190868,0.8916907042536477
T206R,2.0,2.0,1.0,none,0.9906,3,0.8259714487838502,0.8578002420581249,0.8052273580394544,0.8465743059237114,0.9133525355648835,0.9268480238969631,0.9284182626429137,0.9398593920870228,0.9453663636180174,0.9559565960448473
V244G,2.0,2.0,1.0,P/LP,0.588,4,0.4038762860526835,0.5050418358690529,0.36214250695272093,0.46480343486553155,0.5425151718730025,0.6210522857300551,0.8352284178689304,0.8664047357420404,0.7902232100907446,0.8257069756960302
V374fs,2.0,2.0,1.0,none,,1,0.4026153041740422,0.5004039902301033,0.9325570048689636,0.9444760462356631,0.9330620125962267,0.9472484578041653,0.9515153736788343,0.9624492666621787,0.9470674287676079,0.9564723166006688
V408L,2.0,2.0,1.0,none,0.8104,0,0.39990442778050683,0.5039783955084014,0.3589511526625011,0.467367267624387,0.818883208387502,0.84914977046365,0.9298059666249334,0.9406363388705271,0.9186284437223036,0.9302074278449236
V452L,2.0,2.0,1.0,P/LP,0.7086,2,0.39347708706381684,0.49073441486516606,0.3514881725962373,0.4627004284816099,0.6868527842442412,0.7409200456971569,0.8350052266503962,0.8626726056361197,0.8132323816389817,0.8460645339594968
V455M,2.0,2.0,1.0,P/LP,0.7397,0,0.39990442778050683,0.49975693269142246,0.3589511526625011,0.4581783874862763,0.7463242397025451,0.7872260393403453,0.8303352532010201,0.8629734199148856,0.8163472929695914,0.846042736048312
V61G,2.0,2.0,1.0,none,,2,0.39347708706381684,0.4958072977049996,0.3514881725962373,0.45880264169375123,0.9447003357982752,0.9532892775052882,0.9136938593144497,0.9280423186744096,0.9493508855520433,0.9581719985969726
V91L,2.0,2.0,1.0,none,0.708,2,0.39347708706381684,0.49583659456033496,0.3514881725962373,0.4534600217188676,0.6860833069057028,0.7422876334666076,0.9136938593144497,0.928295095557866,0.8922313907891538,0.910954974112747
W99C,2.0,2.0,1.0,none,0.7385,0,0.39990442778050683,0.500909389474943,0.3589511526625011,0.46232760910132376,0.7449405220327576,0.7888586701488213,0.9298059666249334,0.9419119811249187,0.9093812610005391,0.9228148591668849
Y214C,2.0,2.0,1.0,P/LP,0.26,2,0.39347708706381684,0.4966998361937078,0.3514881725962373,0.466006785583162,0.13125996494973716,0.2795628977084546,0.8350052266503962,0.8603581677653093,0.6873627359204234,0.740633391678127
Y215C,2.0,2.0,1.0,none,0.5185,2,0.39347708706381684,0.49500564842402134,0.3514881725962373,0.4577083196305556,0.4138357516243451,0.5146776509152617,0.9136938593144497,0.9275702108484569,0.8614840968639236,0.8848183722302241
Y215X,2.0,2.0,1.0,P/LP,,3,0.8259714487838502,0.851674988745001,0.9422414614313255,0.952997316769016,0.9418306455633969,0.9522709804986006,0.9209301233679937,0.9340957797608767,0.9291892276785249,0.9353886316561586
Y413F,2.0,2.0,1.0,none,0.3023,1,0.4026153041740422,0.5009119867261215,0.3664272980716025,0.4676046199740409,0.16669048296622935,0.3069302066137315,0.937119458218616,0.9479265481725354,0.8484779199845182,0.8702961777565948
Y61X,2.0,2.0,1.0,P/LP,,4,0.4038762860526835,0.49386736923898045,0.9429459827159986,0.9473660342460927,0.9467938077271677,0.9551047362908484,0.9084956787407882,0.923341612423139,0.9181797401746319,0.9306904374046022
c.1019+18G>A,1.0,2.0,0.5,none,,4,0.4038762860526835,0.41192653510060295,0.9429459827159986,0.8713066188835615,0.9467938077271677,0.8727964521041547,0.9608619740887379,0.8842404019485827,0.9575585364805862,0.881483789343468
c.1019+1G>A,2.0,2.0,1.0,none,,0,0.39990442778050683,0.5099393906875385,0.9525394732599824,0.9622406227933472,0.9585630736238875,0.9665924061243701,0.9725523496670474,0.9754747032272997,0.9702438722345901,0.9736080350295057
c.1019+5G>A,1.0,2.0,0.5,none,,4,0.4038762860526835,0.4184924812156758,0.9429459827159986,0.8750129253462796,0.9467938077271677,0.8722792556021263,0.9608619740887379,0.8838011558242302,0.9575585364805862,0.8796997508316692
c.121G>A,2.0,2.0,1.0,none,,2,0.39347708706381684,0.4923162079651796,0.3514881725962373,0.4593754647659539,0.9447003357982752,0.955691833750543,0.9136938593144497,0.9249786938913707,0.9493508855520433,0.9570337498540534
c.1223G>T,2.0,2.0,1.0,none,,2,0.39347708706381684,0.49225715053737146,0.3514881725962373,0.45754746954127207,0.9447003357982752,0.9565320929522707,0.9136938593144497,0.9243913399911454,0.9493508855520433,0.9584670380559096
c.263T>G,2.0,2.0,1.0,none,0.5296,2,0.39347708706381684,0.49463751256431926,0.3514881725962373,0.45614516748258466,0.4299859431625311,0.5143069751274585,0.9136938593144497,0.92783546717636,0.8634802967672104,0.8902300483983255
c.370G>C,2.0,2.0,1.0,P/LP,0.9792,3,0.8259714487838502,0.8547013403880273,0.8052273580394544,0.8425523750719991,0.9104394050940975,0.9254999447970772,0.8927169715474923,0.9114018946136127,0.9283195517136847,0.9397590205767512
c.45+1G>A,2.0,2.0,1.0,none,,0,0.39990442778050683,0.5004450248237882,0.9525394732599824,0.9613679734109574,0.9585630736238875,0.9643633381118984,0.9725523496670474,0.9750944382239094,0.9702438722345901,0.9754753058658534
c.553C>T,2.0,2.0,1.0,none,,2,0.39347708706381684,0.49821791265486964,0.3514881725962373,0.45711492671218373,0.9447003357982752,0.9555513001889951,0.9136938593144497,0.9241824816977925,0.9493508855520433,0.9557492396965169
c.679+1G>A,1.0,2.0,0.5,none,,1,0.4026153041740422,0.4155699841471998,0.9325570048689636,0.8627469399485859,0.9330620125962267,0.8617455028151992,0.9515153736788343,0.8746677572464003,0.9470674287676079,0.8726502161398697
c.686C>T,2.0,2.0,1.0,none,,1,0.4026153041740422,0.5013883493446112,0.3664272980716025,0.4770109558829654,0.9680262925190168,0.9728502421850976,0.937119458218616,0.9478898921091091,0.9701793270243749,0.9734038736769074
c.864-1G>A,1.0,2.0,0.5,none,,2,0.39347708706381684,0.4099656854218568,0.9359445333303446,0.8592288141007558,0.9375950414603992,0.8614206462264097,0.952087333894083,0.8782188722989301,0.9513030616461081,0.8777057129767301
A173fs,1.0,1.0,1.0,none,,0,0.39990442778050683,0.4499587033668652,0.9525394732599824,0.9542158767791338,0.9585630736238875,0.9623405642771053,0.9725523496670474,0.9755233775028608,0.9702438722345901,0.9725173984684438
A188V,1.0,1.0,1.0,P/LP,0.9817,3,0.8259714487838502,0.8374229486237832,0.8052273580394544,0.8265228471435195,0.9110858183971372,0.9208119384782606,0.8927169715474923,0.8965498543237586,0.9286543841594803,0.9386020476548235
A208P,1.0,1.0,1.0,P/LP,0.9931,3,0.8259714487838502,0.8341808014094712,0.8052273580394544,0.8197061316714006,0.9139796519029277,0.9196673508883114,0.8927169715474923,0.9020594515743503,0.930162196161902,0.939615297291499
A209V,1.0,1.0,1.0,P/LP,0.8357,2,0.39347708706381684,0.45942414261707615,0.3514881725962373,0.41846809238484006,0.8237981116222054,0.8408327397361631,0.8350052266503962,0.8455493911991463,0.8406511680543292,0.857969008286141
A370fs,1.0,1.0,1.0,none,,2,0.39347708706381684,0.4550466630323421,0.9359445333303446,0.9365023300961571,0.9375950414603992,0.9422908133911105,0.952087333894083,0.9572103939572053,0.9513030616461081,0.9543619601485642
A378D,1.0,1.0,1.0,P/LP,0.9946,3,0.8259714487838502,0.8448704674590445,0.8052273580394544,0.823830097423817,0.9143539183887928,0.9227853003798323,0.8927169715474923,0.9050854144172235,0.9303582879685729,0.9389005024285828
A378V,1.0,1.0,1.0,P/LP,0.9223,1,0.4026153041740422,0.45679502149464274,0.3664272980716025,0.4220058489369114,0.8868970684282864,0.8946399706670283,0.8343574869201695,0.8453992543644142,0.8564545989789443,0.8726244182568822
A379E,1.0,1.0,1.0,P/LP,0.9918,1,0.4026153041740422,0.4538115425092309,0.3664272980716025,0.42837115287978567,0.9219840948422542,0.9285622653097141,0.8343574869201695,0.8489037202711819,0.8674821443890851,0.8810091982824453
A450V,1.0,1.0,1.0,VUS,0.9615,4,0.4038762860526835,0.4548760849025168,0.36214250695272093,0.4215426586179588,0.916696473367404,0.9275121353269629,0.39761878349029706,0.46130306291393763,0.5733243958101046,0.6146112080825045
A454V,1.0,2.0,0.5,P/LP,0.9056,3,0.8259714487838502,0.7736015514670016,0.8052273580394544,0.7539821123586482,0.8893915398510867,0.8248565523592015,0.8927169715474923,0.8278861606311778,0.9177586437909839,0.8481395006293349
A454fs,1.0,1.0,1.0,none,,3,0.8259714487838502,0.8365621353345837,0.9422414614313255,0.9488540139928614,0.9418306455633969,0.9498005206093412,0.9489041226926257,0.9536124717319515,0.947018428040249,0.9546777608634279
C233R,1.0,1.0,1.0,none,0.9973,3,0.8259714487838502,0.8473649440161148,0.8052273580394544,0.8147922654010336,0.915023829581501,0.9253058720775241,0.9284182626429137,0.933093693211359,0.9460545187382149,0.9485934440150315
C364F,1.0,1.0,1.0,VUS,0.7649,4,0.4038762860526835,0.4534520018029537,0.36214250695272093,0.4186716840017293,0.7732442557142519,0.7970867447508663,0.39761878349029706,0.4497560790374465,0.5035115225175733,0.550189875385561
C371X,1.0,1.0,1.0,P/LP,,3,0.8259714487838502,0.8424166660158893,0.9422414614313255,0.9479005657043273,0.9418306455633969,0.9492542081538181,0.9209301233679937,0.925793013785843,0.9291892276785249,0.9360607970969328
C382R,1.0,1.0,1.0,P/LP,0.9942,3,0.8259714487838502,0.8409170800808474,0.8052273580394544,0.8237370520053943,0.9142542605315124,0.9212518729711012,0.8927169715474923,0.9011209896774769,0.9303060488808766,0.9327210685386754
D187Y,1.0,1.0,1.0,P/LP,0.711,2,0.39347708706381684,0.45305726505778743,0.3514881725962373,0.4192529231691585,0.6899203466323471,0.7154763221381157,0.8350052266503962,0.8526207616082033,0.8137840377895762,0.8312612072458551
D198V,1.0,1.0,1.0,P/LP,0.836,4,0.4038762860526835,0.4533061022868635,0.36214250695272093,0.421045286671313,0.838984200968055,0.85855847019114,0.8352284178689304,0.8518321060110473,0.843874465312183,0.8590995724190598
D205H,1.0,1.0,1.0,P/LP,0.9997,3,0.8259714487838502,0.8433403809416606,0.8052273580394544,0.8158164327713293,0.9156152575219683,0.9198947799822825,0.8927169715474923,0.9037149922617821,0.9310210289180705,0.9397061224044034
D274G,1.0,1.0,1.0,P/LP,0.9923,4,0.4038762860526835,0.46239406173648556,0.36214250695272093,0.42332880697275604,0.9296694145834202,0.9392898546157468,0.8352284178689304,0.8503213065631757,0.8712723478383944,0.8807016458207123
D364fs,1.0,1.0,1.0,none,,3,0.8259714487838502,0.8418845885710855,0.9422414614313255,0.9504136125257547,0.9418306455633969,0.947222551494181,0.9489041226926257,0.9552675015713387,0.947018428040249,0.9519021499162252
D365N,1.0,1.0,1.0,VUS,0.1666,4,0.4038762860526835,0.448004836447979,0.36214250695272093,0.41716759220163097,0.08723868972304365,0.16763144650043624,0.39761878349029706,0.4510001880402804,0.29986645321972927,0.35984681413769165
D365fs,1.0,1.0,1.0,none,,0,0.39990442778050683,0.45686252313066616,0.9525394732599824,0.9536342714488917,0.9585630736238875,0.9612942852205951,0.9725523496670474,0.9763501655814806,0.9702438722345901,0.9730111684696047
D4N,0.0,8.0,0.0,B/LB,0.1383,4,0.4038762860526835,0.22727620751620328,0.36214250695272093,0.19758387161887142,0.07469401393650803,0.0426930622800021,0.0032843540242545257,0.001680401962413713,0.0034126127015677724,0.0016867251084018646
E120K,1.0,2.0,0.5,VUS,0.5416,1,0.4026153041740422,0.4191501837822336,0.3664272980716025,0.3819600939455457,0.45212716215818594,0.45917586199668853,0.46240815548796954,0.47184491392264044,0.4592814201329031,0.46283675357847326
E236A,1.0,1.0,1.0,none,0.9547,1,0.4026153041740422,0.4583923470251227,0.3664272980716025,0.41865767731551207,0.9047095524068062,0.9127793579010844,0.937119458218616,0.9437566126561204,0.9311768375841872,0.93865549177885
E268K,1.0,1.0,1.0,P/LP,0.233,0,0.39990442778050683,0.45109525426597613,0.3589511526625011,0.41438658761831676,0.11872018363325128,0.1930100804582448,0.8303352532010201,0.8464410613810958,0.6565895671750454,0.6934183068245691
E275V,1.0,1.0,1.0,none,,1,0.4026153041740422,0.4558075316135687,0.3664272980716025,0.4209231448152345,0.9680262925190168,0.9711834958988345,0.937119458218616,0.9425368851046153,0.9701793270243749,0.9733284133277176
E279G,1.0,15.0,0.06666666666666667,VUS,0.1434,2,0.39347708706381684,0.19997878653360468,0.3514881725962373,0.1796976614953804,0.07014862800082455,0.06870535063173659,0.4685962780214669,0.22959719641006174,0.33727960805830315,0.17265636656936606
E339X,1.0,1.0,1.0,none,,3,0.8259714487838502,0.8434853565570601,0.9422414614313255,0.9469174308682808,0.9418306455633969,0.949431396748629,0.9489041226926257,0.9521961053622504,0.947018428040249,0.9518221808481878
E395fs,1.0,1.0,1.0,none,,4,0.4038762860526835,0.46005014873709066,0.9429459827159986,0.9485448086530048,0.9467938077271677,0.9509862543491471,0.9608619740887379,0.9654408276231001,0.9575585364805862,0.9606532632349895
E421X,1.0,1.0,1.0,P/LP,,1,0.4026153041740422,0.46020257930925057,0.9325570048689636,0.9367339844705395,0.9330620125962267,0.9397604956234771,0.8660547392951746,0.8851968457716072,0.8859987625228442,0.9018176553047111
E442X,1.0,1.0,1.0,P/LP,,3,0.8259714487838502,0.8439432250981873,0.9422414614313255,0.9495683783932204,0.9418306455633969,0.9453030738767099,0.9209301233679937,0.9213975416631447,0.9291892276785249,0.9377747352136188
E443K,1.0,1.0,1.0,VUS,0.923,3,0.8259714487838502,0.8410148161958625,0.8052273580394544,0.8218490639122495,0.8947332696267465,0.9067025583944192,0.4304686070493641,0.49125607375470787,0.6418190789296636,0.671664653250102
E70D,1.0,1.0,1.0,none,0.9735,1,0.4026153041740422,0.4546619535364763,0.3664272980716025,0.424267190216147,0.9138545168165774,0.9195568574779472,0.937119458218616,0.9432513218475596,0.9327540672145055,0.9397036210741672
F123L,1.0,1.0,1.0,none,0.9993,0,0.39990442778050683,0.45230660575884296,0.3589511526625011,0.4166778959702073,0.9343564183405458,0.9410340300045732,0.9298059666249334,0.9305319772773702,0.9388147136224178,0.9436312756912666
F133fs,1.0,1.0,1.0,none,,4,0.4038762860526835,0.4603337456296408,0.9429459827159986,0.9466920080543064,0.9467938077271677,0.9460875025751253,0.9608619740887379,0.9654554904292776,0.9575585364805862,0.9578738850746237
F150S,1.0,1.0,1.0,P/LP,0.9978,2,0.39347708706381684,0.4428657608005702,0.3514881725962373,0.41259417530376613,0.9245752837207594,0.9325909689827602,0.8350052266503962,0.8518594312709717,0.8705245450165248,0.8840699677882808
F419C,1.0,1.0,1.0,none,0.9892,2,0.39347708706381684,0.4540131875723684,0.3514881725962373,0.4159710674231222,0.9209333363547851,0.9292428539902492,0.9136938593144497,0.9207209331888988,0.9263453953400174,0.9337035047439646
F419S,1.0,1.0,1.0,P/LP,0.9959,0,0.39990442778050683,0.4547413944651099,0.3589511526625011,0.4131689306082869,0.9330799298619935,0.9403467474231827,0.8303352532010201,0.8507529934397758,0.8713755982818575,0.8850447811024525
F423fs,1.0,1.0,1.0,none,,0,0.39990442778050683,0.45452551162802957,0.9525394732599824,0.9558223243531802,0.9585630736238875,0.9642613041537913,0.9725523496670474,0.9759871237213712,0.9702438722345901,0.9753207683571936
G147D,1.0,2.0,0.5,VUS,0.9977,2,0.39347708706381684,0.4140307021102608,0.3514881725962373,0.3743435532210068,0.9245338361852699,0.8528969610781579,0.4685962780214669,0.4807412414244209,0.6449462866493675,0.6179357632066105
G162D,1.0,1.0,1.0,P/LP,0.9972,3,0.8259714487838502,0.8387347393269556,0.8052273580394544,0.8307717895483564,0.9149991042090542,0.9208064145116055,0.8927169715474923,0.8980191590166127,0.9306969211231151,0.9341643746587678
G170D,1.0,1.0,1.0,none,0.9333,2,0.39347708706381684,0.4494351676051235,0.3514881725962373,0.409909956410133,0.8931025646324483,0.9074526571507523,0.9136938593144497,0.9245760104489678,0.920520920550299,0.9290952705398148
G170V,1.0,1.0,1.0,P/LP,0.9665,1,0.4026153041740422,0.4591412069448386,0.3664272980716025,0.421693858762384,0.9105464157857354,0.9202011731344764,0.8343574869201695,0.8490004775866365,0.8635602267838408,0.8743728163936033
G229fs,1.0,1.0,1.0,none,,2,0.39347708706381684,0.449854576138847,0.9359445333303446,0.9409587472589132,0.9375950414603992,0.9434851677461373,0.952087333894083,0.9555098595583015,0.9513030616461081,0.9558596526883474
G246R,1.0,1.0,1.0,P/LP,0.8194,4,0.4038762860526835,0.4640056632127717,0.36214250695272093,0.4173602441822002,0.8251638858063453,0.834200856065726,0.8352284178689304,0.8526283890677381,0.8406832003445023,0.8548466723693744
G249R,1.0,1.0,1.0,none,0.9702,0,0.39990442778050683,0.45835020320374276,0.3589511526625011,0.4235904454404528,0.9226610771163325,0.9280345978173262,0.9298059666249334,0.9359297405706504,0.936057503521012,0.945186133065318
G258D,1.0,2.0,0.5,VUS,0.994,3,0.8259714487838502,0.7724698754836318,0.8052273580394544,0.750459616525504,0.9142043916629866,0.8460018679218352,0.4304686070493641,0.4399175497817441,0.6738289832400515,0.6381179467144776
G261A,1.0,1.0,1.0,none,0.9124,1,0.4026153041740422,0.4472969230058479,0.3664272980716025,0.428474749359538,0.880900033308505,0.886956454833504,0.937119458218616,0.9459138979077396,0.927492759309997,0.9313512029597623
G262R,1.0,4.0,0.25,VUS,0.2444,1,0.4026153041740422,0.3539555132263453,0.3664272980716025,0.33323553094404645,0.12434475752054354,0.15705320900199704,0.46240815548796954,0.4006153368626429,0.36329372345184435,0.33766136109664713
G448S,1.0,1.0,1.0,none,0.9898,3,0.8259714487838502,0.8352118464438092,0.8052273580394544,0.82036773199372,0.9131509739081546,0.9228799590957485,0.9284182626429137,0.9350730564710036,0.9452836230208154,0.9506277139269581
G448V,1.0,1.0,1.0,none,0.9895,3,0.8259714487838502,0.8375876743471368,0.8052273580394544,0.8256846314052242,0.9130752774548079,0.9168800698587963,0.9284182626429137,0.934239463437738,0.9452525636537735,0.9487859846888875
G68D,0.0,6.0,0.0,B/LB,0.918,4,0.4038762860526835,0.2500321454595097,0.36214250695272093,0.22350981416391963,0.8946611343738956,0.5633065725071579,0.0032843540242545257,0.0025542392213078195,0.010957597182813186,0.006408832542782839
G72E,1.0,1.0,1.0,Conflicting,0.9961,3,0.8259714487838502,0.8389692612136029,0.8052273580394544,0.8174180700325615,0.9147266881819497,0.9258632074075697,0.4304686070493641,0.46922341622524477,0.6747505716605534,0.7075253400252304
G73R,1.0,1.0,1.0,none,0.3791,4,0.4038762860526835,0.45951483988696207,0.36214250695272093,0.4152818900834073,0.2538151646183841,0.3189256986848807,0.925351918675925,0.929495505647891,0.8444075583421384,0.860012000728172
G80S,1.0,1.0,1.0,P/LP,0.9912,0,0.39990442778050683,0.45132745423074416,0.3589511526625011,0.41092198536842234,0.9312773544192462,0.9361401837994286,0.8303352532010201,0.8405765114538297,0.870513792006021,0.8820316753221628
H105fs,1.0,1.0,1.0,none,,3,0.8259714487838502,0.8419589649788385,0.9422414614313255,0.9437176085661433,0.9418306455633969,0.9504414843429678,0.9489041226926257,0.9524845441088288,0.947018428040249,0.9519244472651152
H141fs,1.0,1.0,1.0,none,,4,0.4038762860526835,0.45715372345364363,0.9429459827159986,0.9477636376043036,0.9467938077271677,0.9499301229151029,0.9608619740887379,0.9644887726089015,0.9575585364805862,0.9626570837098148
H147fs,1.0,1.0,1.0,none,,2,0.39347708706381684,0.44326308167338513,0.9359445333303446,0.9408589038928951,0.9375950414603992,0.9356922818480883,0.952087333894083,0.9533247158254935,0.9513030616461081,0.9561697830587977
H317P,1.0,1.0,1.0,VUS,0.2725,0,0.39990442778050683,0.4554877794531049,0.3589511526625011,0.4110443811395203,0.14624927229638696,0.22200209231295132,0.49752792366295717,0.5373728736233131,0.4346790559582305,0.4833848672117329
H416R,1.0,1.0,1.0,P/LP,0.993,1,0.4026153041740422,0.4549684859902931,0.3664272980716025,0.4190837169257795,0.9224918473006933,0.9296336766857439,0.8343574869201695,0.8518250057974098,0.8676655758985699,0.8848978669122181
H50Y,1.0,1.0,1.0,P/LP,0.4993,0,0.39990442778050683,0.4553361143732979,0.3589511526625011,0.4131358773460828,0.40522305141741766,0.4619891128153785,0.8303352532010201,0.8453889693217409,0.7487234474055707,0.7763887630067619
I110N,1.0,1.0,1.0,none,0.99,3,0.8259714487838502,0.844536306948644,0.8052273580394544,0.823884312475119,0.9132014046108355,0.9218094160161455,0.9284182626429137,0.9359323728308087,0.9453043196734717,0.951665744909987
I130V,1.0,1.0,1.0,none,0.2374,0,0.39990442778050683,0.4581187630917697,0.3589511526625011,0.4111832345373894,0.12154885969687283,0.19708262600285387,0.9298059666249334,0.9384509612969988,0.8139571269878271,0.8332050927059084
I405fs,1.0,1.0,1.0,none,,4,0.4038762860526835,0.46285110060987256,0.9429459827159986,0.9486448269817199,0.9467938077271677,0.9536613280732388,0.9608619740887379,0.964552571058378,0.9575585364805862,0.9622874744194946
K13del,1.0,1.0,1.0,none,,3,0.8259714487838502,0.8372153294734079,0.8052273580394544,0.8229548316028009,0.9600045651950273,0.9630209025335261,0.9284182626429137,0.9341882621535477,0.9614617968649958,0.9659524684135833
K169E,1.0,1.0,1.0,none,0.997,1,0.4026153041740422,0.45163634819685083,0.3664272980716025,0.42736648372473013,0.924162526825432,0.9312258139232529,0.937119458218616,0.9452419046814519,0.9346751130824077,0.9382661656043353
K291X,1.0,1.0,1.0,P/LP,,3,0.8259714487838502,0.8410923612282781,0.9422414614313255,0.9485559166308625,0.9418306455633969,0.9473075506171408,0.9209301233679937,0.9307491260871434,0.9291892276785249,0.9381114471119857
K39fs,1.0,1.0,1.0,none,,0,0.39990442778050683,0.45074457975121646,0.9525394732599824,0.9546581916678829,0.9585630736238875,0.9612884720417136,0.9725523496670474,0.9732520501088986,0.9702438722345901,0.9733142560530939
K459fs,1.0,1.0,1.0,none,,2,0.39347708706381684,0.45602627339910323,0.9359445333303446,0.9356538542320991,0.9375950414603992,0.9433026779402413,0.952087333894083,0.9568144271987133,0.9513030616461081,0.9542334620905191
L144P,1.0,1.0,1.0,VUS,0.9814,2,0.39347708706381684,0.4467641975110785,0.3514881725962373,0.40581265609202727,0.9174916246258867,0.9302635333689616,0.4685962780214669,0.5161640952222412,0.639444106218566,0.6677659671657995
L164P,1.0,1.0,1.0,P/LP,0.9975,1,0.4026153041740422,0.45515674082096413,0.3664272980716025,0.420930383471227,0.9243690184910921,0.9309128068516078,0.8343574869201695,0.8517706010192576,0.8683513708277378,0.885078709539924
L164V,1.0,1.0,1.0,none,0.8872,1,0.4026153041740422,0.4600882319470234,0.3664272980716025,0.4248702804072967,0.8643824137350068,0.8822849349417741,0.937119458218616,0.9415648133916628,0.9252061900611992,0.9324269775837325
L185Q,1.0,1.0,1.0,none,0.9941,0,0.39990442778050683,0.44940728932780566,0.3589511526625011,0.41909930849024374,0.9323948343889419,0.9432440695355193,0.9298059666249334,0.9373683538658899,0.9383307136957929,0.9400472205963875
L304F,1.0,1.0,1.0,none,0.4266,1,0.4026153041740422,0.4627587224828037,0.3664272980716025,0.426381516285539,0.2945793403623626,0.35439816717933964,0.937119458218616,0.9471629830996132,0.8690793995730867,0.880264148591358
L304P,1.0,2.0,0.5,P/LP,0.981,0,0.39990442778050683,0.41860518419365683,0.3589511526625011,0.38492799766900776,0.9272095131518255,0.8542183864209624,0.8303352532010201,0.7815465397767357,0.868625561208889,0.8056605587661235
L30P,1.0,1.0,1.0,P/LP,0.9942,0,0.39990442778050683,0.45784644924681206,0.3589511526625011,0.42022950326404573,0.9324330655609113,0.9409130200235164,0.8303352532010201,0.8483060718771942,0.8710644805411708,0.8835309055517512
L324P,1.0,1.0,1.0,P/LP,0.9898,0,0.39990442778050683,0.4492037783780363,0.3589511526625011,0.4191515556353728,0.9307317697657433,0.9391752422213802,0.8303352532010201,0.849456043348968,0.8702560787931389,0.8831326882645256
L415fs,1.0,1.0,1.0,none,,1,0.4026153041740422,0.46927934141327005,0.9325570048689636,0.9378531605010757,0.9330620125962267,0.9381107597646086,0.9515153736788343,0.956547784808699,0.9470674287676079,0.9513547426627806
L58P,1.0,1.0,1.0,none,0.9973,3,0.8259714487838502,0.8375851389267962,0.8052273580394544,0.8288315279623549,0.915023829581501,0.9182867779433556,0.9284182626429137,0.9361000458678177,0.9460545187382149,0.9500767565249792
L77R,1.0,1.0,1.0,none,0.9944,3,0.8259714487838502,0.837877747083915,0.8052273580394544,0.8246480528895547,0.914304102769702,0.9198201290571948,0.9284182626429137,0.9383269049525534,0.9457577099223362,0.9517293448895314
M197I,1.0,1.0,1.0,none,0.7231,2,0.39347708706381684,0.44659802173640467,0.3514881725962373,0.41057932596047636,0.7051283209963973,0.733189410480796,0.9136938593144497,0.9190154442942775,0.8943912717634119,0.9052577109079974
M197V,1.0,1.0,1.0,none,0.2708,1,0.4026153041740422,0.4576327109172333,0.3664272980716025,0.4171543234657456,0.1423753436515553,0.2170140187861398,0.937119458218616,0.9416161017648368,0.8428441866876519,0.8578404591193645
M210I,1.0,1.0,1.0,P/LP,0.9929,1,0.4026153041740422,0.4593424768816332,0.3664272980716025,0.419196800999574,0.9224496506698427,0.9298907719671559,0.8343574869201695,0.846074334965998,0.8676502988397947,0.8772301937661896
M235V,1.0,1.0,1.0,P/LP,0.5272,1,0.4026153041740422,0.45434462352457483,0.3664272980716025,0.428042168812169,0.4310989007745144,0.4813477909345544,0.8343574869201695,0.8478662286853306,0.7774944654076881,0.8008266721521337
M251I,1.0,1.0,1.0,P/LP,0.9719,1,0.4026153041740422,0.4573451388136076,0.3664272980716025,0.4225427361693974,0.9131083057813609,0.9205366148140297,0.8343574869201695,0.8499042387751314,0.8644061034427043,0.8753278344534341
M298V,1.0,1.0,1.0,VUS,0.3199,3,0.8259714487838502,0.8424051096331181,0.8052273580394544,0.8247674705931939,0.5507566642001716,0.5941797197020311,0.4304686070493641,0.4879281627733377,0.34483652424573946,0.40393455774379317
M35I,1.0,1.0,1.0,none,,3,0.8259714487838502,0.8437292798706497,0.8052273580394544,0.8236171244657111,0.9600045651950273,0.9675748936757869,0.9284182626429137,0.9336911219623986,0.9614617968649958,0.9661255923087412
M37T,1.0,1.0,1.0,P/LP,0.9562,3,0.8259714487838502,0.8393546255847857,0.8052273580394544,0.8226393570609455,0.9042881396249276,0.91356220260463,0.8927169715474923,0.9033592002817872,0.9251673230633176,0.931804504059116
M393T,1.0,1.0,1.0,P/LP,0.9687,1,0.4026153041740422,0.4574636860223146,0.3664272980716025,0.42119266556725704,0.9115982853791068,0.9235301305523572,0.8343574869201695,0.8470550765914309,0.8639054218162799,0.8767100825750026
M462I,1.0,2.0,0.5,none,0.2584,1,0.4026153041740422,0.4167086872704237,0.3664272980716025,0.39058306191160536,0.13364852407582387,0.19981530722209134,0.937119458218616,0.86679420496119,0.8405798105271769,0.7858447984729666
M462V,0.0,2.0,0.0,none,0.0858,3,0.8259714487838502,0.6963772918860914,0.8052273580394544,0.6701407208020553,0.3669179217589587,0.3067908799885791,0.9284182626429137,0.77846049209396,0.7315875621597958,0.6052776211029782
M57R,1.0,1.0,1.0,P/LP,0.9955,0,0.39990442778050683,0.45426964372548795,0.3589511526625011,0.41943274701702365,0.9329282463866818,0.938229840832384,0.8303352532010201,0.8444130928209507,0.8713024551524305,0.8802708859249827
M57T,1.0,1.0,1.0,VUS,0.9953,1,0.4026153041740422,0.4606436956346024,0.3664272980716025,0.41755744643550446,0.9234565721768562,0.9317587169826316,0.46240815548796954,0.4992088658553239,0.6088933646609284,0.6465725713748067
M57fs,1.0,1.0,1.0,none,,0,0.39990442778050683,0.44997031001404414,0.9525394732599824,0.9604630844550373,0.9585630736238875,0.9595237446902339,0.9725523496670474,0.9741881979343875,0.9702438722345901,0.9717062626942523
N180D,1.0,1.0,1.0,VUS,0.2602,4,0.4038762860526835,0.4525971892005015,0.36214250695272093,0.41933986663597206,0.14320595131767627,0.21674913632318493,0.39761878349029706,0.4597964873457607,0.328748272470503,0.38276543478019837
N180H,1.0,1.0,1.0,none,0.617,4,0.4038762860526835,0.45626047436107764,0.36214250695272093,0.42463882293654037,0.5851018179249646,0.6273820906445191,0.925351918675925,0.9322671685451357,0.8848512849257444,0.89589836782808
N204K,1.0,1.0,1.0,P/LP,0.9995,0,0.39990442778050683,0.45522687659355615,0.3589511526625011,0.4149899381616904,0.9344307956041674,0.9427627559651282,0.8303352532010201,0.8443099734570572,0.8720321984638747,0.8865652442685668
N231fs,1.0,1.0,1.0,none,,4,0.4038762860526835,0.4667479352965823,0.9429459827159986,0.9483871726939789,0.9467938077271677,0.9521251311813484,0.9608619740887379,0.9660624408089019,0.9575585364805862,0.9626805024323967
N254D,1.0,1.0,1.0,none,0.984,3,0.8259714487838502,0.8393029284442363,0.8052273580394544,0.8197612465564412,0.9116767459753498,0.9199822340342945,0.9284182626429137,0.9304953860116156,0.9446800717700907,0.9511857492047011
N257T,1.0,1.0,1.0,none,,2,0.39347708706381684,0.44108392918515194,0.3514881725962373,0.40690845882808874,0.9447003357982752,0.9494107821141221,0.9136938593144497,0.9220835105044646,0.9493508855520433,0.9529724313613119
P359L,1.0,1.0,1.0,none,0.6463,1,0.4026153041740422,0.45499752590376835,0.3664272980716025,0.42930949083822845,0.6053636085171689,0.6431964178990635,0.937119458218616,0.9455052475081358,0.8995092910736469,0.9100993524977554
Q106_M107del,1.0,1.0,1.0,none,,4,0.4038762860526835,0.4550752732257056,0.36214250695272093,0.4147558705939557,0.9659011933536299,0.9691691284467773,0.925351918675925,0.928927053271919,0.9671787829069821,0.9698502673207604
Q38P,1.0,1.0,1.0,P/LP,0.9363,2,0.39347708706381684,0.44802627666603834,0.3514881725962373,0.404778257140866,0.894793469583456,0.9043348523529618,0.8350052266503962,0.8474988813977785,0.8598355613674991,0.8696737851332014
Q38X,1.0,1.0,1.0,P/LP,,4,0.4038762860526835,0.4615405198454578,0.9429459827159986,0.9501039421107041,0.9467938077271677,0.9529022297748572,0.9084956787407882,0.9194565958870019,0.9181797401746319,0.9220610901691657
R186G,1.0,1.0,1.0,none,0.8393,3,0.8259714487838502,0.8396940199070457,0.8052273580394544,0.8294955715256404,0.8667831085743403,0.877769195362626,0.9284182626429137,0.9371397883875513,0.927343463107782,0.9359616268877902
R187W,1.0,1.0,1.0,none,,4,0.4038762860526835,0.4511352727987369,0.36214250695272093,0.42002167108069277,0.9659011933536299,0.9663299615787656,0.925351918675925,0.9282485400516577,0.9671787829069821,0.9672882309227927
R225H,1.0,1.0,1.0,none,,4,0.4038762860526835,0.4635757725298312,0.36214250695272093,0.41786653389924266,0.9659011933536299,0.9680361172094001,0.925351918675925,0.9330304657015056,0.9671787829069821,0.970319504692624
R250C,1.0,1.0,1.0,P/LP,0.3665,2,0.39347708706381684,0.4525444168162756,0.3514881725962373,0.4088553377792129,0.2218510667486129,0.2966359421942046,0.8350052266503962,0.8495794494644219,0.7211445669656203,0.743585915386009
R272C,1.0,1.0,1.0,none,,0,0.39990442778050683,0.45310398917618827,0.3589511526625011,0.4194911578729105,0.9611593049452566,0.964933920028917,0.9298059666249334,0.9393962462355225,0.9649697442746176,0.9653636754114453
R275C,1.0,3.0,0.3333333333333333,P/LP,0.1845,1,0.4026153041740422,0.3866499587484519,0.3664272980716025,0.3545823585913271,0.09060808443824615,0.146231121848298,0.8343574869201695,0.7222663910481533,0.6862068936483415,0.609169820388109
R275H,1.0,3.0,0.3333333333333333,VUS,0.1033,3,0.8259714487838502,0.7087894308781898,0.8052273580394544,0.6967690114491681,0.37996152189180415,0.3647758808169035,0.4304686070493641,0.4105282285603535,0.25384150938622096,0.26670252295314084
R303L,1.0,1.0,1.0,P/LP,0.9821,3,0.8259714487838502,0.8404573473115449,0.8052273580394544,0.8219818537280298,0.9111888476045316,0.9182091750529603,0.8927169715474923,0.902557345179908,0.9287078172901032,0.9329029757059609
R303T,1.0,1.0,1.0,none,,0,0.39990442778050683,0.45153023639697476,0.3589511526625011,0.4157442046395229,0.9611593049452566,0.9667061951934205,0.9298059666249334,0.9370100164585411,0.9649697442746176,0.9694379819090942
R308K,1.0,1.0,1.0,none,0.0983,4,0.4038762860526835,0.4570655716327409,0.36214250695272093,0.41967131179297396,0.059783762859626784,0.1414763981890989,0.925351918675925,0.9300035521025344,0.7822529728208428,0.8004147551126171
R358X,1.0,2.0,0.5,P/LP,,3,0.8259714487838502,0.7753732632016791,0.9422414614313255,0.8713720108240831,0.9418306455633969,0.8699872315711368,0.9209301233679937,0.8434870104099005,0.9291892276785249,0.8608691542835688
R377L,1.0,1.0,1.0,P/LP,0.9816,1,0.4026153041740422,0.4610205376270128,0.3664272980716025,0.4274972730190827,0.9175436424391576,0.9209856280328254,0.8343574869201695,0.8492718337066002,0.8659135440468197,0.8733562240560695
R392G,1.0,1.0,1.0,VUS,0.6953,3,0.8259714487838502,0.8348928901908389,0.8052273580394544,0.8211903639251796,0.8039882346548692,0.8265318346168796,0.4304686070493641,0.4806749685679053,0.530592372844574,0.5717066924379861
R392S,1.0,1.0,1.0,P/LP,0.8697,4,0.4038762860526835,0.45223193074561224,0.36214250695272093,0.41666481728442173,0.8643066474556684,0.8689868340852026,0.8352284178689304,0.8499265015110539,0.8501829886480807,0.8624590692349713
R397C,1.0,1.0,1.0,P/LP,0.3974,2,0.39347708706381684,0.45561106222796083,0.3514881725962373,0.40637580395983086,0.2552879164335328,0.3172416527260092,0.8350052266503962,0.8510468539570085,0.7305265825684195,0.7533484045898338
R422L,1.0,4.0,0.25,VUS,0.361,2,0.39347708706381684,0.3508383646330035,0.3514881725962373,0.32029487693441255,0.21624003440370665,0.2213043582707625,0.4685962780214669,0.4037746249514647,0.41295544253418914,0.3634020988003752
R423P,1.0,1.0,1.0,P/LP,0.9554,2,0.39347708706381684,0.4517996455594436,0.3514881725962373,0.41317540208898945,0.9050132188910344,0.9150274493370948,0.8350052266503962,0.8511894536428828,0.8632374225176054,0.8691718227705397
R447L,1.0,1.0,1.0,none,0.7014,1,0.4026153041740422,0.4554631648405509,0.3664272980716025,0.4264885629095679,0.6800342522716963,0.7124913643105847,0.937119458218616,0.9473475861930625,0.9060416203856486,0.9158196955478501
R63H,1.0,4.0,0.25,VUS,0.2782,4,0.4038762860526835,0.3691207530288031,0.36214250695272093,0.32627880719523156,0.15691259660993828,0.18708049358877357,0.39761878349029706,0.3636700060619729,0.3344786969388887,0.30896700745543454
S131P,1.0,1.0,1.0,P/LP,0.9878,2,0.39347708706381684,0.45379677696018433,0.3514881725962373,0.41577132125993804,0.9203254271796129,0.9262880490208888,0.8350052266503962,0.84809463520441,0.8688383617891311,0.8753682368138762
S151C,1.0,1.0,1.0,none,0.9811,2,0.39347708706381684,0.44704571543037697,0.3514881725962373,0.40979411484693434,0.9173565604580823,0.9256310571971228,0.9136938593144497,0.91948097160927,0.925528030706162,0.9323566668390086
S151T,1.0,1.0,1.0,none,0.9741,2,0.39347708706381684,0.443477525800706,0.3514881725962373,0.41005074733773755,0.9141473593180398,0.9143216323957594,0.9136938593144497,0.921450340668267,0.9248145137083055,0.9259307035912142
S151_F152del,1.0,1.0,1.0,none,,0,0.39990442778050683,0.4591322899836074,0.3589511526625011,0.42039824456990255,0.9611593049452566,0.9642459606454681,0.9298059666249334,0.9344874873057232,0.9649697442746176,0.9686607078707866
S174X,1.0,1.0,1.0,none,,3,0.8259714487838502,0.8412402402617715,0.9422414614313255,0.9468698550633755,0.9418306455633969,0.9448548604319991,0.9489041226926257,0.9557617847372376,0.947018428040249,0.9519867767370072
S375fs,1.0,1.0,1.0,none,,1,0.4026153041740422,0.45637400607832174,0.9325570048689636,0.9384961015455493,0.9330620125962267,0.9409955766089955,0.9515153736788343,0.95590873573887,0.9470674287676079,0.9515671054645184
S411F,1.0,1.0,1.0,P/LP,0.9758,3,0.8259714487838502,0.8339291969745719,0.8052273580394544,0.8180569082656084,0.9095533892648102,0.918842536945548,0.8927169715474923,0.8998959581013475,0.9278617495868169,0.9313104503663583
S426_R428del,1.0,1.0,1.0,none,,0,0.39990442778050683,0.45767761771036636,0.3589511526625011,0.41771180621997656,0.9611593049452566,0.9670444383119096,0.9298059666249334,0.9370153728454184,0.9649697442746176,0.9685841722418372
S441L,1.0,2.0,0.5,VUS,0.9233,4,0.4038762860526835,0.42285373801806964,0.36214250695272093,0.38407981773403854,0.8975990444758625,0.8337746503341652,0.39761878349029706,0.4125239872521578,0.5599616107865195,0.5461876416709747
S442P,1.0,1.0,1.0,none,,0,0.39990442778050683,0.45278123717165125,0.3589511526625011,0.4142891994274934,0.9611593049452566,0.9641384853929502,0.9298059666249334,0.9362051602053105,0.9649697442746176,0.9690954828148479
S453X,1.0,1.0,1.0,P/LP,,0,0.39990442778050683,0.456732636744012,0.9525394732599824,0.9599327296756104,0.9585630736238875,0.9625609895793841,0.9285738775550652,0.9351436444806441,0.9332986390894811,0.9378625590432824
S54G,1.0,1.0,1.0,none,0.1925,0,0.39990442778050683,0.453696263824986,0.3589511526625011,0.4168353157433065,0.09527224563423123,0.1801855152737063,0.9298059666249334,0.9312642012398137,0.8023848941529816,0.8208349722258323
S64P,1.0,1.0,1.0,none,0.9794,0,0.39990442778050683,0.4548631946463227,0.3589511526625011,0.42935199592508105,0.9265515938713772,0.9345208371051505,0.9298059666249334,0.9361853249731019,0.9369420939809682,0.9409148307309512
T149I,1.0,1.0,1.0,none,0.9862,4,0.4038762860526835,0.45689731236744185,0.36214250695272093,0.4204218347964275,0.9272582204063946,0.9343976527436556,0.925351918675925,0.9337855930518179,0.9289223570380993,0.9351800412861857
T209R,1.0,1.0,1.0,none,0.9845,0,0.39990442778050683,0.45588178926785333,0.3589511526625011,0.41342770072877194,0.9286297878291396,0.9352942395661965,0.9298059666249334,0.9361684598696572,0.9374272947160921,0.9442255701575376
T210M,1.0,1.0,1.0,none,,4,0.4038762860526835,0.4662141278346162,0.36214250695272093,0.425932968333386,0.9659011933536299,0.9706199704974422,0.925351918675925,0.9313771253288003,0.9671787829069821,0.9670723244263272
T255A,1.0,1.0,1.0,P/LP,0.5403,2,0.39347708706381684,0.4501540702721931,0.3514881725962373,0.4110371979779559,0.4456964524496555,0.4930511681143194,0.8350052266503962,0.8501964141096299,0.7712354866567073,0.7962518655369527
T260M,1.0,1.0,1.0,none,,4,0.4038762860526835,0.4576270794886753,0.36214250695272093,0.4178930300930611,0.9659011933536299,0.968136214213844,0.925351918675925,0.9313318752212223,0.9671787829069821,0.9701851991437803
T326P,1.0,1.0,1.0,P/LP,0.6167,2,0.39347708706381684,0.44729449705386787,0.3514881725962373,0.40617137315805646,0.559128449830964,0.5955259044130575,0.8350052266503962,0.8467210052716557,0.7911102102031177,0.8142776753019062
T342P,0.0,2.0,0.0,B/LB,0.0947,3,0.8259714487838502,0.6884452829351898,0.8052273580394544,0.667932691734969,0.3735271543697179,0.31774501954669604,0.00515793002656134,0.004575528085410826,0.0024916484731741747,0.002196633436546775
T432K,1.0,1.0,1.0,none,0.5025,0,0.39990442778050683,0.45704118269250094,0.3589511526625011,0.41503718455872274,0.4099274747300539,0.4610155649305377,0.9298059666249334,0.9377389049168806,0.8717595682130496,0.8866689109559763
T49N,1.0,1.0,1.0,P/LP,0.2836,0,0.39990442778050683,0.4509843050498888,0.3589511526625011,0.41651606367381544,0.15488453353311166,0.23060527411372092,0.8303352532010201,0.8420711200417649,0.6752900973728784,0.7027571913047347
T65I,1.0,1.0,1.0,none,0.3905,1,0.4026153041740422,0.45186633026553996,0.3664272980716025,0.4123258981395758,0.2521739210289174,0.3135014770995421,0.937119458218616,0.9401077672956814,0.8633599469266768,0.8770704725298182
T67fs,1.0,1.0,1.0,none,,4,0.4038762860526835,0.4545169521208073,0.9429459827159986,0.9461553175216258,0.9467938077271677,0.9506984986012527,0.9608619740887379,0.9676135910509597,0.9575585364805862,0.9612453578884164
T82P,1.0,1.0,1.0,none,0.9784,4,0.4038762860526835,0.4604999954334912,0.36214250695272093,0.4180469655163549,0.924063901142684,0.9281516703313959,0.925351918675925,0.9328634295501071,0.9281873499106776,0.9299530859546079
V101M,1.0,27.0,0.037037037037037035,VUS,0.3803,0,0.39990442778050683,0.13525347656959202,0.3589511526625011,0.12249405043606257,0.24819329856999037,0.0960528583335045,0.49752792366295717,0.15868419995690886,0.47847293213329894,0.15832937125202956
V16_E70del,1.0,1.0,1.0,none,,2,0.39347708706381684,0.4444982745182608,0.3514881725962373,0.41655585157993597,0.9447003357982752,0.9500262173999416,0.9136938593144497,0.9227276190904286,0.9493508855520433,0.9502165234119635
V199L,1.0,1.0,1.0,none,0.9019,3,0.8259714487838502,0.8377221401049589,0.8052273580394544,0.8239219817103399,0.8882250447709952,0.89960700545885,0.9284182626429137,0.9408522945694024,0.9354073180455993,0.9447686151222378
V203A,1.0,1.0,1.0,P/LP,0.9035,0,0.39990442778050683,0.4546202614969887,0.3589511526625011,0.41118003570642286,0.8883735540995794,0.8954265177449028,0.8303352532010201,0.8419170000467453,0.8534572307910779,0.8650596698917498
V207L,1.0,1.0,1.0,none,0.9808,2,0.39347708706381684,0.4553213338470014,0.3514881725962373,0.4128364407875597,0.9172212947864288,0.9217451893977747,0.9136938593144497,0.924143626360911,0.9254975878561028,0.9283424238499225
V222F,1.0,1.0,1.0,none,0.8802,0,0.39990442778050683,0.45055385925783115,0.3589511526625011,0.41107993321321795,0.8735551909389465,0.8861836012559267,0.9298059666249334,0.9345167439610427,0.9267416740675086,0.9329032114240766
V253F,1.0,1.0,1.0,P/LP,0.94,3,0.8259714487838502,0.8406999903052518,0.8052273580394544,0.8260275933181821,0.8997280948935251,0.9072630377922596,0.8927169715474923,0.8989085919463954,0.9228676704232924,0.9315745208757635
V253N,1.0,1.0,1.0,none,,4,0.4038762860526835,0.45822339328681105,0.36214250695272093,0.4235920048320166,0.9659011933536299,0.9685060441246898,0.925351918675925,0.9306910909422739,0.9671787829069821,0.9676854951888655
V253fs,1.0,1.0,1.0,none,,4,0.4038762860526835,0.4502297139242246,0.9429459827159986,0.9484445990766194,0.9467938077271677,0.9519130577609224,0.9608619740887379,0.965647195158954,0.9575585364805862,0.9608578183331401
V335fs,1.0,1.0,1.0,none,,4,0.4038762860526835,0.45559027216629966,0.9429459827159986,0.9486052807256651,0.9467938077271677,0.953262708439055,0.9608619740887379,0.9643488929997948,0.9575585364805862,0.9589614511440321
V367M,1.0,1.0,1.0,P/LP,0.7181,1,0.4026153041740422,0.4568265351632699,0.3664272980716025,0.42242453515844364,0.7011379420847472,0.7279110988432416,0.8343574869201695,0.8458344967541799,0.8192166430709334,0.840100904294189
V380fs,1.0,1.0,1.0,none,,4,0.4038762860526835,0.45924345169624814,0.9429459827159986,0.9485432218041986,0.9467938077271677,0.9528348650021072,0.9608619740887379,0.9628071943855234,0.9575585364805862,0.963630621354431
V389D,1.0,1.0,1.0,P/LP,0.9877,4,0.4038762860526835,0.4583092483636916,0.36214250695272093,0.41990464039580433,0.9278581197610108,0.9328888295320004,0.8352284178689304,0.8480366025800904,0.8705320971543022,0.8819404891843154
V455delinsalaval,1.0,1.0,1.0,none,,3,0.8259714487838502,0.836107720890816,0.8052273580394544,0.829795769746795,0.9600045651950273,0.9665320333999996,0.9284182626429137,0.934576293272621,0.9614617968649958,0.9654670417888366
V86A,1.0,1.0,1.0,none,0.9407,4,0.4038762860526835,0.4618726887460137,0.36214250695272093,0.41852741983948333,0.9067382837655453,0.9200735715942387,0.925351918675925,0.930619169337346,0.9245286051602444,0.9351176151888673
W257X,1.0,1.0,1.0,P/LP,,1,0.4026153041740422,0.4615328819368388,0.9325570048689636,0.9394566711080173,0.9330620125962267,0.9383553449011317,0.8660547392951746,0.877160908322089,0.8859987625228442,0.8963358418739268
W99L,1.0,1.0,1.0,none,0.4675,1,0.4026153041740422,0.46233117255691164,0.3664272980716025,0.4233703953130281,0.3472865717516502,0.4110336320414044,0.937119458218616,0.940487689600337,0.8753051647563621,0.8832185954317171
Y108N,1.0,1.0,1.0,none,0.9521,2,0.39347708706381684,0.4503231545015848,0.3514881725962373,0.41284264883252453,0.9033134762250072,0.9103334262627069,0.9136938593144497,0.9208251368700344,0.9225282443636735,0.9286429096222129
Y214D,1.0,1.0,1.0,none,0.8393,4,0.4038762860526835,0.45563475825385724,0.36214250695272093,0.42823475516152126,0.8416237296164701,0.8635603865954469,0.925351918675925,0.9292107704225618,0.9137662273418287,0.9164098864150462
Y297X,1.0,1.0,1.0,none,,1,0.4026153041740422,0.45494504452403195,0.9325570048689636,0.9393721207326304,0.9330620125962267,0.9425001080893194,0.9515153736788343,0.9549455824643617,0.9470674287676079,0.9506225394742709
Y349X,1.0,1.0,1.0,none,,2,0.39347708706381684,0.4503973140667585,0.9359445333303446,0.9422790671877047,0.9375950414603992,0.9398261435048949,0.952087333894083,0.9525024908139874,0.9513030616461081,0.9582785906892637
Y413X,1.0,1.0,1.0,none,,3,0.8259714487838502,0.8374153386815285,0.9422414614313255,0.9460907395802883,0.9418306455633969,0.9490975369053098,0.9489041226926257,0.9524014665879972,0.947018428040249,0.9551647425528038
Y62X,1.0,1.0,1.0,none,,1,0.4026153041740422,0.4570233579711676,0.9325570048689636,0.9387026046490886,0.9330620125962267,0.9429234254359927,0.9515153736788343,0.9554906555901889,0.9470674287676079,0.9510823016172201
c.1182_1195del,1.0,1.0,1.0,none,,3,0.8259714487838502,0.8454992647495309,0.8052273580394544,0.8241467908213387,0.9600045651950273,0.9629434248336783,0.9284182626429137,0.937797097845927,0.9614617968649958,0.9672955152244572
c.1254-1G>C,1.0,1.0,1.0,none,,0,0.39990442778050683,0.4513105436849821,0.9525394732599824,0.9560081605029767,0.9585630736238875,0.961391499443959,0.9725523496670474,0.977262758648935,0.9702438722345901,0.9742558934384947
c.1254-52_1261del,1.0,1.0,1.0,none,,2,0.39347708706381684,0.4457640003315416,0.9359445333303446,0.9403760698155855,0.9375950414603992,0.9436002014954997,0.952087333894083,0.958938792478254,0.9513030616461081,0.9565246097505543
c.1396T>C,1.0,1.0,1.0,P/LP,,1,0.4026153041740422,0.45543072683513136,0.3664272980716025,0.4251434758310003,0.9680262925190168,0.9724092520634975,0.8343574869201695,0.845087235194111,0.9327876853358275,0.93945571512625
c.1829G>T,1.0,1.0,1.0,none,,4,0.4038762860526835,0.46149959011398545,0.36214250695272093,0.42180439035270767,0.9659011933536299,0.9679265648749861,0.925351918675925,0.9327699064213012,0.9671787829069821,0.9717143783808769
c.206-130_677-705dup,1.0,1.0,1.0,none,,0,0.39990442778050683,0.45576635338621996,0.9525394732599824,0.9564922292167837,0.9585630736238875,0.9601716629278944,0.9725523496670474,0.9735291825480025,0.9702438722345901,0.9718451381481031
c.208+2T>C,1.0,1.0,1.0,none,,1,0.4026153041740422,0.45107006261919974,0.9325570048689636,0.9367554084131423,0.9330620125962267,0.9360561570932154,0.9515153736788343,0.9569689078059002,0.9470674287676079,0.9495775376737052
c.209-12_209-11dup,1.0,1.0,1.0,none,,0,0.39990442778050683,0.45212363879868384,0.9525394732599824,0.9573324678555742,0.9585630736238875,0.9636621671107776,0.9725523496670474,0.9758263314797755,0.9702438722345901,0.9743259478311381
c.363+9C>T,1.0,1.0,1.0,none,,1,0.4026153041740422,0.4525391191908962,0.9325570048689636,0.9412777352378915,0.9330620125962267,0.9371237542086931,0.9515153736788343,0.9599359594198916,0.9470674287676079,0.9511777418781315
c.364-2A>G,1.0,1.0,1.0,none,,3,0.8259714487838502,0.8462372436569607,0.9422414614313255,0.9448106230664023,0.9418306455633969,0.9495626606327127,0.9489041226926257,0.9560158531339421,0.947018428040249,0.9531651433064571
c.382delG,1.0,1.0,1.0,none,,2,0.39347708706381684,0.45129889169070925,0.3514881725962373,0.4077553514889715,0.9447003357982752,0.9477794817729839,0.9136938593144497,0.9213167962955533,0.9493508855520433,0.9567527826385904
c.3989-9G>A,1.0,1.0,1.0,none,,1,0.4026153041740422,0.45574332769067233,0.9325570048689636,0.9387466588530055,0.9330620125962267,0.9400816871713926,0.9515153736788343,0.9573882587024706,0.9470674287676079,0.9488582660476832
c.437T>G,1.0,1.0,1.0,P/LP,0.9907,4,0.4038762860526835,0.46818388847848547,0.36214250695272093,0.42356868371168455,0.9290442260317411,0.9372005218565511,0.8352284178689304,0.844275679641179,0.8710153079914537,0.8833734912495183
c.45+1G>C,1.0,1.0,1.0,none,,3,0.8259714487838502,0.8384167180655512,0.9422414614313255,0.947655674733399,0.9418306455633969,0.9457589226039737,0.9489041226926257,0.9541093640252093,0.947018428040249,0.9501463534307206
c.45+1G>T,1.0,1.0,1.0,none,,1,0.4026153041740422,0.45462044342907726,0.9325570048689636,0.944907071661056,0.9330620125962267,0.9387380166271665,0.9515153736788343,0.9526550090835483,0.9470674287676079,0.9535780898274622
c.46-1G>A,1.0,1.0,1.0,none,,0,0.39990442778050683,0.45212961807512075,0.9525394732599824,0.9584485812669735,0.9585630736238875,0.962303598963584,0.9725523496670474,0.9773052991273526,0.9702438722345901,0.97337833835789
c.46-2A>G,1.0,1.0,1.0,none,,2,0.39347708706381684,0.45085532157441394,0.9359445333303446,0.9380368543693501,0.9375950414603992,0.94260537820821,0.952087333894083,0.9502206546995161,0.9513030616461081,0.9567597532755869
c.483+1G>C,1.0,1.0,1.0,none,,1,0.4026153041740422,0.45820996554297816,0.9325570048689636,0.938102385355087,0.9330620125962267,0.933830800431333,0.9515153736788343,0.9569798542862713,0.9470674287676079,0.9479798917066666
c.483+2T>C,1.0,1.0,1.0,none,,0,0.39990442778050683,0.45933237173092417,0.9525394732599824,0.9550487616156732,0.9585630736238875,0.9625263067226257,0.9725523496670474,0.9745621592292082,0.9702438722345901,0.9716621890059224
c.580-2A>C,1.0,1.0,1.0,none,,0,0.39990442778050683,0.4553598205805959,0.9525394732599824,0.9564837350939001,0.9585630736238875,0.9619365701700636,0.9725523496670474,0.974541379515257,0.9702438722345901,0.9736913636602516
c.580-3C>A,1.0,1.0,1.0,none,,0,0.39990442778050683,0.45636634503540796,0.9525394732599824,0.9569735990142122,0.9585630736238875,0.9626919474685758,0.9725523496670474,0.972200789293202,0.9702438722345901,0.9735019926787511
c.641_654dupACTACGAAGACCA,1.0,1.0,1.0,none,,4,0.4038762860526835,0.45475397629950504,0.36214250695272093,0.42747385951654165,0.9659011933536299,0.9664430282779398,0.925351918675925,0.931011691900938,0.9671787829069821,0.9689158873767422
c.678_679+2delGGGT,1.0,1.0,1.0,none,,4,0.4038762860526835,0.4490312336113434,0.9429459827159986,0.9495017307495858,0.9467938077271677,0.9507040663055034,0.9608619740887379,0.964094324068513,0.9575585364805862,0.9645794547686959
c.803_804insA,1.0,1.0,1.0,none,,4,0.4038762860526835,0.45448043495447565,0.36214250695272093,0.42689963767497136,0.9659011933536299,0.9696991987159619,0.925351918675925,0.930262964367853,0.9671787829069821,0.9695932237661303
c.863+1G>T,1.0,1.0,1.0,none,,1,0.4026153041740422,0.459653212181269,0.9325570048689636,0.9334259863487444,0.9330620125962267,0.9379237881326193,0.9515153736788343,0.956280998634924,0.9470674287676079,0.9536674140306898
c.863+52G>A,1.0,1.0,1.0,none,,4,0.4038762860526835,0.465861870432519,0.9429459827159986,0.9499305331697637,0.9467938077271677,0.9504057246761257,0.9608619740887379,0.9652699254310148,0.9575585364805862,0.9598808249300559
c.864-10C>T,1.0,1.0,1.0,none,,3,0.8259714487838502,0.8447638277812298,0.9422414614313255,0.9445272099281891,0.9418306455633969,0.9466076021734281,0.9489041226926257,0.9554658653537543,0.947018428040249,0.9505376304235443
c.864-1G>C,1.0,1.0,1.0,none,,1,0.4026153041740422,0.45735426724806805,0.9325570048689636,0.939474694746167,0.9330620125962267,0.9434653276226708,0.9515153736788343,0.9581947104425845,0.9470674287676079,0.9512558536708019
c.864-1G>T,1.0,1.0,1.0,none,,2,0.39347708706381684,0.44799836916719776,0.9359445333303446,0.9389899287107882,0.9375950414603992,0.942870406681749,0.952087333894083,0.953241799299237,0.9513030616461081,0.9519813835671967
c.880_891delinsCATGGCGAGCTGGTGT,1.0,1.0,1.0,none,,0,0.39990442778050683,0.46503569948909357,0.3589511526625011,0.4269974343287467,0.9611593049452566,0.9578818318045662,0.9298059666249334,0.9376305802521615,0.9649697442746176,0.9664241443351743
c.908_916delGGCTTGTGC,1.0,1.0,1.0,none,,1,0.4026153041740422,0.45207111959482005,0.3664272980716025,0.41541595018176,0.9680262925190168,0.9722546152752817,0.937119458218616,0.9421953333452256,0.9701793270243749,0.971992954453326
c.94A>T,1.0,1.0,1.0,none,,3,0.8259714487838502,0.8428657749927311,0.8052273580394544,0.8213760646165479,0.9600045651950273,0.9632535175091018,0.9284182626429137,0.9351112126469149,0.9614617968649958,0.9662740471270025
