key,vclass,is_truncating,affected,literature_n,gnomad_added,clinvar_simple,class_source,alphamissense,n_papers,pmids,n,observed,affected_genotype_first,n_genotype_first,base_prior_mean,base_prior_pred_mean,base_prior_pred_q025,base_prior_pred_q975,base_post_mean,base_post_median,base_post_q025,base_post_q975,base_post_sd,base_post_study_marginal_mean,class_prior_mean,class_prior_pred_mean,class_prior_pred_q025,class_prior_pred_q975,class_post_mean,class_post_median,class_post_q025,class_post_q975,class_post_sd,class_post_study_marginal_mean,insilico_prior_mean,insilico_prior_pred_mean,insilico_prior_pred_q025,insilico_prior_pred_q975,insilico_post_mean,insilico_post_median,insilico_post_q025,insilico_post_q975,insilico_post_sd,insilico_post_study_marginal_mean,clinvar_prior_mean,clinvar_prior_pred_mean,clinvar_prior_pred_q025,clinvar_prior_pred_q975,clinvar_post_mean,clinvar_post_median,clinvar_post_q025,clinvar_post_q975,clinvar_post_sd,clinvar_post_study_marginal_mean,insilico_clinvar_prior_mean,insilico_clinvar_prior_pred_mean,insilico_clinvar_prior_pred_q025,insilico_clinvar_prior_pred_q975,insilico_clinvar_post_mean,insilico_clinvar_post_median,insilico_clinvar_post_q025,insilico_clinvar_post_q975,insilico_clinvar_post_sd,insilico_clinvar_post_study_marginal_mean,is_common,gnomad_af_max,split_alternating_observed_B,split_alternating_n_B,discordance
R518X,nonsense,True,254.0,339.0,26.0,P/LP,clinvar,,31,10482963;10737999;10973849;14510661;17905336;18441444;19841300;20659946;21118729;22539601;23098067;23392653;24552659;25471708;26187847;26318259;26496715;28720088;29740400;29922582;30758498;32893267;34135346;34142889;36310718;37975542;38442735;38489124;40166542;40176271;42033934,365.0,0.6958904109589041,,,0.9090669755387377,0.6932039837818601,0.00291966435460752,0.9999635477061569,0.190907824953048,0.18273547984252853,0.0764661352965811,0.34931372554095724,0.07062192613106374,0.3789489402107254,0.9580217718656356,0.7679738324569815,0.011536893719583191,0.9999841645904275,0.19371539822903983,0.18550201056437587,0.07430076890395758,0.35568844900548463,0.07238812312658867,0.38036792669064307,0.9248265362295444,0.766509749703859,0.0422527728416447,0.9997825831612837,0.20339310559985666,0.19703794068857877,0.08266233438766535,0.3605058966895755,0.07207860534038313,0.3831836680523358,0.8386264845275518,0.7038244248962966,0.02812562166168385,0.9992080783932166,0.2026889795781509,0.1960756999963798,0.0867385683791023,0.3620030500361655,0.07062727584603494,0.3833242315303735,0.7517515554602356,0.6465331495374375,0.02478362766508173,0.9976703451087809,0.20017330903546218,0.19424102602850202,0.08408549029875324,0.35014721956829425,0.06880245292016686,0.3829694005602249,False,0.000103416,0.9866666666666667,75.0,P/LP but posterior 97.5% bound below threshold
c.1394-1G>T,splice,True,0.0,1.0,52.0,P/LP,clinvar,,1,34135346,53.0,0.0,,,0.9090669755387377,0.6998754761339696,0.0027444896377636706,0.999963800190345,0.00839017712751478,0.004046862333053519,3.6578104509377777e-05,0.03965709070467658,0.011692492400480746,0.1314576861117374,0.9580217718656356,0.7693224502078122,0.008093570407837635,0.9999877418374734,0.009615635438761675,0.004858421516759616,7.52353129976597e-05,0.04557760892648739,0.01287554479402268,0.13951047472533243,0.9248265362295444,0.7765342007420573,0.03665681890924617,0.9997942189056624,0.015180652977248703,0.010133386359637373,0.00045858114799696565,0.05647803430339787,0.015788359153155525,0.16808932797403603,0.8386264845275518,0.7027878331610664,0.02885550095604063,0.9991575559666565,0.01628960498771611,0.011129464679050642,0.0006400882760229827,0.05787719248837949,0.01595084582873713,0.17447834659280734,0.7517515554602356,0.6586627075926099,0.026325020370525892,0.9975407414770956,0.017937267876530306,0.012625346730685348,0.0008519273107232117,0.06531270626463133,0.017238976730563942,0.18218409781268366,False,3.557126771893773e-05,,,P/LP but posterior 97.5% bound below threshold
R632fs,indel_cdna,False,5.0,6.0,32.0,P/LP,clinvar,,4,23098067;25187895;32893267;34691145,38.0,0.13157894736842105,,,0.9090669755387377,0.7092890826295185,0.003047752299364508,0.9999674411925686,0.02943936964749624,0.021192142952455476,0.0013984004571191296,0.10443909630857186,0.027419361456928786,0.21391589003866673,0.8872912555659961,0.6832897456067555,0.0036699125972524866,0.9999576154434575,0.02893512187901689,0.02060472292999315,0.001368420248301903,0.10205217862700343,0.027040409308510066,0.21294353118872286,0.9741481335839043,0.859785435487858,0.10897285861199783,0.9999384177043188,0.0447772177328122,0.035787507837108115,0.004233728005413622,0.13700382027741045,0.034991861280683614,0.2433566986457897,0.8747321024666144,0.7296792058362398,0.035992038994353145,0.9991835123012069,0.04189485660844512,0.0335233580735697,0.004217912244386367,0.12138621101469997,0.03173379058143253,0.23981162862016855,0.8637927972290833,0.7459810333615239,0.05171529027315364,0.9991212604545053,0.04580097357430724,0.03764452249223485,0.0052771788178237146,0.1358218779556394,0.034502528101587014,0.2479933990358144,False,2.2492602042609424e-05,1.0,3.0,P/LP but posterior 97.5% bound below threshold
F296S,missense,False,35.0,35.0,0.0,Conflicting,clinvar,0.9971,4,21350584;22199116;29688407;32893267,35.0,1.0,,,0.9090669755387377,0.6929937192795427,0.0030215302921576415,0.999968837879078,0.9817797656619858,0.9988865800585769,0.8199619996419328,0.9999976161079677,0.06723187112192885,0.890068425560989,0.8872912555659961,0.6724221924169603,0.003009214922133812,0.9999549178704811,0.98156362105774,0.9987701916399816,0.8319668371859585,0.999997635396552,0.06353813200320395,0.8862580754375557,0.9600171314983514,0.8276541211719037,0.0889731157100692,0.9998703128881753,0.9816948668710306,0.9976295087808111,0.8379673166663577,0.999980792394917,0.054425424121426286,0.8749574821926895,0.29899187299418306,0.397125747270759,0.0018332412317850109,0.9891123160331892,0.8819368950514943,0.9589441163922823,0.3345199671550828,0.9993428420250838,0.17684795924802618,0.7305507358660217,0.8478019874741141,0.71944157882369,0.04877027809460657,0.9986914408145795,0.9510936611700993,0.9872195364471377,0.6370019246388358,0.9997893948331956,0.09746206064942305,0.800666784774189,False,,1.0,10.0,not P/LP but posterior 2.5% bound above threshold
M159fs,splice,True,10.0,11.0,16.0,P/LP,clinvar,,7,10973849;24552659;25471708;29037160;32893267;33552729;40818193,27.0,0.37037037037037035,,,0.9090669755387377,0.6991770397445781,0.003910269177651399,0.9999686793355504,0.09653802417119486,0.08308333852961518,0.012819814842509377,0.2598738638986388,0.06528524376332254,0.30714351692745523,0.9580217718656356,0.7709803673984845,0.00797100909896488,0.9999874353025097,0.09946769183531193,0.08690515421315864,0.013565129542917054,0.26066332741077014,0.06599535455528194,0.3100781928025888,0.9248265362295444,0.76772088897476,0.03675203704639126,0.999749401800498,0.11517230199825798,0.10038657576225146,0.017558426183191467,0.28801352334227387,0.07214203151989837,0.32031149765369155,0.8386264845275518,0.7053248485864287,0.025347242241344693,0.9989285411098449,0.11328975874697687,0.09903524503411101,0.018006405956413923,0.28503663533075785,0.07050409621333775,0.31975786204446927,0.7517515554602356,0.6431690392202758,0.02536231477573245,0.9974047211819217,0.11294514021144537,0.0976490923149928,0.0198361064665471,0.28091654064053656,0.06902770595003632,0.3212460168207084,False,1.0970550927354384e-05,1.0,4.0,P/LP but posterior 97.5% bound below threshold
K362R,missense,False,3.0,6.0,10.0,P/LP,clinvar,0.8726,4,19841300;22949429;32893267;34135346,16.0,0.1875,,,0.9090669755387377,0.704863028831578,0.003366343244447937,0.9999682615771245,0.05760228744629322,0.03531189655444082,0.0010316892417261054,0.2439646613527271,0.06488942351120963,0.24615256099244678,0.8872912555659961,0.6808449575712299,0.003167953060717758,0.9999624758405073,0.05758754127966408,0.03510636248356208,0.0009834686633518744,0.23163781160545618,0.06458448448505219,0.24585008476265227,0.9049695060299792,0.7474159189357265,0.032320011097899476,0.9996981564863068,0.07945671572995157,0.0567974001040124,0.0033631861777384865,0.2792657803487182,0.07441764536441203,0.27554001749402635,0.8747321024666144,0.7315997137864437,0.030127534094756915,0.9992844489843264,0.08824615177850748,0.06605825435486852,0.0049722422919483925,0.293044781067765,0.07803528931620896,0.28616385763422714,0.8542060180095439,0.721909611204544,0.052428903686790075,0.9985777041533355,0.09517934388064728,0.07453435419920831,0.006880556947375763,0.3008079557323817,0.07850093660257296,0.29704463685393323,False,3.97852e-05,1.0,3.0,P/LP but posterior 97.5% bound below threshold
L353P,missense,False,13.0,13.0,0.0,VUS,clinvar,0.9999,5,10973849;19841300;22949429;32893267;36496179,13.0,1.0,,,0.9090669755387377,0.7045821616832814,0.004068695927348057,0.9999680905007202,0.9675621647131428,0.9977113212918597,0.6804175524119048,0.9999954482053951,0.09714807704528386,0.8621052995173119,0.8872912555659961,0.6748041685779784,0.003033410823778939,0.9999660173630188,0.9609007309665978,0.9974641586369444,0.6162942220222786,0.9999954510859642,0.11023037508370528,0.8525443826498086,0.9608057382072286,0.8279356651652648,0.07525114616047063,0.9999044970249825,0.9690870414900766,0.9955222944042114,0.7478261953598222,0.9999709445523898,0.07837958768325912,0.8461146094128542,0.29899187299418306,0.3923544118787243,0.0024562521314871614,0.9873033356402143,0.8095334415505855,0.919900141371544,0.1384551074785067,0.9987696644620248,0.2383288629191588,0.6799976446230884,0.8499074410446394,0.7275028788447647,0.05142399653883355,0.9988876027619725,0.9216043979899798,0.9773409073347004,0.46052871744495627,0.9997306318010062,0.13760092815842898,0.7681287292697083,False,,1.0,8.0,not P/LP but posterior 2.5% bound above threshold
H363N,missense,False,9.0,9.0,0.0,VUS,clinvar,0.9974,4,24357532;24606995;32893267;34531279,9.0,1.0,,,0.9090669755387377,0.7011218955638471,0.003876448787412534,0.999968253840503,0.9745260133517206,0.998076909022126,0.7463470532604922,0.9999973951064871,0.07850089158304244,0.8710743117301258,0.8872912555659961,0.6704297263063818,0.002569519345042179,0.9999641445995596,0.9689868174145913,0.9979206784172303,0.6865146323703293,0.9999961235274976,0.09298136482240574,0.8635536611549613,0.960102352062881,0.8160617186393262,0.06882979687987698,0.9998791521089109,0.9730673723951712,0.9961493513311642,0.7519958479900868,0.9999652930598896,0.07607720397821238,0.8556459838891943,0.29899187299418306,0.3824897768896926,0.0021145074314029635,0.9868879644565495,0.8382166185846068,0.9319621683524268,0.2272127258796249,0.9990842311410675,0.21017277467364967,0.6960882109696132,0.8480287443650116,0.7294672417877683,0.050426281303676025,0.9985857882990464,0.9328100346075264,0.9812994079683389,0.5436848878042606,0.9997138173671588,0.12184392035745575,0.7772695738621525,False,,1.0,3.0,not P/LP but posterior 2.5% bound above threshold
R583C,missense,False,3.0,3.0,4.0,P/LP,clinvar,0.5124,3,10973849;24606995;32893267,7.0,0.42857142857142855,,,0.9090669755387377,0.7053741440396487,0.0023013061606547503,0.9999627476930533,0.14687372300753984,0.099143209357819,0.00313094170107574,0.5267795582154308,0.14346535733901042,0.32227430297120524,0.8872912555659961,0.6847963194646827,0.003025592605828232,0.9999676866319299,0.1451961661489561,0.0975550964024482,0.0026995699843479735,0.5427148365123599,0.14620673249581373,0.31925004311176186,0.39446071842228475,0.4489748318438671,0.001869835202387096,0.9946442957601017,0.1346426194288441,0.09110069185417415,0.0033347196701931335,0.48306702097347354,0.1315194099503574,0.3122547447807913,0.8747321024666144,0.7378297074380159,0.03634569590158718,0.999129551692984,0.20360720087876774,0.1609979523330095,0.012002334929816602,0.6017641507468258,0.16184855573823553,0.3625189517818343,0.3983829054416188,0.44103456517603123,0.005700819589073898,0.9895217629019222,0.1514815407590034,0.10725556752935005,0.006325102503508849,0.5213924676339967,0.13999065145017084,0.3293198896140128,False,1.59352e-05,,,P/LP but posterior 97.5% bound below threshold
