run_id,gene,pmid,variant,field,value,gold_variant,gold_carriers,gold_affected,gold_unaffected,verdict,gold_real_split,role,tier,caption,count_column,source_location
20260905_protocol_cont120_02_candidate,SCN5A,27566755,A1330D,affected,1,A1330D,1,1,0,exact,False,case,caption_names_disease_cases,"Table S1: List of Mutations by Coding Effect, Location, and Frequency in 406 LQT3 Patients.",COUNT,"Table S1: List of Mutations by Coding Effect, Location, and Frequency in 406"
20260905_protocol_cont120_02_candidate,SCN5A,27566755,A1746T,affected,4,A1746T,4,4,0,exact,False,case,caption_names_disease_cases,"Table S1: List of Mutations by Coding Effect, Location, and Frequency in 406 LQT3 Patients.",COUNT,"Table S1: List of Mutations by Coding Effect, Location, and Frequency in 406"
20260905_protocol_cont120_02_candidate,SCN5A,27566755,A413T,affected,3,A413T,3,3,0,exact,False,case,caption_names_disease_cases,"Table S1: List of Mutations by Coding Effect, Location, and Frequency in 406 LQT3 Patients.",COUNT,"Table S1: List of Mutations by Coding Effect, Location, and Frequency in 406"
20260905_protocol_cont120_02_candidate,SCN5A,27566755,D1114E,affected,15,D1114E,15,15,0,exact,False,case,caption_names_disease_cases,"Table S1: List of Mutations by Coding Effect, Location, and Frequency in 406 LQT3 Patients.",COUNT,"Table S1: List of Mutations by Coding Effect, Location, and Frequency in 406"
20260905_protocol_cont120_02_candidate,SCN5A,27566755,E1208K,affected,1,E1208K,1,1,0,exact,False,case,caption_names_disease_cases,"Table S1: List of Mutations by Coding Effect, Location, and Frequency in 406 LQT3 Patients.",COUNT,"Table S1: List of Mutations by Coding Effect, Location, and Frequency in 406"
20260905_protocol_cont120_02_candidate,SCN5A,27566755,E1781G,affected,3,E1781G,3,3,0,exact,False,case,caption_names_disease_cases,"Table S1: List of Mutations by Coding Effect, Location, and Frequency in 406 LQT3 Patients.",COUNT,"Table S1: List of Mutations by Coding Effect, Location, and Frequency in 406"
20260905_protocol_cont120_02_candidate,SCN5A,27566755,F1596I,affected,5,F1596I,5,5,0,exact,False,case,caption_names_disease_cases,"Table S1: List of Mutations by Coding Effect, Location, and Frequency in 406 LQT3 Patients.",COUNT,"Table S1: List of Mutations by Coding Effect, Location, and Frequency in 406"
20260905_protocol_cont120_02_candidate,SCN5A,27566755,G1631D,affected,2,G1631D,2,2,0,exact,False,case,caption_names_disease_cases,"Table S1: List of Mutations by Coding Effect, Location, and Frequency in 406 LQT3 Patients.",COUNT,"Table S1: List of Mutations by Coding Effect, Location, and Frequency in 406"
20260905_protocol_cont120_02_candidate,SCN5A,27566755,I1278N,affected,5,I1278N,5,5,0,exact,False,case,caption_names_disease_cases,"Table S1: List of Mutations by Coding Effect, Location, and Frequency in 406 LQT3 Patients.",COUNT,"Table S1: List of Mutations by Coding Effect, Location, and Frequency in 406"
20260905_protocol_cont120_02_candidate,SCN5A,27566755,I1448L,affected,1,I1448L,1,1,0,exact,False,case,caption_names_disease_cases,"Table S1: List of Mutations by Coding Effect, Location, and Frequency in 406 LQT3 Patients.",COUNT,"Table S1: List of Mutations by Coding Effect, Location, and Frequency in 406"
20260905_protocol_cont120_02_candidate,SCN5A,27566755,I1768V,affected,58,I1768V,58,58,0,exact,False,case,caption_names_disease_cases,"Table S1: List of Mutations by Coding Effect, Location, and Frequency in 406 LQT3 Patients.",COUNT,"Table S1: List of Mutations by Coding Effect, Location, and Frequency in 406"
20260905_protocol_cont120_02_candidate,SCN5A,27566755,L1501V,affected,13,L1501V,13,13,0,exact,False,case,caption_names_disease_cases,"Table S1: List of Mutations by Coding Effect, Location, and Frequency in 406 LQT3 Patients.",COUNT,"Table S1: List of Mutations by Coding Effect, Location, and Frequency in 406"
20260905_protocol_cont120_02_candidate,SCN5A,27566755,L1560F,affected,1,L1560F,1,1,0,exact,False,case,caption_names_disease_cases,"Table S1: List of Mutations by Coding Effect, Location, and Frequency in 406 LQT3 Patients.",COUNT,"Table S1: List of Mutations by Coding Effect, Location, and Frequency in 406"
20260905_protocol_cont120_02_candidate,SCN5A,27566755,L1786Q,affected,3,L1786Q,3,3,0,exact,False,case,caption_names_disease_cases,"Table S1: List of Mutations by Coding Effect, Location, and Frequency in 406 LQT3 Patients.",COUNT,"Table S1: List of Mutations by Coding Effect, Location, and Frequency in 406"
20260905_protocol_cont120_02_candidate,SCN5A,27566755,L604V,affected,2,L604V,2,2,0,exact,False,case,caption_names_disease_cases,"Table S1: List of Mutations by Coding Effect, Location, and Frequency in 406 LQT3 Patients.",COUNT,"Table S1: List of Mutations by Coding Effect, Location, and Frequency in 406"
20260905_protocol_cont120_02_candidate,SCN5A,27566755,M1766L,affected,1,M1766L,1,1,0,exact,False,case,caption_names_disease_cases,"Table S1: List of Mutations by Coding Effect, Location, and Frequency in 406 LQT3 Patients.",COUNT,"Table S1: List of Mutations by Coding Effect, Location, and Frequency in 406"
20260905_protocol_cont120_02_candidate,SCN5A,27566755,M1766V,affected,10,M1766V,10,10,0,exact,False,case,caption_names_disease_cases,"Table S1: List of Mutations by Coding Effect, Location, and Frequency in 406 LQT3 Patients.",COUNT,"Table S1: List of Mutations by Coding Effect, Location, and Frequency in 406"
20260905_protocol_cont120_02_candidate,SCN5A,27566755,N1269S,affected,6,N1269S,6,6,0,exact,False,case,caption_names_disease_cases,"Table S1: List of Mutations by Coding Effect, Location, and Frequency in 406 LQT3 Patients.",COUNT,"Table S1: List of Mutations by Coding Effect, Location, and Frequency in 406"
20260905_protocol_cont120_02_candidate,SCN5A,27566755,N1325S,affected,21,N1325S,21,21,0,exact,False,case,caption_names_disease_cases,"Table S1: List of Mutations by Coding Effect, Location, and Frequency in 406 LQT3 Patients.",COUNT,"Table S1: List of Mutations by Coding Effect, Location, and Frequency in 406"
20260905_protocol_cont120_02_candidate,SCN5A,27566755,P1008S,affected,1,P1008S,1,1,0,exact,False,case,caption_names_disease_cases,"Table S1: List of Mutations by Coding Effect, Location, and Frequency in 406 LQT3 Patients.",COUNT,"Table S1: List of Mutations by Coding Effect, Location, and Frequency in 406"
20260905_protocol_cont120_02_candidate,SCN5A,27566755,P1021S,affected,5,P1021S,5,5,0,exact,False,case,caption_names_disease_cases,"Table S1: List of Mutations by Coding Effect, Location, and Frequency in 406 LQT3 Patients.",COUNT,"Table S1: List of Mutations by Coding Effect, Location, and Frequency in 406"
20260905_protocol_cont120_02_candidate,SCN5A,27566755,P627L,affected,2,P627L,2,2,0,exact,False,case,caption_names_disease_cases,"Table S1: List of Mutations by Coding Effect, Location, and Frequency in 406 LQT3 Patients.",COUNT,"Table S1: List of Mutations by Coding Effect, Location, and Frequency in 406"
20260905_protocol_cont120_02_candidate,SCN5A,27566755,Q245K,affected,3,Q245K,3,3,0,exact,False,case,caption_names_disease_cases,"Table S1: List of Mutations by Coding Effect, Location, and Frequency in 406 LQT3 Patients.",COUNT,"Table S1: List of Mutations by Coding Effect, Location, and Frequency in 406"
20260905_protocol_cont120_02_candidate,SCN5A,27566755,Q692K,affected,1,Q692K,1,1,0,exact,False,case,caption_names_disease_cases,"Table S1: List of Mutations by Coding Effect, Location, and Frequency in 406 LQT3 Patients.",COUNT,"Table S1: List of Mutations by Coding Effect, Location, and Frequency in 406"
20260905_protocol_cont120_02_candidate,SCN5A,27566755,R1623L,affected,3,R1623L,3,3,0,exact,False,case,caption_names_disease_cases,"Table S1: List of Mutations by Coding Effect, Location, and Frequency in 406 LQT3 Patients.",COUNT,"Table S1: List of Mutations by Coding Effect, Location, and Frequency in 406"
20260905_protocol_cont120_02_candidate,SCN5A,27566755,R1623Q,affected,1,R1623Q,1,1,0,exact,False,case,caption_names_disease_cases,"Table S1: List of Mutations by Coding Effect, Location, and Frequency in 406 LQT3 Patients.",COUNT,"Table S1: List of Mutations by Coding Effect, Location, and Frequency in 406"
20260905_protocol_cont120_02_candidate,SCN5A,27566755,R1644H,affected,2,R1644H,2,2,0,exact,False,case,caption_names_disease_cases,"Table S1: List of Mutations by Coding Effect, Location, and Frequency in 406 LQT3 Patients.",COUNT,"Table S1: List of Mutations by Coding Effect, Location, and Frequency in 406"
20260905_protocol_cont120_02_candidate,SCN5A,27566755,R1991Q,affected,1,R1991Q,1,1,0,exact,False,case,caption_names_disease_cases,"Table S1: List of Mutations by Coding Effect, Location, and Frequency in 406 LQT3 Patients.",COUNT,"Table S1: List of Mutations by Coding Effect, Location, and Frequency in 406"
20260905_protocol_cont120_02_candidate,SCN5A,27566755,R340W,affected,7,R340W,7,7,0,exact,False,case,caption_names_disease_cases,"Table S1: List of Mutations by Coding Effect, Location, and Frequency in 406 LQT3 Patients.",COUNT,"Table S1: List of Mutations by Coding Effect, Location, and Frequency in 406"
20260905_protocol_cont120_02_candidate,SCN5A,27566755,R971C,affected,1,R971C,1,1,0,exact,False,case,caption_names_disease_cases,"Table S1: List of Mutations by Coding Effect, Location, and Frequency in 406 LQT3 Patients.",COUNT,"Table S1: List of Mutations by Coding Effect, Location, and Frequency in 406"
20260905_protocol_cont120_02_candidate,SCN5A,27566755,S941N,affected,1,S941N,1,1,0,exact,False,case,caption_names_disease_cases,"Table S1: List of Mutations by Coding Effect, Location, and Frequency in 406 LQT3 Patients.",COUNT,"Table S1: List of Mutations by Coding Effect, Location, and Frequency in 406"
20260905_protocol_cont120_02_candidate,SCN5A,27566755,T1069M,affected,1,T1069M,1,1,0,exact,False,case,caption_names_disease_cases,"Table S1: List of Mutations by Coding Effect, Location, and Frequency in 406 LQT3 Patients.",COUNT,"Table S1: List of Mutations by Coding Effect, Location, and Frequency in 406"
20260905_protocol_cont120_02_candidate,SCN5A,27566755,T1779M,affected,5,T1779M,5,5,0,exact,False,case,caption_names_disease_cases,"Table S1: List of Mutations by Coding Effect, Location, and Frequency in 406 LQT3 Patients.",COUNT,"Table S1: List of Mutations by Coding Effect, Location, and Frequency in 406"
20260905_protocol_cont120_02_candidate,SCN5A,27566755,T370M,affected,9,T370M,9,9,0,exact,False,case,caption_names_disease_cases,"Table S1: List of Mutations by Coding Effect, Location, and Frequency in 406 LQT3 Patients.",COUNT,"Table S1: List of Mutations by Coding Effect, Location, and Frequency in 406"
20260905_protocol_cont120_02_candidate,SCN5A,27566755,V125L,affected,1,V125L,1,1,0,exact,False,case,caption_names_disease_cases,"Table S1: List of Mutations by Coding Effect, Location, and Frequency in 406 LQT3 Patients.",COUNT,"Table S1: List of Mutations by Coding Effect, Location, and Frequency in 406"
20260905_protocol_cont120_02_candidate,SCN5A,27566755,V1667I,affected,2,V1667I,2,2,0,exact,False,case,caption_names_disease_cases,"Table S1: List of Mutations by Coding Effect, Location, and Frequency in 406 LQT3 Patients.",COUNT,"Table S1: List of Mutations by Coding Effect, Location, and Frequency in 406"
20260905_protocol_cont120_02_candidate,SCN5A,27566755,V1763M,affected,2,V1763M,2,2,0,exact,False,case,caption_names_disease_cases,"Table S1: List of Mutations by Coding Effect, Location, and Frequency in 406 LQT3 Patients.",COUNT,"Table S1: List of Mutations by Coding Effect, Location, and Frequency in 406"
20260905_protocol_cont120_02_candidate,SCN5A,27566755,V1777M,affected,2,V1777M,2,2,0,exact,False,case,caption_names_disease_cases,"Table S1: List of Mutations by Coding Effect, Location, and Frequency in 406 LQT3 Patients.",COUNT,"Table S1: List of Mutations by Coding Effect, Location, and Frequency in 406"
20260905_protocol_cont120_02_candidate,SCN5A,27566755,V411M,affected,7,V411M,7,7,0,exact,False,case,caption_names_disease_cases,"Table S1: List of Mutations by Coding Effect, Location, and Frequency in 406 LQT3 Patients.",COUNT,"Table S1: List of Mutations by Coding Effect, Location, and Frequency in 406"
20260905_protocol_cont120_02_candidate,SCN5A,27566755,Y1767C,affected,4,Y1767C,4,4,0,exact,False,case,caption_names_disease_cases,"Table S1: List of Mutations by Coding Effect, Location, and Frequency in 406 LQT3 Patients.",COUNT,"Table S1: List of Mutations by Coding Effect, Location, and Frequency in 406"
20260905_protocol_cont120_02_candidate,SCN5A,27566755,p.D1790G,affected,30,D1790G,30,30,0,exact,False,case,caption_names_disease_cases,"Table S1: List of Mutations by Coding Effect, Location, and Frequency in 406 LQT3 Patients.",COUNT,"Table S1: List of Mutations by Coding Effect, Location, and Frequency in 406"
20260905_protocol_cont120_02_candidate,SCN5A,27566755,p.G615E,affected,2,G615E,2,2,0,exact,False,case,caption_names_disease_cases,"Table S1: List of Mutations by Coding Effect, Location, and Frequency in 406 LQT3 Patients.",COUNT,"Table S1: List of Mutations by Coding Effect, Location, and Frequency in 406"
20260905_protocol_cont120_02_candidate,SCN5A,27566755,p.N406K,affected,1,N406K,1,1,0,exact,False,case,caption_names_disease_cases,"Table S1: List of Mutations by Coding Effect, Location, and Frequency in 406 LQT3 Patients.",COUNT,"Table S1: List of Mutations by Coding Effect, Location, and Frequency in 406"
20260905_protocol_cont120_02_candidate,SCN5A,27566755,p.T1304M,affected,9,T1304M,9,9,0,exact,False,case,caption_names_disease_cases,"Table S1: List of Mutations by Coding Effect, Location, and Frequency in 406 LQT3 Patients.",COUNT,"Table S1: List of Mutations by Coding Effect, Location, and Frequency in 406"
20260905_protocol_cont120_02_candidate,KCNH2,26496715,c.1557+1G>A,affected,1,c.1557+1G>A,1,1,0,exact,False,case,count_column_names_cases,Table 2. Summary of putative LQT2-associated mutations in KCNH2,No. ofpatients,"Table 2. Summary of putative LQT2-associated mutations in KCNH2, row 19 (router+deterministic)"
20260905_protocol_cont120_02_candidate,KCNH2,26496715,c.2775_2776insG,affected,4,P926fsX,4,4,0,exact,False,case,count_column_names_cases,Table 2. Summary of putative LQT2-associated mutations in KCNH2,No. ofpatients,"Table 2. Summary of putative LQT2-associated mutations in KCNH2, row 52 (router+deterministic)"
20260905_protocol_cont120_02_candidate,KCNH2,26496715,c.2959-2960delC,affected,3,L987fsX,3,3,0,exact,False,case,count_column_names_cases,Table 2. Summary of putative LQT2-associated mutations in KCNH2,No. ofpatients,"Table 2. Summary of putative LQT2-associated mutations in KCNH2, row 55 (router+deterministic)"
20260905_protocol_cont120_02_candidate,KCNH2,26496715,c.572delC,affected,1,P191fsX,1,1,0,exact,False,case,count_column_names_cases,Table 2. Summary of putative LQT2-associated mutations in KCNH2,No. ofpatients,"Table 2. Summary of putative LQT2-associated mutations in KCNH2, row 7 (router+deterministic)"
20260905_protocol_cont120_02_candidate,KCNH2,26496715,p.Ala1017ProfsX40 c.3048delC,affected,1,A1017fsX,1,1,0,exact,False,case,count_column_names_cases,Table 2. Summary of putative LQT2-associated mutations in KCNH2,No. ofpatients,"Table 2. Summary of putative LQT2-associated mutations in KCNH2, row 57 (router+deterministic)"
20260905_protocol_cont120_02_candidate,KCNH2,26496715,p.Ala169Gly c.506C>G,affected,1,A169G,1,1,0,exact,False,case,count_column_names_cases,Table 2. Summary of putative LQT2-associated mutations in KCNH2,No. ofpatients,"Table 2. Summary of putative LQT2-associated mutations in KCNH2, row 6 (router+deterministic)"
20260905_protocol_cont120_02_candidate,KCNH2,26496715,p.Ala32Thr c.94G>A,affected,1,A32T,1,1,0,exact,False,case,count_column_names_cases,Table 2. Summary of putative LQT2-associated mutations in KCNH2,No. ofpatients,"Table 2. Summary of putative LQT2-associated mutations in KCNH2, row 1 (router+deterministic)"
20260905_protocol_cont120_02_candidate,KCNH2,26496715,p.Ala561Thr c.1681G>A,affected,4,A561T,4,4,0,exact,False,case,count_column_names_cases,Table 2. Summary of putative LQT2-associated mutations in KCNH2,No. ofpatients,"Table 2. Summary of putative LQT2-associated mutations in KCNH2, row 23 (router+deterministic)"
20260905_protocol_cont120_02_candidate,KCNH2,26496715,p.Ala561Val c.1682C>T,affected,1,A561V,1,1,0,exact,False,case,count_column_names_cases,Table 2. Summary of putative LQT2-associated mutations in KCNH2,No. ofpatients,"Table 2. Summary of putative LQT2-associated mutations in KCNH2, row 24 (router+deterministic)"
20260905_protocol_cont120_02_candidate,KCNH2,26496715,p.Ala614Val c.1841C>T,affected,9,A614V,9,9,0,exact,False,case,count_column_names_cases,Table 2. Summary of putative LQT2-associated mutations in KCNH2,No. ofpatients,"Table 2. Summary of putative LQT2-associated mutations in KCNH2, row 32 (router+deterministic)"
20260905_protocol_cont120_02_candidate,KCNH2,26496715,p.Arg1032AlafsX86 c.3094_3095insC,affected,2,R1032fsX,2,2,0,exact,False,case,count_column_names_cases,Table 2. Summary of putative LQT2-associated mutations in KCNH2,No. ofpatients,"Table 2. Summary of putative LQT2-associated mutations in KCNH2, row 58 (router+deterministic)"
20260905_protocol_cont120_02_candidate,KCNH2,26496715,p.Arg366X c.1096C>T,affected,1,R366X,1,1,0,exact,False,case,count_column_names_cases,Table 2. Summary of putative LQT2-associated mutations in KCNH2,No. ofpatients,"Table 2. Summary of putative LQT2-associated mutations in KCNH2, row 9 (router+deterministic)"
20260905_protocol_cont120_02_candidate,KCNH2,26496715,p.Arg534Cys c.1600C>T,affected,1,R534C,1,1,0,exact,False,case,count_column_names_cases,Table 2. Summary of putative LQT2-associated mutations in KCNH2,No. ofpatients,"Table 2. Summary of putative LQT2-associated mutations in KCNH2, row 20 (router+deterministic)"
20260905_protocol_cont120_02_candidate,KCNH2,26496715,p.Arg797Thr c.2389G>A,affected,2,A797T,2,2,0,exact,False,case,count_column_names_cases,Table 2. Summary of putative LQT2-associated mutations in KCNH2,No. ofpatients,"Table 2. Summary of putative LQT2-associated mutations in KCNH2, row 40 (router+deterministic)"
20260905_protocol_cont120_02_candidate,KCNH2,26496715,p.Arg823Trp c.2467C>T,affected,3,R823W,3,3,0,exact,False,case,count_column_names_cases,Table 2. Summary of putative LQT2-associated mutations in KCNH2,No. ofpatients,"Table 2. Summary of putative LQT2-associated mutations in KCNH2, row 44 (router+deterministic)"
20260905_protocol_cont120_02_candidate,KCNH2,26496715,p.Arg863X c.2587C>T,affected,3,R863X,3,3,0,exact,False,case,count_column_names_cases,Table 2. Summary of putative LQT2-associated mutations in KCNH2,No. ofpatients,"Table 2. Summary of putative LQT2-associated mutations in KCNH2, row 46 (router+deterministic)"
20260905_protocol_cont120_02_candidate,KCNH2,26496715,p.Arg912Trp c.2734C>T,affected,2,R912W,2,2,0,exact,False,case,count_column_names_cases,Table 2. Summary of putative LQT2-associated mutations in KCNH2,No. ofpatients,"Table 2. Summary of putative LQT2-associated mutations in KCNH2, row 50 (router+deterministic)"
20260905_protocol_cont120_02_candidate,KCNH2,26496715,p.Asn629Ser c.1886A>G,affected,1,N629S,1,1,0,exact,False,case,count_column_names_cases,Table 2. Summary of putative LQT2-associated mutations in KCNH2,No. ofpatients,"Table 2. Summary of putative LQT2-associated mutations in KCNH2, row 36 (router+deterministic)"
20260905_protocol_cont120_02_candidate,KCNH2,26496715,p.Asn633Ser c.1898A>G,affected,1,N633S,1,1,0,exact,False,case,count_column_names_cases,Table 2. Summary of putative LQT2-associated mutations in KCNH2,No. ofpatients,"Table 2. Summary of putative LQT2-associated mutations in KCNH2, row 37 (router+deterministic)"
20260905_protocol_cont120_02_candidate,KCNH2,26496715,p.Asp102His c.304G>C,affected,1,D102H,1,1,0,exact,False,case,count_column_names_cases,Table 2. Summary of putative LQT2-associated mutations in KCNH2,No. ofpatients,"Table 2. Summary of putative LQT2-associated mutations in KCNH2, row 4 (router+deterministic)"
20260905_protocol_cont120_02_candidate,KCNH2,26496715,p.Asp609Gly c.1826A>G,affected,2,D609G,2,2,0,exact,False,case,count_column_names_cases,Table 2. Summary of putative LQT2-associated mutations in KCNH2,No. ofpatients,"Table 2. Summary of putative LQT2-associated mutations in KCNH2, row 30 (router+deterministic)"
20260905_protocol_cont120_02_candidate,KCNH2,26496715,p.Asp837Tyr c.2509G>T,affected,2,D837Y,2,2,0,exact,False,case,count_column_names_cases,Table 2. Summary of putative LQT2-associated mutations in KCNH2,No. ofpatients,"Table 2. Summary of putative LQT2-associated mutations in KCNH2, row 45 (router+deterministic)"
20260905_protocol_cont120_02_candidate,KCNH2,26496715,p.Asp896ArgfsX77 c.2682_2685delC,affected,2,D896fsX,2,2,0,exact,False,case,count_column_names_cases,Table 2. Summary of putative LQT2-associated mutations in KCNH2,No. ofpatients,"Table 2. Summary of putative LQT2-associated mutations in KCNH2, row 48 (router+deterministic)"
20260905_protocol_cont120_02_candidate,KCNH2,26496715,p.Cys984ThrfsX75 c.2944_2948dupG,affected,2,C984fsX,2,2,0,exact,False,case,count_column_names_cases,Table 2. Summary of putative LQT2-associated mutations in KCNH2,No. ofpatients,"Table 2. Summary of putative LQT2-associated mutations in KCNH2, row 53 (router+deterministic)"
20260905_protocol_cont120_02_candidate,KCNH2,26496715,p.Gln247X c.739C>T,affected,2,Q247X,2,2,0,exact,False,case,count_column_names_cases,Table 2. Summary of putative LQT2-associated mutations in KCNH2,No. ofpatients,"Table 2. Summary of putative LQT2-associated mutations in KCNH2, row 8 (router+deterministic)"
20260905_protocol_cont120_02_candidate,KCNH2,26496715,p.Glu480Val c.1439A>T,affected,1,E480V,1,1,0,exact,False,case,count_column_names_cases,Table 2. Summary of putative LQT2-associated mutations in KCNH2,No. ofpatients,"Table 2. Summary of putative LQT2-associated mutations in KCNH2, row 16 (router+deterministic)"
20260905_protocol_cont120_02_candidate,KCNH2,26496715,p.Glu544Ala c.1631A>C,affected,2,E544A,2,2,0,exact,False,case,count_column_names_cases,Table 2. Summary of putative LQT2-associated mutations in KCNH2,No. ofpatients,"Table 2. Summary of putative LQT2-associated mutations in KCNH2, row 21 (router+deterministic)"
20260905_protocol_cont120_02_candidate,KCNH2,26496715,p.Glu575Lys c.1723G>A,affected,1,E575K,1,1,0,exact,False,case,count_column_names_cases,Table 2. Summary of putative LQT2-associated mutations in KCNH2,No. ofpatients,"Table 2. Summary of putative LQT2-associated mutations in KCNH2, row 26 (router+deterministic)"
20260905_protocol_cont120_02_candidate,KCNH2,26496715,p.Gly572Ser c.1714G>A,affected,2,G572S,2,2,0,exact,False,case,count_column_names_cases,Table 2. Summary of putative LQT2-associated mutations in KCNH2,No. ofpatients,"Table 2. Summary of putative LQT2-associated mutations in KCNH2, row 25 (router+deterministic)"
20260905_protocol_cont120_02_candidate,KCNH2,26496715,p.Gly601Ser c.1801G>A,affected,2,G601S,2,2,0,exact,False,case,count_column_names_cases,Table 2. Summary of putative LQT2-associated mutations in KCNH2,No. ofpatients,"Table 2. Summary of putative LQT2-associated mutations in KCNH2, row 28 (router+deterministic)"
20260905_protocol_cont120_02_candidate,KCNH2,26496715,p.Gly604Ser c.1810G>A,affected,2,G604S,2,2,0,exact,False,case,count_column_names_cases,Table 2. Summary of putative LQT2-associated mutations in KCNH2,No. ofpatients,"Table 2. Summary of putative LQT2-associated mutations in KCNH2, row 29 (router+deterministic)"
20260905_protocol_cont120_02_candidate,KCNH2,26496715,p.Gly626Ser c.1876G>A,affected,2,G626S,2,2,0,exact,False,case,count_column_names_cases,Table 2. Summary of putative LQT2-associated mutations in KCNH2,No. ofpatients,"Table 2. Summary of putative LQT2-associated mutations in KCNH2, row 34 (router+deterministic)"
20260905_protocol_cont120_02_candidate,KCNH2,26496715,p.Gly628Ser c.1882G>A,affected,2,G628S,2,2,0,exact,False,case,count_column_names_cases,Table 2. Summary of putative LQT2-associated mutations in KCNH2,No. ofpatients,"Table 2. Summary of putative LQT2-associated mutations in KCNH2, row 35 (router+deterministic)"
20260905_protocol_cont120_02_candidate,KCNH2,26496715,p.Gly71Trp c.211G>T,affected,1,G71W,1,1,0,exact,False,case,count_column_names_cases,Table 2. Summary of putative LQT2-associated mutations in KCNH2,No. ofpatients,"Table 2. Summary of putative LQT2-associated mutations in KCNH2, row 2 (router+deterministic)"
20260905_protocol_cont120_02_candidate,KCNH2,26496715,p.Gly873AlafsX5 c.2616delC,affected,1,G873fsX,1,1,0,exact,False,case,count_column_names_cases,Table 2. Summary of putative LQT2-associated mutations in KCNH2,No. ofpatients,"Table 2. Summary of putative LQT2-associated mutations in KCNH2, row 47 (router+deterministic)"
20260905_protocol_cont120_02_candidate,KCNH2,26496715,p.Ile782Asn c.2345T>A,affected,1,I782N,1,1,0,exact,False,case,count_column_names_cases,Table 2. Summary of putative LQT2-associated mutations in KCNH2,No. ofpatients,"Table 2. Summary of putative LQT2-associated mutations in KCNH2, row 39 (router+deterministic)"
20260905_protocol_cont120_02_candidate,KCNH2,26496715,p.Leu413Pro c.1238T>C,affected,1,L413P,1,1,0,exact,False,case,count_column_names_cases,Table 2. Summary of putative LQT2-associated mutations in KCNH2,No. ofpatients,"Table 2. Summary of putative LQT2-associated mutations in KCNH2, row 10 (router+deterministic)"
20260905_protocol_cont120_02_candidate,KCNH2,26496715,p.Leu457Pro c.1370T>C,affected,1,L457P,1,1,0,exact,False,case,count_column_names_cases,Table 2. Summary of putative LQT2-associated mutations in KCNH2,No. ofpatients,"Table 2. Summary of putative LQT2-associated mutations in KCNH2, row 14 (router+deterministic)"
20260905_protocol_cont120_02_candidate,KCNH2,26496715,p.Leu559His c.1676T>A,affected,1,L559H,1,1,0,exact,False,case,count_column_names_cases,Table 2. Summary of putative LQT2-associated mutations in KCNH2,No. ofpatients,"Table 2. Summary of putative LQT2-associated mutations in KCNH2, row 22 (router+deterministic)"
20260905_protocol_cont120_02_candidate,KCNH2,26496715,p.Phe494del c.1480_1482delT,affected,1,F494del,1,1,0,exact,False,case,count_column_names_cases,Table 2. Summary of putative LQT2-associated mutations in KCNH2,No. ofpatients,"Table 2. Summary of putative LQT2-associated mutations in KCNH2, row 17 (router+deterministic)"
20260905_protocol_cont120_02_candidate,KCNH2,26496715,p.Phe805Ser c.2414T>C,affected,1,F805S,1,1,0,exact,False,case,count_column_names_cases,Table 2. Summary of putative LQT2-associated mutations in KCNH2,No. ofpatients,"Table 2. Summary of putative LQT2-associated mutations in KCNH2, row 41 (router+deterministic)"
20260905_protocol_cont120_02_candidate,KCNH2,26496715,p.Pro1034ArgfsX20 c.3102_3111delC,affected,3,P1034fsX,3,3,0,exact,False,case,count_column_names_cases,Table 2. Summary of putative LQT2-associated mutations in KCNH2,No. ofpatients,"Table 2. Summary of putative LQT2-associated mutations in KCNH2, row 60 (router+deterministic)"
20260905_protocol_cont120_02_candidate,KCNH2,26496715,p.Pro596Ser c.1786C>T,affected,2,P596S,2,2,0,exact,False,case,count_column_names_cases,Table 2. Summary of putative LQT2-associated mutations in KCNH2,No. ofpatients,"Table 2. Summary of putative LQT2-associated mutations in KCNH2, row 27 (router+deterministic)"
20260905_protocol_cont120_02_candidate,KCNH2,26496715,p.Pro72Thr c.214C>A,affected,1,P72T,1,1,0,exact,False,case,count_column_names_cases,Table 2. Summary of putative LQT2-associated mutations in KCNH2,No. ofpatients,"Table 2. Summary of putative LQT2-associated mutations in KCNH2, row 3 (router+deterministic)"
20260905_protocol_cont120_02_candidate,KCNH2,26496715,p.Pro926Ser c.2776C>T,affected,1,P926S,1,1,0,exact,False,case,count_column_names_cases,Table 2. Summary of putative LQT2-associated mutations in KCNH2,No. ofpatients,"Table 2. Summary of putative LQT2-associated mutations in KCNH2, row 51 (router+deterministic)"
20260905_protocol_cont120_02_candidate,KCNH2,26496715,p.Ser620Ile c.1859G>T,affected,1,S620I,1,1,0,exact,False,case,count_column_names_cases,Table 2. Summary of putative LQT2-associated mutations in KCNH2,No. ofpatients,"Table 2. Summary of putative LQT2-associated mutations in KCNH2, row 33 (router+deterministic)"
20260905_protocol_cont120_02_candidate,KCNH2,26496715,p.Ser818Leu c.2453C>T,affected,3,S818L,3,3,0,exact,False,case,count_column_names_cases,Table 2. Summary of putative LQT2-associated mutations in KCNH2,No. ofpatients,"Table 2. Summary of putative LQT2-associated mutations in KCNH2, row 43 (router+deterministic)"
20260905_protocol_cont120_02_candidate,KCNH2,26496715,p.Ser818Trp c.2453C>G,affected,1,S818W,1,1,0,exact,False,case,count_column_names_cases,Table 2. Summary of putative LQT2-associated mutations in KCNH2,No. ofpatients,"Table 2. Summary of putative LQT2-associated mutations in KCNH2, row 42 (router+deterministic)"
20260905_protocol_cont120_02_candidate,KCNH2,26496715,p.Thr443ArgfsX77 c.1328_1329delC,affected,1,T443fsX,1,1,0,exact,False,case,count_column_names_cases,Table 2. Summary of putative LQT2-associated mutations in KCNH2,No. ofpatients,"Table 2. Summary of putative LQT2-associated mutations in KCNH2, row 12 (router+deterministic)"
20260905_protocol_cont120_02_candidate,KCNH2,26496715,p.Thr443ProfsX78 c.1326delT,affected,1,,,,,unmatched_or_gold_null,False,case,count_column_names_cases,Table 2. Summary of putative LQT2-associated mutations in KCNH2,No. ofpatients,"Table 2. Summary of putative LQT2-associated mutations in KCNH2, row 11 (router+deterministic)"
20260905_protocol_cont120_02_candidate,KCNH2,26496715,p.Thr613Met c.1838C>T,affected,8,T613M,8,8,0,exact,False,case,count_column_names_cases,Table 2. Summary of putative LQT2-associated mutations in KCNH2,No. ofpatients,"Table 2. Summary of putative LQT2-associated mutations in KCNH2, row 31 (router+deterministic)"
20260905_protocol_cont120_02_candidate,KCNH2,26496715,p.Thr634Pro c.1900A>C,affected,2,T634P,2,2,0,exact,False,case,count_column_names_cases,Table 2. Summary of putative LQT2-associated mutations in KCNH2,No. ofpatients,"Table 2. Summary of putative LQT2-associated mutations in KCNH2, row 38 (router+deterministic)"
20260905_protocol_cont120_02_candidate,KCNH2,26496715,p.Trp154X c.461G>A,affected,1,W154X,1,1,0,exact,False,case,count_column_names_cases,Table 2. Summary of putative LQT2-associated mutations in KCNH2,No. ofpatients,"Table 2. Summary of putative LQT2-associated mutations in KCNH2, row 5 (router+deterministic)"
20260905_protocol_cont120_02_candidate,KCNH2,26496715,p.Tyr475Cys c.1424A>G,affected,1,Y475C,1,1,0,exact,False,case,count_column_names_cases,Table 2. Summary of putative LQT2-associated mutations in KCNH2,No. ofpatients,"Table 2. Summary of putative LQT2-associated mutations in KCNH2, row 15 (router+deterministic)"
20260905_protocol_cont120_02_candidate,KCNQ1,26496715,A384F c.1149insT,affected,1,A384fsX,1,1,0,exact,False,case,count_column_names_cases,Table 1. Summary of putative LQT1-associated mutations in KCNQ1,No. ofpatients,"Table 1.  Summary of putative LQT1-associated mutations in KCNQ1, row 37 (router+deterministic)"
20260905_protocol_cont120_02_candidate,KCNQ1,26496715,Arg562Ser c.1686G>T,affected,2,R562S,2,2,0,exact,False,case,count_column_names_cases,Table 1. Summary of putative LQT1-associated mutations in KCNQ1,No. ofpatients,"Table 1.  Summary of putative LQT1-associated mutations in KCNQ1, row 43 (router+deterministic)"
20260905_protocol_cont120_02_candidate,KCNQ1,26496715,c.1071_1076dupGAAGCA,affected,1,,,,,unmatched_or_gold_null,False,case,count_column_names_cases,Table 1. Summary of putative LQT1-associated mutations in KCNQ1,No. ofpatients,"Table 1.  Summary of putative LQT1-associated mutations in KCNQ1, row 32 (router+deterministic)"
20260905_protocol_cont120_02_candidate,KCNQ1,26496715,c.1251+2T>C,affected,1,,,,,unmatched_or_gold_null,False,case,count_column_names_cases,Table 1. Summary of putative LQT1-associated mutations in KCNQ1,No. ofpatients,"Table 1.  Summary of putative LQT1-associated mutations in KCNQ1, row 38 (router+deterministic)"
20260905_protocol_cont120_02_candidate,KCNQ1,26496715,c.477+5G>A,affected,3,,,,,unmatched_or_gold_null,False,case,count_column_names_cases,Table 1. Summary of putative LQT1-associated mutations in KCNQ1,No. ofpatients,"Table 1.  Summary of putative LQT1-associated mutations in KCNQ1, row 5 (router+deterministic)"
20260905_protocol_cont120_02_candidate,KCNQ1,26496715,c.605-2G>A,affected,4,,,,,unmatched_or_gold_null,False,case,count_column_names_cases,Table 1. Summary of putative LQT1-associated mutations in KCNQ1,No. ofpatients,"Table 1.  Summary of putative LQT1-associated mutations in KCNQ1, row 10 (router+deterministic)"
20260905_protocol_cont120_02_candidate,KCNQ1,26496715,p.Ala302Val c.905C>T,affected,3,A302V,3,3,0,exact,False,case,count_column_names_cases,Table 1. Summary of putative LQT1-associated mutations in KCNQ1,No. ofpatients,"Table 1.  Summary of putative LQT1-associated mutations in KCNQ1, row 18 (router+deterministic)"
20260905_protocol_cont120_02_candidate,KCNQ1,26496715,p.Ala341Val c.1022C>T,affected,3,A341V,3,3,0,exact,False,case,count_column_names_cases,Table 1. Summary of putative LQT1-associated mutations in KCNQ1,No. ofpatients,"Table 1.  Summary of putative LQT1-associated mutations in KCNQ1, row 27 (router+deterministic)"
20260905_protocol_cont120_02_candidate,KCNQ1,26496715,p.Ala344s c.1032G>A,affected,5,A344A,5,5,0,exact,False,case,count_column_names_cases,Table 1. Summary of putative LQT1-associated mutations in KCNQ1,No. ofpatients,"Table 1.  Summary of putative LQT1-associated mutations in KCNQ1, row 28 (router+deterministic)"
20260905_protocol_cont120_02_candidate,KCNQ1,26496715,p.Arg192Cys c.574C>T,affected,3,R192C,3,3,0,exact,False,case,count_column_names_cases,Table 1. Summary of putative LQT1-associated mutations in KCNQ1,No. ofpatients,"Table 1.  Summary of putative LQT1-associated mutations in KCNQ1, row 9 (router+deterministic)"
20260905_protocol_cont120_02_candidate,KCNQ1,26496715,p.Arg366Trp c.1096C>T,affected,3,R366W,3,3,0,exact,False,case,count_column_names_cases,Table 1. Summary of putative LQT1-associated mutations in KCNQ1,No. ofpatients,"Table 1.  Summary of putative LQT1-associated mutations in KCNQ1, row 33 (router+deterministic)"
20260905_protocol_cont120_02_candidate,KCNQ1,26496715,p.Arg380Gly c.1138A>G,affected,1,R380G,1,1,0,exact,False,case,count_column_names_cases,Table 1. Summary of putative LQT1-associated mutations in KCNQ1,No. ofpatients,"Table 1.  Summary of putative LQT1-associated mutations in KCNQ1, row 35 (router+deterministic)"
20260905_protocol_cont120_02_candidate,KCNQ1,26496715,p.Arg380Ser c.1140G>T,affected,1,R380S,1,1,0,exact,False,case,count_column_names_cases,Table 1. Summary of putative LQT1-associated mutations in KCNQ1,No. ofpatients,"Table 1.  Summary of putative LQT1-associated mutations in KCNQ1, row 36 (router+deterministic)"
20260905_protocol_cont120_02_candidate,KCNQ1,26496715,p.Arg518X c.1552C>T,affected,3,R518X,3,3,0,exact,False,case,count_column_names_cases,Table 1. Summary of putative LQT1-associated mutations in KCNQ1,No. ofpatients,"Table 1.  Summary of putative LQT1-associated mutations in KCNQ1, row 41 (router+deterministic)"
20260905_protocol_cont120_02_candidate,KCNQ1,26496715,p.Arg519His c.1556G>A,affected,1,R519H,1,1,0,exact,False,case,count_column_names_cases,Table 1. Summary of putative LQT1-associated mutations in KCNQ1,No. ofpatients,"Table 1.  Summary of putative LQT1-associated mutations in KCNQ1, row 42 (router+deterministic)"
20260905_protocol_cont120_02_candidate,KCNQ1,26496715,p.Arg583His c.1748G>A,affected,2,R583H,2,2,0,exact,False,case,count_column_names_cases,Table 1. Summary of putative LQT1-associated mutations in KCNQ1,No. ofpatients,"Table 1.  Summary of putative LQT1-associated mutations in KCNQ1, row 44 (router+deterministic)"
20260905_protocol_cont120_02_candidate,KCNQ1,26496715,p.Arg594Gln c.1781G>A,affected,1,R594Q,1,1,0,exact,False,case,count_column_names_cases,Table 1. Summary of putative LQT1-associated mutations in KCNQ1,No. ofpatients,"Table 1.  Summary of putative LQT1-associated mutations in KCNQ1, row 47 (router+deterministic)"
20260905_protocol_cont120_02_candidate,KCNQ1,26496715,p.Gly314Ser c.940G>A,affected,1,G314S,1,1,0,exact,False,case,count_column_names_cases,Table 1. Summary of putative LQT1-associated mutations in KCNQ1,No. ofpatients,"Table 1.  Summary of putative LQT1-associated mutations in KCNQ1, row 22 (router+deterministic)"
20260905_protocol_cont120_02_candidate,KCNQ1,26496715,p.Gly325Arg c.973G>A,affected,2,G325R,2,2,0,exact,False,case,count_column_names_cases,Table 1. Summary of putative LQT1-associated mutations in KCNQ1,No. ofpatients,"Table 1.  Summary of putative LQT1-associated mutations in KCNQ1, row 25 (router+deterministic)"
20260905_protocol_cont120_02_candidate,KCNQ1,26496715,p.Gly345Ala c.1034G>C,affected,1,G345A,1,1,0,exact,False,case,count_column_names_cases,Table 1. Summary of putative LQT1-associated mutations in KCNQ1,No. ofpatients,"Table 1.  Summary of putative LQT1-associated mutations in KCNQ1, row 30 (router+deterministic)"
20260905_protocol_cont120_02_candidate,KCNQ1,26496715,p.Gly345Arg c.1033G>C,affected,1,G345R,1,1,0,exact,False,case,count_column_names_cases,Table 1. Summary of putative LQT1-associated mutations in KCNQ1,No. ofpatients,"Table 1.  Summary of putative LQT1-associated mutations in KCNQ1, row 29 (router+deterministic)"
20260905_protocol_cont120_02_candidate,KCNQ1,26496715,p.Gly589Ser c.1765G>A,affected,1,G589S,1,1,0,exact,False,case,count_column_names_cases,Table 1. Summary of putative LQT1-associated mutations in KCNQ1,No. ofpatients,"Table 1.  Summary of putative LQT1-associated mutations in KCNQ1, row 46 (router+deterministic)"
20260905_protocol_cont120_02_candidate,KCNQ1,26496715,p.His403Pro c.1208A>C,affected,1,H403P,1,1,0,exact,False,case,count_column_names_cases,Table 1. Summary of putative LQT1-associated mutations in KCNQ1,No. ofpatients,"Table 1.  Summary of putative LQT1-associated mutations in KCNQ1, row 39 (router+deterministic)"
20260905_protocol_cont120_02_candidate,KCNQ1,26496715,p.Leu251Gln c.752T>A,affected,1,L251Q,1,1,0,exact,False,case,count_column_names_cases,Table 1. Summary of putative LQT1-associated mutations in KCNQ1,No. ofpatients,"Table 1.  Summary of putative LQT1-associated mutations in KCNQ1, row 13 (router+deterministic)"
20260905_protocol_cont120_02_candidate,KCNQ1,26496715,p.Leu347Pro c.1040T>C,affected,1,L347P,1,1,0,exact,False,case,count_column_names_cases,Table 1. Summary of putative LQT1-associated mutations in KCNQ1,No. ofpatients,"Table 1.  Summary of putative LQT1-associated mutations in KCNQ1, row 31 (router+deterministic)"
20260905_protocol_cont120_02_candidate,KCNQ1,26496715,p.Met1Thr c.2T>C,affected,3,M1T,3,3,0,exact,False,case,count_column_names_cases,Table 1. Summary of putative LQT1-associated mutations in KCNQ1,No. ofpatients,"Table 1.  Summary of putative LQT1-associated mutations in KCNQ1, row 1 (router+deterministic)"
20260905_protocol_cont120_02_candidate,KCNQ1,26496715,p.Phe340Leu c.1020T>G,affected,2,F340L,2,2,0,exact,False,case,count_column_names_cases,Table 1. Summary of putative LQT1-associated mutations in KCNQ1,No. ofpatients,"Table 1.  Summary of putative LQT1-associated mutations in KCNQ1, row 26 (router+deterministic)"
20260905_protocol_cont120_02_candidate,KCNQ1,26496715,p.Pro320Ser c.958C>T,affected,1,P320S,1,1,0,exact,False,case,count_column_names_cases,Table 1. Summary of putative LQT1-associated mutations in KCNQ1,No. ofpatients,"Table 1.  Summary of putative LQT1-associated mutations in KCNQ1, row 23 (router+deterministic)"
20260905_protocol_cont120_02_candidate,KCNQ1,26496715,p.Ser225Leu c.674C>T,affected,6,S225L,6,6,0,exact,False,case,count_column_names_cases,Table 1. Summary of putative LQT1-associated mutations in KCNQ1,No. ofpatients,"Table 1.  Summary of putative LQT1-associated mutations in KCNQ1, row 11 (router+deterministic)"
20260905_protocol_cont120_02_candidate,KCNQ1,26496715,p.Ser277Leu c.830C>T,affected,1,S277L,1,1,0,exact,False,case,count_column_names_cases,Table 1. Summary of putative LQT1-associated mutations in KCNQ1,No. ofpatients,"Table 1.  Summary of putative LQT1-associated mutations in KCNQ1, row 17 (router+deterministic)"
20260905_protocol_cont120_02_candidate,KCNQ1,26496715,p.Ser373TrpfsX10 c.1032_1117dup,affected,2,S373fsX,2,2,0,exact,False,case,count_column_names_cases,Table 1. Summary of putative LQT1-associated mutations in KCNQ1,No. ofpatients,"Table 1.  Summary of putative LQT1-associated mutations in KCNQ1, row 34 (router+deterministic)"
20260905_protocol_cont120_02_candidate,KCNQ1,26496715,p.Thr322Met c.965C>T,affected,5,T322M,5,5,0,exact,False,case,count_column_names_cases,Table 1. Summary of putative LQT1-associated mutations in KCNQ1,No. ofpatients,"Table 1.  Summary of putative LQT1-associated mutations in KCNQ1, row 24 (router+deterministic)"
20260905_protocol_cont120_02_candidate,KCNQ1,26496715,p.Thr587Met c.1760C>T,affected,1,T587M,1,1,0,exact,False,case,count_column_names_cases,Table 1. Summary of putative LQT1-associated mutations in KCNQ1,No. ofpatients,"Table 1.  Summary of putative LQT1-associated mutations in KCNQ1, row 45 (router+deterministic)"
20260905_protocol_cont120_02_candidate,KCNQ1,26496715,p.Val440AlafsX26 c.1319delT,affected,2,V440fsX,2,2,0,exact,False,case,count_column_names_cases,Table 1. Summary of putative LQT1-associated mutations in KCNQ1,No. ofpatients,"Table 1.  Summary of putative LQT1-associated mutations in KCNQ1, row 40 (router+deterministic)"
