variant,pmid,carriers,affected,unaffected,gold_v2_carriers,gold_v2_affected,gold_v2_unaffected,gold_v2_status,gold_v2_note,gold_v2_source
L62F,19926015,1,1,0,,,,,,
M81L,19926015,1,1,0,,,,,,
E243K,19926015,1,1,0,,,,,,
F329L,19926015,1,1,0,,,,,,
R332W,19926015,1,1,0,,,,,,
G357S,19926015,1,1,0,,,,,,
V377M,19926015,3,0,3,,,,,,
T415R,19926015,1,1,0,,,,,,
R420Q,19926015,2,2,0,,,,,,
V507I,19926015,9,5,4,,,,,,
A549V,19926015,1,1,0,,,,,,
R739H,19926015,1,1,0,,,,,,
R1013Q,19926015,1,1,0,,,,,,
T1107M,19926015,1,1,0,,,,,,
A1136V,19926015,5,3,2,,,,,,
E1837K,19926015,1,1,0,,,,,,
E2045G,19926015,1,1,0,,,,,,
Y2156C,19926015,1,0,1,,,,,,
H2168Q,19926015,2,2,0,,,,,,
E2183V,19926015,1,0,1,,,,,,
D2216V,19926015,1,1,0,,,,,,
EXON 3 DELETION,19926015,1,1,0,,,,,,
E2296Q,19926015,1,1,0,,,,,,
R2420W,19926015,1,1,0,,,,,,
M3972I,19926015,1,1,0,,,,,,
D3973H,19926015,1,1,0,,,,,,
S4124G,19926015,1,1,0,,,,,,
Y4149S,19926015,1,1,0,,,,,,
R4157Q,19926015,1,1,0,,,,,,
Q4159P,19926015,1,1,0,,,,,,
N4178S,19926015,3,3,0,,,,,,
E4187Q,19926015,1,1,0,,,,,,
G4315E,19926015,1,0,1,,,,,,
K4650E,19926015,1,1,0,,,,,,
N4736 DEL,19926015,1,1,0,,,,,,
R4790Q,19926015,1,1,0,,,,,,
K4805R,19926015,1,1,0,,,,,,
R4822H,19926015,1,1,0,,,,,,
L3974Q,19926015,1,1,0,,,,,,
K3997E,19926015,1,1,0,,,,,,
A77V,16084945,3,3,0,,,,,,
P164S,15466642,1,1,0,,,,,,
R414L,15466642,1,1,0,,,,,,
I419F,15466642,3,3,0,,,,,,
A2403T,15466642,2,2,0,,,,,,
F4499C,15466642,1,1,0,,,,,,
A4510T,15466642,1,1,0,,,,,,
G4671R,15466642,1,1,0,,,,,,
I4848V,15466642,4,4,0,,,,,,
R169Q,16517285,1,1,0,,,,,,
N2386I,12106942,16,15,1,,,,,,
R176Q,12106942,3,3,0,,,,,,
T2504M,12106942,8,8,0,,,,,,
L433P,12106942,5,5,0,,,,,,
R420W,12106942,8,2,6,,,,,,
Y2392C,12106942,4,2,2,,,,,,
W4645R,19398417,4,2,2,,,,,,
P2404T,18463390,8,6,2,,,,,,
H240R,22677073,1,1,0,,,,,,
T4158P,22677073,1,1,0,,,,,,
V2113M,22677073,1,1,0,,,,,,
T2510A,22677073,1,1,0,,,,,,
L3879P,22677073,1,1,0,,,,,,
Q3925E,22677073,1,1,0,,,,,,
S3959L,22677073,1,1,0,,,,,,
G4936R,22677073,1,1,0,,,,,,
T1107M,22677073,1,1,0,,,,,,
I217V,22677073,1,1,0,,,,,,
D400H,22677073,1,1,0,,,,,,
R407I,22677073,1,1,0,,,,,,
R420W,22677073,2,2,0,,,,,,
V2113M,22677073,1,1,0,,,,,,
G2227V,22677073,1,1,0,,,,,,
S2246L,22677073,2,2,0,,,,,,
Y2392C,22677073,1,1,0,,,,,,
N4097S,22677073,1,1,0,,,,,,
E4146K,22677073,1,1,0,,,,,,
R4497C,22677073,1,1,0,,,,,,
W4645R,22677073,1,1,0,,,,,,
G1885E,22677073,5,5,0,,,,,,
G1886S,22677073,11,11,0,,,,,,
Q2958R,22677073,1,1,0,,,,,,
A1136V,22677073,3,3,0,,,,,,
R4037C,22677073,1,1,0,,,,,,
R414C,15887426,1,1,0,,,,,,
V2475F,15887426,1,1,0,,,,,,
R176Q,16188589,1,1,0,,,,,,
R414L,16188589,1,1,0,,,,,,
I419F,16188589,2,1,1,,,,,,
P466A,16188589,1,1,0,,,,,,
A2387T,16188589,1,1,0,,,,,,
A2403T,16188589,1,1,0,,,,,,
C3800F,16188589,1,1,0,,,,,,
S4124T,16188589,1,1,0,,,,,,
F4499C,16188589,1,1,0,,,,,,
A4510T,16188589,1,1,0,,,,,,
A4556T,16188589,1,1,0,,,,,,
4657-4658 INS EY,16188589,1,1,0,,,,,,
G4671R,16188589,1,1,0,,,,,,
I4848V,16188589,2,2,0,,,,,,
R4959Q,16188589,2,2,0,,,,,,
EXON 3 DELETION,17875969,13,13,0,,,,,,
S616L,19216760,1,1,0,,,,,,
R1051P,19216760,2,2,0,,,,,,
N3308S,19216760,4,4,0,,,,,,
EXON 3 DELETION,19216760,4,4,0,,,,,,
EXON 3 DELETION,19216760,2,2,0,,,,,,
E1724K,16272262,2,2,0,,,,,,
A2254V,16272262,8,5,3,,,,,,
A2394G,16272262,3,3,0,,,,,,
F4020L,16272262,1,1,0,,,,,,
E4076K,16272262,13,11,2,,,,,,
N4104I,16272262,4,4,0,,,,,,
H4108N,16272262,1,1,0,,,,,,
H4108Q,16272262,1,1,0,,,,,,
G4662S,16272262,5,1,4,,,,,,
H4762P,16272262,5,1,4,,,,,,
P4902S,16272262,14,8,6,,,,,,
V4771I,16272262,2,2,0,,,,,,
G2145R,19781797,2,1,1,,,,,,
R3570W,19781797,19,6,13,,,,,,
G3946S,12093772,1,1,0,,,,,,
S2246L,12093772,1,1,0,,,,,,
R4497C,12093772,6,5,1,,,,,,
R2474S,12093772,1,1,0,,,,,,
N4104K,12093772,1,1,0,,,,,,
V4771I,12093772,1,1,0,,,,,,
E2311D,12093772,1,1,0,,,,,,
N4895D,12093772,1,1,0,,,,,,
L3778F,12093772,3,1,2,,,,,,
I4867M,12093772,2,2,0,,,,,,
G3946S,12093772,1,1,0,,,,,,
E4950K,12093772,1,1,0,,,,,,
S2246L,12093772,1,1,0,,,,,,
A4860G,12093772,2,1,1,,,,,,
S2246L,11208676,1,1,0,,,,,,
R2474S,11208676,1,1,0,,,,,,
N4104K,11208676,1,1,0,,,,,,
R4497C,11208676,5,5,0,,,,,,
R2267H,17556193,1,1,0,,,,,,
S4565R,17556193,1,1,0,,,,,,
P2328S,11157710,13,13,0,,,,,,
Q4201R,11157710,3,3,0,,,,,,
V4653F,11157710,10,10,0,,,,,,
R176Q,18752142,1,1,0,,,,,,
F2307L,18752142,1,1,0,,,,,,
R4144C,18752142,1,1,0,,,,,,
E4431K,18752142,1,1,0,,,,,,
E4611K,18752142,1,1,0,,,,,,
G4671V,18752142,2,2,0,,,,,,
F2331S,16436635,1,1,0,,,,,,
R2401L,16436635,1,1,0,,,,,,
R414C,16436635,1,1,0,,,,,,
R2401H,16843546,1,1,0,,,,,,
S2246L,16843546,2,2,0,,,,,,
R2359Q,16843546,3,3,0,,,,,,
F4851C,16843546,3,3,0,,,,,,
A2387P,15131021,3,3,0,,,,,,
M4504I,15131021,1,1,0,,,,,,
A4607P,15131021,1,1,0,,,,,,
V4880A,15131021,1,1,0,,,,,,
L4105F,18849218,1,1,0,,,,,,
L2354V,15175074,1,1,0,,,,,,
R420W,15544015,1,1,0,,,,,,
S2246L,15544015,1,1,0,,,,,,
N4097S,15544015,1,1,0,,,,,,
E4146K,15544015,1,1,0,,,,,,
T4158P,15544015,1,1,0,,,,,,
R4497C,15544015,1,1,0,,,,,,
R420W,34930847,1,1,0,,,,,,
S2246L,34930847,1,1,0,,,,,,
3932 C>T,34873534,1,1,0,,,,,,
Q2275H,34730774,1,1,0,,,,,,
F4499C,34730774,1,1,0,,,,,,
V4606E,34730774,1,1,0,,,,,,
R4608W,34730774,1,1,0,,,,,,
R4608Q,34730774,10,1,9,,,,,,
E4451del,34730774,3,1,2,,,,,,
G3988D,34730774,1,1,0,,,,,,
G4772S,34730774,2,2,0,,,,,,
D4956E,34730774,1,1,0,,,,,,
I4867T,34730774,1,1,0,,,,,,
E4146D,34661651,1,1,0,,,,,,
S4168P,34661651,2,2,0,,,,,,
S4938F,34661651,1,1,0,,,,,,
K4594Q,34661651,1,1,0,,,,,,
Q4936K,34656916,1,1,0,,,,,,
P1584T,34597909,1,1,0,,,,,,
G570D,34546788,1,1,0,,,,,,
R4147K,34546788,5,1,4,,,,,,
A4203V,34546788,1,1,0,,,,,,
M4109R,34546788,1,1,0,,,,,,
A4204V,34546788,1,1,0,,,,,,
Q3925E,34546788,1,1,0,,,,,,
S3006R,34393635,1,1,0,,,,,,
D3291V,34202968,59,31,28,,,,,,
M3695T,33984427,3,2,1,,,,,,
EXON 19 DELETION,33984427,4,2,2,,,,,,
14361DUP,33897349,1,1,0,,,,,,
D785N,33897349,1,1,0,,,,,,
M2858I,33897349,1,1,0,,,,,,
N1551S,33897349,1,1,0,,,,,,
I3898T,33897349,1,1,0,,,,,,
V2490A,33897349,2,2,0,,,,,,
R4257Q,33897349,2,2,0,,,,,,
RYR2 GENE DELETION,33763313,2,1,1,,,,,,
G3118R,33686871,17,6,11,17,6,11,confirmed_original,Gold includes four severe cases plus two additional phenotype-positive siblings and pedigree-derived carriers.,validation_runs/paper_failure_probe_20260520/gold_standard_adjudication.md
Q3774L,33536282,4,1,3,,,,,,
I3995V,33686871,8,5,3,,,,,,
D4112N,33686871,7,5,2,,,,,,
T4196I,33686871,3,3,0,,,,,,
D4646A,33686871,7,5,2,,,,,,
Q4879H,33686871,1,1,0,,,,,,
K4594R,33686871,7,6,1,,,,,,
I2075T,33686871,7,6,1,,,,,,
P2328S,33315912,62,15,47,,,,,,
R85I,32866913,2,1,1,,,,,,
R420Q,32605058,1,1,0,,,,,,
R169L,32513315,1,1,0,,,,,,
R2267H,32220801,5,0,5,,,,,,
D2216G,32218223,2,2,0,,,,,,
L2432F,32218223,3,2,1,,,,,,
M4002V,32218223,1,1,0,,,,,,
K4056N,32101375,1,1,0,,,,,,
R176L,31994352,12,12,0,,,,,,
D1220E,31970460,3,3,0,,,,,,
TANDEM DUPLICATION,31913406,23,22,1,,,,,,
R169Q,31875585,3,3,0,,,,,,
Y4590C,31605164,1,1,0,,,,,,
G2166E,31289932,1,1,0,,,,,,
EXON 3 DELETION,30912151,1,1,0,,,,,,
EXON 3 DELETION,24394973,6,3,3,,,,,,
EXON 3 DELETION,24394973,2,2,0,,,,,,
EXON 3 DELETION,26018045,1,1,0,,,,,,
EXON 3 DELETION,25835811,2,2,0,,,,,,
A77T,30849713,2,2,0,,,,,,
P1124L,30835254,1,1,0,,,,,,
EXON 3 DELETION,30615235,4,3,1,,,,,,
S4700T,35354758,1,1,0,,,,,,
T2914M,31624606,1,1,0,,,,,,
V1024I,27756708,1,1,0,,,,,,
A2673V,27756708,1,1,0,,,,,,
S4938F,27756708,2,1,1,,,,,,
N1551S,27756708,1,1,0,,,,,,
I4855M,27646203,2,2,0,,,,,,
D4646H,30471092,1,1,0,,,,,,
Q2060H,30471092,1,1,0,,,,,,
Q293P,30471092,1,1,0,,,,,,
c.169-?_c.273+?del;,30471092,2,2,0,,,,,,
N57_G91DEL35,33606749,2,2,0,,,,,,
R169L,33606749,1,1,0,,,,,,
R169Q,33606749,2,2,0,,,,,,
G178A,33606749,1,1,0,,,,,,
R407S,33606749,1,1,0,,,,,,
R420Q,33606749,1,1,0,,,,,,
T1223A,33606749,1,1,0,,,,,,
P1256T,33606749,1,1,0,,,,,,
L1518F,33606749,1,1,0,,,,,,
E1724K,33606749,1,1,0,,,,,,
M2192L,33606749,1,1,0,,,,,,
S2246L,33606749,1,1,0,,,,,,
G2342R,33606749,1,1,0,,,,,,
T2390I,33606749,1,1,0,,,,,,
G2400V,33606749,1,1,0,,,,,,
V2475F,33606749,1,1,0,,,,,,
Q3861H,33606749,1,1,0,,,,,,
Q3861H,33606749,1,1,0,,,,,,
G3946S,33606749,2,2,0,,,,,,
D3973N,33606749,1,1,0,,,,,,
M4002I,33606749,1,1,0,,,,,,
S4124N,33606749,1,1,0,,,,,,
S4153I,33606749,1,1,0,,,,,,
N4178S,33606749,1,1,0,,,,,,
C4193W,33606749,1,1,0,,,,,,
Q4488P,33606749,1,1,0,,,,,,
F4600L,33606749,1,1,0,,,,,,
Y4725C,33606749,1,1,0,,,,,,
V4771I,33606749,2,2,0,,,,,,
Q4936K,33606749,1,1,0,,,,,,
4944_4945INSH,33606749,1,1,0,,,,,,
Q3304E,33606749,1,1,0,,,,,,
A4741V,33606749,1,1,0,,,,,,
VUS,32884764,1,1,0,,,,,,
G3946S,32190159,1,1,0,,,,,,
R417L,30403697,3,2,1,,,,,,
F3496L,30403697,3,2,1,,,,,,
R485Q,30403697,1,1,0,,,,,,
S3938R,30403697,1,1,0,,,,,,
I2075T,30403697,3,2,1,,,,,,
K4594R,30403697,3,2,1,,,,,,
R2028H,30403697,3,1,2,,,,,,
Y4721C,30403697,3,1,2,,,,,,
T1107M,30403697,1,1,0,,,,,,
R2474K,30403697,1,1,0,,,,,,
A1136V,30403697,1,1,0,,,,,,
L4188P,30403697,1,1,0,,,,,,
G1886S,30403697,2,2,0,,,,,,
S2246L,30403697,1,1,0,,,,,,
H2464D,30403697,1,1,0,,,,,,
G1885E,30403697,1,1,0,,,,,,
R2401H,30403697,1,1,0,,,,,,
G4722S,30403697,2,1,1,,,,,,
c.3599-9delT,30403697,2,1,1,1,1,,adjudicated_null_unaffected,Variant is listed for subject 14 only; no explicit unaffected carrier is supported for this intronic VUS.,validation_runs/paper_failure_probe_20260520/gold_standard_adjudication.md
c.14091-11dupT,30403697,2,1,1,,,,,,
A2317E,30403697,1,1,0,,,,,,
L2483R,30308486,1,1,0,,,,,,
F4174I,30296944,1,1,0,,,,,,
R420W,29925740,1,1,0,,,,,,
S767C,29925740,1,1,0,,,,,,
14298+2 T>C,29925740,1,1,0,,,,,,
V907L,29925740,1,1,0,,,,,,
I1922L,29925740,1,1,0,,,,,,
V2171M,29925740,1,1,0,,,,,,
M2192L,29925740,1,1,0,,,,,,
T2390I,29925740,1,1,0,,,,,,
G2400T,29925740,1,1,0,,,,,,
S4153I,29925740,1,1,0,,,,,,
EXON 3 DELETION,29925740,2,2,0,,,,,,
W159C,29925740,1,1,0,,,,,,
R169Q,29925740,2,2,0,,,,,,
G178A,29925740,1,1,0,,,,,,
R407S,29925740,1,1,0,,,,,,
R420Q,29925740,5,5,0,,,,,,
P1256T,29925740,1,1,0,,,,,,
E1724K,29925740,2,2,0,,,,,,
C2197W,29925740,1,1,0,,,,,,
S2246L,29925740,2,2,0,,,,,,
N2291K,29925740,1,1,0,,,,,,
P2328R,29925740,1,1,0,,,,,,
A2387V,29925740,1,1,0,,,,,,
R2474G,29925740,1,1,0,,,,,,
Q3861H,29925740,1,1,0,,,,,,
D3876E,29925740,1,1,0,,,,,,
G3946S,29925740,2,2,0,,,,,,
M4002I,29925740,1,1,0,,,,,,
L4101F,29925740,1,1,0,,,,,,
S4124R,29925740,1,1,0,,,,,,
Q4159K,29925740,1,1,0,,,,,,
S4168P,29925740,1,1,0,,,,,,
N4168S,29925740,1,1,0,,,,,,
C4193W,29925740,1,1,0,,,,,,
R4497C,29925740,1,1,0,,,,,,
I4587V,29925740,1,1,0,,,,,,
F4600L,29925740,1,1,0,,,,,,
K4750Q,29925740,1,1,0,,,,,,
L4865V,29925740,1,1,0,,,,,,
Q4936K,29925740,1,1,0,,,,,,
D458N,29925740,2,2,0,,,,,,
R1919Q,29925740,1,1,0,,,,,,
P3087R,29925740,1,1,0,,,,,,
F2307L,29925740,1,1,0,,,,,,
G2342R,29925740,2,2,0,,,,,,
A2403T,29925740,1,1,0,,,,,,
F4511L,29925740,1,1,0,,,,,,
A4247V,29925740,1,1,0,,,,,,
F4129V,29925740,1,1,0,,,,,,
M4809I,29925740,1,1,0,,,,,,
V4821I,29925740,2,2,0,,,,,,
T4630C,28237968,3,3,0,,,,,,
G4749E,28237968,1,1,0,,,,,,
A2387T,28237968,3,2,1,,,,,,
D2300A,28237968,1,1,0,,,,,,
I3995V,28237968,7,3,4,,,,,,
H4579Y,28237968,11,8,3,,,,,,
D1872N,28237968,2,1,1,,,,,,
E4451del,28237968,3,2,1,,,,,,
E3716Q,28237968,1,1,0,,,,,,
I4867T,28237968,1,1,0,,,,,,
G2866del,28237968,1,1,0,,,,,,
L4670F,28237968,1,1,0,,,,,,
A2387V,28237968,4,1,3,,,,,,
Q32K,28237968,5,5,0,,,,,,
E1083K,28237968,5,5,0,,,,,,
M3972I,28237968,1,1,0,,,,,,
V2174F,28237968,1,1,0,,,,,,
R3190Q,28237968,2,1,1,,,,,,
D242V,19398665,1,1,0,,,,,,
E243K,19398665,1,1,0,,,,,,
S413T,19398665,1,1,0,,,,,,
R420W,19398665,1,1,0,,,,,,
H2217Y,19398665,1,1,0,,,,,,
S2246L,19398665,1,1,0,,,,,,
A2387T,19398665,1,1,0,,,,,,
A2394G,19398665,1,1,0,,,,,,
R2401H,19398665,1,1,0,,,,,,
C2402Y,19398665,1,1,0,,,,,,
A2498V,19398665,1,1,0,,,,,,
L3778F,19398665,1,1,0,,,,,,
S3799P,19398665,1,1,0,,,,,,
G3946D,19398665,1,1,0,,,,,,
D3977Y,19398665,1,1,0,,,,,,
V3990D,19398665,1,1,0,,,,,,
F4020L,19398665,1,1,0,,,,,,
E4076K,19398665,1,1,0,,,,,,
N4178Y,19398665,1,1,0,,,,,,
N4101I,19398665,1,1,0,,,,,,
A4091V,19398665,1,1,0,,,,,,
A4091T,19398665,1,1,0,,,,,,
P4902S,19398665,1,1,0,,,,,,
F4851L,19398665,1,1,0,,,,,,
V4771I,19398665,1,1,0,,,,,,
H4762P,19398665,1,1,0,,,,,,
G4662S,19398665,1,1,0,,,,,,
A1136V,19597050,1,1,0,,,,,,
G1885E,19597050,1,1,0,,,,,,
Q2958R,19597050,1,1,0,,,,,,
M3978I,19597050,1,1,0,,,,,,
R2401H,28100344,1,1,0,,,,,,
M995V,27839804,3,2,1,,,,,,
T2390I,27225049,2,1,1,,,,,,
A2254V,33640691,1,1,0,,,,,,
R4147S,32315959,1,1,0,,,,,,
Y4962C,32315959,1,1,0,,,,,,
L4115F,31786768,1,1,0,,,,,,
EXON 3 DELETION,31786768,1,1,0,,,,,,
D3638A,30413023,1,1,0,,,,,,
P2328S,22962621,1,1,0,,,,,,
P2328S,26705554,13,13,0,,,,,,
V4653F,26705554,6,6,0,,,,,,
A4091V,26256814,1,1,0,,,,,,
T2538R,25955245,1,1,0,,,,,,
L4115F,25955245,1,1,0,,,,,,
R2474S,25844899,1,1,0,,,,,,
N2386I,25844899,1,1,0,,,,,,
P2404T,25844899,1,1,0,,,,,,
K4392R,25844899,1,1,0,,,,,,
L2534V,25844899,1,1,0,,,,,,
T2510A,25844899,1,1,0,,,,,,
R169Q,25844899,2,2,0,,,,,,
R2401L,25844899,1,1,0,,,,,,
R4959Q,25844899,1,1,0,,,,,,
V2475F,25844899,1,1,0,,,,,,
P2328S,25844899,1,1,0,,,,,,
R2401H,25844899,1,1,0,,,,,,
Q4201R,25844899,1,1,0,,,,,,
H4108N,25844899,1,1,0,,,,,,
I4587V,25844899,1,1,0,,,,,,
E2296Q,25844899,1,1,0,,,,,,
R1051P,25844899,1,1,0,,,,,,
H4762P,25844899,1,1,0,,,,,,
N1551S,25844899,2,2,0,,,,,,
G4671R,25844899,1,1,0,,,,,,
A2387P,25844899,1,1,0,,,,,,
S4565R,25844899,1,1,0,,,,,,
V2113M,25844899,1,1,0,,,,,,
E1724K,25844899,1,1,0,,,,,,
F2307L,25844899,1,1,0,,,,,,
G357S,25814417,179,73,106,,,,,,
H29D,25463374,4,3,1,,,,,,
K4392R,25092222,2,1,1,,,,,,
P1583S,25041964,3,3,0,,,,,,
L4670V,25041964,3,2,1,,,,,,
G2367R,25041964,1,1,0,,,,,,
A2213S,25041964,2,1,1,,,,,,
V3219M,25041964,1,1,0,,,,,,
Y2932H,25041964,3,1,2,,,,,,
V1810L,24978818,2,1,1,,,,,,
D4631V,24978818,1,1,0,,,,,,
T2504M,24978818,1,1,0,,,,,,
I2075T,24950728,7,6,1,,,,,,
K4594R,24950728,7,6,1,,,,,,
Q4159P,24793461,1,1,0,,,,,,
S4153R,23498838,1,1,0,,,,,,
V2178I,22787013,1,1,0,,,,,,
K2212N,22787013,2,2,0,,,,,,
A2317E,22787013,1,1,0,,,,,,
SPLICE SITE,22787013,1,1,0,,,,,,
H4742Y,22787013,1,1,0,,,,,,
V4821I,22787013,1,1,0,,,,,,
EXON SKIPPING,22787013,1,1,0,,,,,,
Y4962C,22787013,1,1,0,,,,,,
M2605V,22787013,1,1,0,,,,,,
R169Q,16517285,1,1,0,,,,,,
R407S,23595086,1,1,0,,,,,,
N1551S,23595086,1,1,0,,,,,,
M2192L,23595086,3,3,0,,,,,,
A2387V,23595086,1,1,0,,,,,,
G2400T,23595086,1,1,0,,,,,,
R2474G,23595086,1,1,0,,,,,,
G2628E,23595086,1,1,0,,,,,,
D3638A,23595086,1,1,0,,,,,,
Q3861H,23595086,2,2,0,,,,,,
D3876E,23595086,1,1,0,,,,,,
M4002I,23595086,1,1,0,,,,,,
K4392R,23595086,5,3,2,,,,,,
S4124R,23595086,1,1,0,,,,,,
I4587V,23595086,2,2,0,,,,,,
Y4725C,23595086,1,1,0,,,,,,
K4750Q,23595086,1,1,0,,,,,,
L4865V,23595086,1,1,0,,,,,,
L4919S,23595086,1,1,0,,,,,,
R420Q,22334434,2,2,0,,,,,,
N2386I,22221940,6,6,0,,,,,,
A2387P,22221940,6,6,0,,,,,,
Y2392C,22221940,2,2,0,,,,,,
A77V,22221940,2,2,0,,,,,,
L433P,22221940,2,2,0,,,,,,
R420W,22221940,1,1,0,,,,,,
M4504I,22221940,1,1,0,,,,,,
F2483I,22178870,1,1,0,,,,,,
E243K,21954897,17,17,0,,,,,,
P2328S,21954897,1,1,0,,,,,,
Y2392C,21954897,5,5,0,,,,,,
L4115F,21954897,2,2,0,,,,,,
M4109R,21699856,6,6,0,,,,,,
I406T,21699856,4,2,2,,,,,,
G230C,21659649,1,1,0,,,,,,
E189D,20676041,2,2,0,,,,,,
P2328S,18929323,13,13,0,,,,,,
V4653F,18929323,6,6,0,,,,,,
V2321M,18262818,1,1,0,,,,,,
R420W,17062961,2,2,0,,,,,,
R2267H,17556193,1,1,0,,,,,,
S4565R,17556193,1,1,0,,,,,,
P164S,16918210,1,1,0,,,,,,
V186M,16918210,1,1,0,,,,,,
S3938R,16918210,1,1,0,,,,,,
T4196A,16918210,1,1,0,,,,,,
R2401H,15749201,1,1,0,,,,,,
102,18052993,2,2,0,,,,,,
G4671V,20106799,8,8,0,,,,,,
A2387V,20106799,7,7,0,,,,,,
R176Q,20106799,3,3,0,,,,,,
G2337V,20106799,16,16,0,,,,,,
V2306I,14571276,2,2,0,,,,,,
P4902L,14571276,1,1,0,,,,,,
R4959Q,14571276,1,1,0,,,,,,
R4790X,35439358,7,3,4,,,,,,
K4392R,33562224,1,1,0,,,,,,
R111X,28404607,1,1,0,,,,,,
V1810L,28404607,1,1,0,,,,,,
R2608X,28404607,1,1,0,,,,,,
G3946S,28404607,1,1,0,,,,,,
X4968delINSX,28404607,1,1,0,,,,,,
Q12H,28404607,1,1,0,,,,,,
A26T,28404607,1,1,0,,,,,,
T153I,28404607,1,1,0,,,,,,
I217V,28404607,1,1,0,,,,,,
L228F,28404607,1,1,0,,,,,,
H261R,28404607,1,1,0,,,,,,
A283V,28404607,1,1,0,,,,,,
M309T,28404607,1,1,0,,,,,,
M317T,28404607,1,1,0,,,,,,
G341A,28404607,1,1,0,,,,,,
G357D,28404607,1,1,0,,,,,,
V379M,28404607,2,2,0,,,,,,
V382M,28404607,1,1,0,,,,,,
G385A,28404607,1,1,0,,,,,,
A391G,28404607,1,1,0,,,,,,
I392V,28404607,1,1,0,,,,,,
R417G,28404607,1,1,0,,,,,,
V423A,28404607,1,1,0,,,,,,
IVS,28404607,1,1,0,,,,,,
G432G,28404607,1,1,0,,,,,,
A440T,28404607,1,1,0,,,,,,
H464Q,28404607,1,1,0,,,,,,
P466A,28404607,1,1,0,,,,,,
P466Q,28404607,1,1,0,,,,,,
K475Q,28404607,1,1,0,,,,,,
K475R,28404607,1,1,0,,,,,,
R485Q,28404607,1,1,0,,,,,,
IVS,28404607,1,1,0,,,,,,
IVS,28404607,1,1,0,,,,,,
IVS,28404607,1,1,0,,,,,,
R504H,28404607,1,1,0,,,,,,
K595R,28404607,1,1,0,,,,,,
H608Y,28404607,1,1,0,,,,,,
IVS,28404607,1,1,0,,,,,,
V610F,28404607,1,1,0,,,,,,
R647C,28404607,1,1,0,,,,,,
V679M,28404607,1,1,0,,,,,,
D680G,28404607,1,1,0,,,,,,
V686G,28404607,1,1,0,,,,,,
G702R,28404607,1,1,0,,,,,,
Y725C,28404607,1,1,0,,,,,,
IVS,28404607,1,1,0,,,,,,
R739H,28404607,1,1,0,,,,,,
S756N,28404607,1,1,0,,,,,,
G786D,28404607,1,1,0,,,,,,
A796V,28404607,1,1,0,,,,,,
V800A,28404607,1,1,0,,,,,,
L804F,28404607,1,1,0,,,,,,
S837T,28404607,1,1,0,,,,,,
D849N,28404607,1,1,0,,,,,,
T858M,28404607,1,1,0,,,,,,
IVS,28404607,1,1,0,,,,,,
H877P,28404607,1,1,0,,,,,,
Y904C,28404607,1,1,0,,,,,,
P906L,28404607,1,1,0,,,,,,
V919M,28404607,1,1,0,,,,,,
S936L,28404607,1,1,0,,,,,,
L943S,28404607,1,1,0,,,,,,
G951R,28404607,1,1,0,,,,,,
A979S,28404607,1,1,0,,,,,,
R1009W,28404607,1,1,0,,,,,,
R1013W,28404607,1,1,0,,,,,,
R1013Q,28404607,1,1,0,,,,,,
T1036S,28404607,1,1,0,,,,,,
R1051C,28404607,1,1,0,,,,,,
A1053S,28404607,1,1,0,,,,,,
V1077A,28404607,1,1,0,,,,,,
V1077G,28404607,1,1,0,,,,,,
G1080S,28404607,1,1,0,,,,,,
R1084K,28404607,1,1,0,,,,,,
R1089H,28404607,1,1,0,,,,,,
T1107M,28404607,2,2,0,,,,,,
R1119H,28404607,1,1,0,,,,,,
G1121R,28404607,1,1,0,,,,,,
E1127G,28404607,2,2,0,,,,,,
R1133H,28404607,1,1,0,,,,,,
A1136V,28404607,1,1,0,,,,,,
R1154S,28404607,1,1,0,,,,,,
M1174I,28404607,1,1,0,,,,,,
I1181T,28404607,1,1,0,,,,,,
G1218E,28404607,1,1,0,,,,,,
V1241I,28404607,1,1,0,,,,,,
E1269Q,28404607,1,1,0,,,,,,
T1297S,28404607,1,1,0,,,,,,
A1311V,28404607,1,1,0,,,,,,
A1325P,28404607,1,1,0,,,,,,
D1357H,28404607,1,1,0,,,,,,
A1365V,28404607,1,1,0,,,,,,
I1432L,28404607,1,1,0,,,,,,
T1468I,28404607,1,1,0,,,,,,
R1482H,28404607,1,1,0,,,,,,
C1489R,28404607,1,1,0,,,,,,
S1515N,28404607,1,1,0,,,,,,
T1529P,28404607,1,1,0,,,,,,
P1541S,28404607,1,1,0,,,,,,
M1564I,28404607,1,1,0,,,,,,
P1565A,28404607,1,1,0,,,,,,
V1579M,28404607,1,1,0,,,,,,
C1582W,28404607,1,1,0,,,,,,
P1583S,28404607,1,1,0,,,,,,
H1587R,28404607,1,1,0,,,,,,
IVS,28404607,1,1,0,,,,,,
IVS,28404607,1,1,0,,,,,,
Y1687S,28404607,1,1,0,,,,,,
M1694T,28404607,1,1,0,,,,,,
G1701A,28404607,1,1,0,,,,,,
T1733M,28404607,1,1,0,,,,,,
K1745N,28404607,1,1,0,,,,,,
S1756A,28404607,1,1,0,,,,,,
S1765C,28404607,3,3,0,,,,,,
G1802S,28404607,1,1,0,,,,,,
R1807W,28404607,1,1,0,,,,,,
E1837K,28404607,1,1,0,,,,,,
T1863M,28404607,1,1,0,,,,,,
D1872N,28404607,1,1,0,,,,,,
G1885E,28404607,1,1,0,,,,,,
K1887R,28404607,1,1,0,,,,,,
L1894I,28404607,1,1,0,,,,,,
R1919Q,28404607,1,1,0,,,,,,
R1921W,28404607,1,1,0,,,,,,
I1925T,28404607,1,1,0,,,,,,
D2002G,28404607,1,1,0,,,,,,
T2005A,28404607,1,1,0,,,,,,
C2007S,28404607,2,2,0,,,,,,
C2007F,28404607,1,1,0,,,,,,
IVS,28404607,1,1,0,,,,,,
S2016T,28404607,1,1,0,,,,,,
G2027R,28404607,1,1,0,,,,,,
L2039M,28404607,1,1,0,,,,,,
E2079K,28404607,1,1,0,,,,,,
R2082T,28404607,1,1,0,,,,,,
T2107M,28404607,1,1,0,,,,,,
V2113M,28404607,2,2,0,,,,,,
T2116A,28404607,1,1,0,,,,,,
L2120delINSLAL,28404607,1,1,0,,,,,,
S2128C,28404607,1,1,0,,,,,,
I2149V,28404607,1,1,0,,,,,,
S2231S,28404607,1,1,0,,,,,,
P2232Q,28404607,1,1,0,,,,,,
R2258C,28404607,1,1,0,,,,,,
IVS,28404607,1,1,0,,,,,,
G2271C,28404607,1,1,0,,,,,,
G2332C,28404607,1,1,0,,,,,,
A2354S,28404607,1,1,0,,,,,,
E2355K,28404607,1,1,0,,,,,,
N2365S,28404607,1,1,0,,,,,,
L2372I,28404607,1,1,0,,,,,,
L2408L,28404607,1,1,0,,,,,,
G2412R,28404607,1,1,0,,,,,,
S2437fsX,28404607,1,1,0,,,,,,
Q2441E,28404607,1,1,0,,,,,,
L2484F,28404607,1,1,0,,,,,,
H2486Q,28404607,1,1,0,,,,,,
A2498V,28404607,1,1,0,,,,,,
H2540R,28404607,1,1,0,,,,,,
H2541N,28404607,1,1,0,,,,,,
IVS,28404607,1,1,0,,,,,,
E2715D,28404607,1,1,0,,,,,,
K2716I,28404607,1,1,0,,,,,,
I2721T,28404607,1,1,0,,,,,,
D2735A,28404607,1,1,0,,,,,,
Q2754H,28404607,1,1,0,,,,,,
I2770T,28404607,1,1,0,,,,,,
R2793Q,28404607,1,1,0,,,,,,
I2807V,28404607,1,1,0,,,,,,
IVS,28404607,1,1,0,,,,,,
V2815L,28404607,1,1,0,,,,,,
R2824W,28404607,1,1,0,,,,,,
M2828L,28404607,1,1,0,,,,,,
2858_2860DEL,28404607,1,1,0,,,,,,
G2864G,28404607,1,1,0,,,,,,
I2917V,28404607,1,1,0,,,,,,
V2933G,28404607,1,1,0,,,,,,
A2936T,28404607,1,1,0,,,,,,
IVS,28404607,1,1,0,,,,,,
Q2958K,28404607,1,1,0,,,,,,
E3002Q,28404607,1,1,0,,,,,,
H3017R,28404607,1,1,0,,,,,,
C3032G,28404607,1,1,0,,,,,,
A3064T,28404607,1,1,0,,,,,,
N3095S,28404607,1,1,0,,,,,,
T3097I,28404607,1,1,0,,,,,,
T3098I,28404607,1,1,0,,,,,,
V3099L,28404607,1,1,0,,,,,,
M3104V,28404607,1,1,0,,,,,,
H3111Y,28404607,1,1,0,,,,,,
IVS,28404607,1,1,0,,,,,,
T3173I,28404607,1,1,0,,,,,,
K3187R,28404607,1,1,0,,,,,,
R3190Q,28404607,1,1,0,,,,,,
E3191Q,28404607,1,1,0,,,,,,
L3195L,28404607,1,1,0,,,,,,
V3201M,28404607,1,1,0,,,,,,
L3214H,28404607,1,1,0,,,,,,
V3219M,28404607,1,1,0,,,,,,
G3225S,28404607,1,1,0,,,,,,
M3231T,28404607,1,1,0,,,,,,
V3234A,28404607,1,1,0,,,,,,
R3260W,28404607,1,1,0,,,,,,
N3308S,28404607,1,1,0,,,,,,
R3345S,28404607,1,1,0,,,,,,
IVS,28404607,1,1,0,,,,,,
IVS,28404607,1,1,0,,,,,,
IVS,28404607,1,1,0,,,,,,
V3420I,28404607,1,1,0,,,,,,
T3435I,28404607,1,1,0,,,,,,
IVS,28404607,1,1,0,,,,,,
IVS,28404607,1,1,0,,,,,,
M3461V,28404607,1,1,0,,,,,,
A3482T,28404607,1,1,0,,,,,,
I3508T,28404607,1,1,0,,,,,,
R3510C,28404607,1,1,0,,,,,,
R3510S,28404607,1,1,0,,,,,,
R3510H,28404607,1,1,0,,,,,,
P3544L,28404607,1,1,0,,,,,,
P3544R,28404607,1,1,0,,,,,,
T3547M,28404607,1,1,0,,,,,,
IVS,28404607,1,1,0,,,,,,
R3567C,28404607,1,1,0,,,,,,
R3570Q,28404607,1,1,0,,,,,,
IVS,28404607,1,1,0,,,,,,
E3633K,28404607,1,1,0,,,,,,
Y3688C,28404607,1,1,0,,,,,,
D3706N,28404607,1,1,0,,,,,,
D3733N,28404607,1,1,0,,,,,,
A3736V,28404607,1,1,0,,,,,,
K3828N,28404607,1,1,0,,,,,,
L3935F,28404607,1,1,0,,,,,,
D3973E,28404607,1,1,0,,,,,,
G3988G,28404607,1,1,0,,,,,,
F4016Y,28404607,1,1,0,,,,,,
E4082K,28404607,1,1,0,,,,,,
F4083L,28404607,1,1,0,,,,,,
K4143Q,28404607,1,1,0,,,,,,
A4216G,28404607,1,1,0,,,,,,
4222_4223DEL,28404607,1,1,0,,,,,,
M4279V,28404607,1,1,0,,,,,,
T4281M,28404607,1,1,0,,,,,,
S4289G,28404607,1,1,0,,,,,,
R4307C,28404607,1,1,0,,,,,,
A4322T,28404607,1,1,0,,,,,,
L4354R,28404607,1,1,0,,,,,,
A4357T,28404607,1,1,0,,,,,,
E4368G,28404607,1,1,0,,,,,,
K4423Q,28404607,1,1,0,,,,,,
E4431K,28404607,1,1,0,,,,,,
IVS,28404607,1,1,0,,,,,,
Q4460R,28404607,1,1,0,,,,,,
A4486G,28404607,1,1,0,,,,,,
A4512G,28404607,1,1,0,,,,,,
P4534S,28404607,1,1,0,,,,,,
T4535R,28404607,1,1,0,,,,,,
H4558Y,28404607,1,1,0,,,,,,
C4592R,28404607,1,1,0,,,,,,
E4659G,28404607,1,1,0,,,,,,
D4681G,28404607,1,1,0,,,,,,
4685_4685DEL,28404607,1,1,0,,,,,,
I4701V,28404607,1,1,0,,,,,,
IVS,28404607,1,1,0,,,,,,
A4723T,28404607,1,1,0,,,,,,
IVS,28404607,1,1,0,,,,,,
Y4944C,28404607,1,1,0,,,,,,
R4959W,28404607,1,1,0,,,,,,
IVS,28404607,1,1,0,,,,,,
L575F,29032884,1,1,0,,,,,,
Q3774R,29032884,1,1,0,,,,,,
G2367R,29032884,1,1,0,,,,,,
A2354T,29032884,1,1,0,,,,,,
M4002I,29032884,1,1,0,,,,,,
M399L,29032884,1,1,0,,,,,,
E1724K,29032884,1,1,0,,,,,,
N3308S,29032884,1,1,0,,,,,,
R169P,35245853,1,1,0,,,,,,
G2412R,34735682,1,1,0,,,,,,
I4756S,32179276,2,2,0,,,,,,
S2246L,30640888,2,2,0,,,,,,
G4140E,30640888,1,1,0,,,,,,
G3037D,30116135,2,1,1,,,,,,
7580 T>C,29668588,1,1,0,,,,,,
P164S,29132927,3,3,0,,,,,,
E243K,25713214,1,1,0,,,,,,
R4959Q,25713214,1,1,0,,,,,,
V4471I,25713214,2,2,0,,,,,,
GIVS98+1A,25713214,2,2,0,,,,,,
T2538,25713214,1,1,0,,,,,,
DEL F4853,25713214,1,1,0,,,,,,
V4634E,25713214,1,1,0,,,,,,
R2401H,25713214,1,1,0,,,,,,
R4959Q,15721128,11,10,1,,,,,,
A165D,29477366,1,1,0,,,,,,
D458N,30157307,3,2,1,,,,,,
12066_12067INS CAA G5656A,27452199,1,1,0,,,,,,
6643 T>C,27452199,1,1,0,,,,,,
11836 G>A,27452199,1,1,0,,,,,,
11812 A>G,27452199,1,1,0,,,,,,
12513 G>T,27452199,1,1,0,,,,,,
5170 G>A,27452199,2,2,0,,,,,,
7204 T>C,27452199,1,1,0,,,,,,
14461 G>A,27452199,1,1,0,,,,,,
13489 C>T,27452199,1,1,0,,,,,,
1258 C>T,27452199,1,1,0,,,,,,
11997 G>A,27452199,1,1,0,,,,,,
1244 C>G,27452199,1,1,0,,,,,,
11200 C>T,27452199,1,1,0,,,,,,
6737 C>T,27452199,1,1,0,,,,,,
11590 A>G,27452199,1,1,0,,,,,,
40-2 A/G SPLICING ERROR,27452199,1,1,0,,,,,,
13175 A>G,27452199,1,1,0,,,,,,
535 G>A,27452199,1,1,0,,,,,,
1259 G>A,27452199,1,1,0,,,,,,
11812 A>G,27452199,1,1,0,,,,,,
12331 A>C,27452199,1,1,0,,,,,,
1221 A>T,27452199,1,1,0,,,,,,
6507 G>T,27452199,1,1,0,,,,,,
12559 G>A,27452199,1,1,0,,,,,,
6649 C>T,27452199,2,2,0,,,,,,
718 T>C,27452199,1,1,0,,,,,,
11836 G>A,27452199,1,1,0,,,,,,
12301 C>T,27452199,1,1,0,,,,,,
13759 G>A,27452199,1,1,0,,,,,,
4652 A>G,27452199,1,1,0,,,,,,
12475 C>A,27452199,1,1,0,,,,,,
6737 C>T,27452199,1,1,0,,,,,,
14593 C>G,27452199,1,1,0,,,,,,
14427 G>T,27452199,1,1,0,,,,,,
E4950K,27256466,1,1,0,,,,,,
Q4159K,27256466,2,2,0,,,,,,
R2474G,27256466,1,1,0,,,,,,
G3946S,27256466,1,1,0,,,,,,
A4954G,27256466,1,1,0,,,,,,
G155R,28405885,5,1,4,,,,,,
I11S,27988446,7,6,1,,,,,,
K4594Q,27401738,1,1,0,,,,,,
A4204V,26298385,1,1,0,,,,,,
L3778F,27198127,4,1,3,,,,,,
A2317T,28491614,1,1,0,,,,,,
R420Q,25440180,11,10,1,,,,,,
C2277R,25435091,8,7,1,,,,,,
S4155Y,24147812,1,1,0,,,,,,
A4091T,23985380,1,1,0,,,,,,
169-198_273+823DLE,23479668,1,1,0,,,,,,
R420Q,23094885,10,5,5,,,,,,
S3006R,34393635,1,1,0,,,,,,
L4188P,22608700,1,1,0,,,,,,
H4558Y,22584762,1,1,0,,,,,,
E4182A,22519458,1,1,0,,,,,,
W4949R,22519458,1,1,0,,,,,,
S4122R,22519458,1,1,0,,,,,,
M4107V,22519458,2,2,0,,,,,,
S4153R,21652165,1,1,0,,,,,,
V4771I,21292648,1,1,0,,,,,,
D503E,32660257,2,2,0,,,,,,
A271V,25016147,1,1,0,,,,,,
V4299M,21126784,1,1,0,,,,,,
R2401H,20851825,1,1,0,,,,,,
S2246L,17161793,1,1,0,,,,,,
G3946S,17199967,1,1,0,,,,,,
R169Q,30170228,1,1,0,,,,,,
G357S,30170228,1,1,0,,,,,,
R420W,30170228,1,1,0,,,,,,
S582I,30170228,1,1,0,,,,,,
61672 A>G,30170228,1,1,0,,,,,,
A2317E,30170228,1,1,0,,,,,,
A2403T,30170228,1,1,0,,,,,,
M3972I,30170228,1,1,0,,,,,,
D3973H,30170228,1,1,0,,,,,,
L3974Q,30170228,2,2,0,,,,,,
M3999I,30170228,1,1,0,,,,,,
H4108N,30170228,1,1,0,,,,,,
Y4149S,30170228,1,1,0,,,,,,
Q4159P,30170228,1,1,0,,,,,,
Q4171H,30170228,1,1,0,,,,,,
N4178S,30170228,9,9,0,,,,,,
V4190L,30170228,2,2,0,,,,,,
Y4721H,30170228,1,1,0,,,,,,
K4751Q,30170228,1,1,0,,,,,,
V4771I,30170228,2,2,0,,,,,,
K4805R,30170228,1,1,0,,,,,,
L4865I,30170228,1,1,0,,,,,,
I4926T,30170228,1,1,0,,,,,,
I4926M,30170228,1,1,0,,,,,,
EXON 3 DELETION,32259298,1,1,0,,,,,,
G357S,28789916,14,14,0,,,,,,
T415I,28789916,1,1,0,,,,,,
G4140E,28789916,1,1,0,,,,,,
R4959Q,28789916,1,1,0,,,,,,
I4857N,28789916,1,1,0,,,,,,
R4307C,28789916,1,1,0,,,,,,
A157S,28789916,1,1,0,,,,,,
R420Q,28158428,2,2,0,,,,,,
R420W,28158428,12,12,0,,,,,,
L3741P,27491078,3,3,0,,,,,,
E2311D,24113177,4,3,1,,,,,,
R420Q,30546600,9,5,4,,,,,,
Q4164E,29350269,1,1,0,,,,,,
E1127G,29350269,1,1,0,,,,,,
A3814V,29350269,1,1,0,,,,,,
I1268T,26230511,2,2,0,,,,,,
L1686F,26230511,1,1,0,,,,,,
H469Y,18285261,1,1,0,,,,,,
L2299F,18285261,1,1,0,,,,,,
A3909T,18285261,1,1,0,,,,,,
A4070T,18285261,1,1,0,,,,,,
K4481R,18285261,1,1,0,,,,,,
Q486H,22222782,2,1,1,,,,,,
D1872N,22222782,2,1,1,,,,,,
G2367R,22222782,1,1,0,,,,,,
H4579Y,22222782,4,3,1,,,,,,
L4767L,22222782,1,1,0,,,,,,
G4315E,22222782,1,1,0,,,,,,
E4213D,22222782,1,1,0,,,,,,
E4431K,24631775,1,1,0,,,,,,
A3943T,24631775,1,1,0,,,,,,
M4139V,24631775,1,1,0,,,,,,
G4471R,24631775,1,1,0,,,,,,
R4608W,24631775,1,1,0,,,,,,
G2342R,27000522,2,1,1,,,,,,
Q1581P,26164358,1,1,0,,,,,,
V507I,26164358,1,1,0,,,,,,
H4552R,25500949,1,1,0,,,,,,
M3978I,28600387,1,1,0,,,,,,
T4196I,28600387,1,1,0,,,,,,
A2387T,28600387,1,1,0,,,,,,
S4168T,26228265,4,2,2,,,,,,
D401G,26228265,1,1,0,,,,,,
H240R,27114410,1,1,0,,,,,,
T4158P,27114410,1,1,0,,,,,,
R420W,27114410,1,1,0,,,,,,
S2246L,27114410,2,2,0,,,,,,
L3879P,27114410,1,1,0,,,,,,
Q3925E,27114410,1,1,0,,,,,,
S3959L,27114410,1,1,0,,,,,,
W4645R,27114410,1,1,0,,,,,,
G4936R,27114410,1,1,0,,,,,,
M317T,29544605,1,1,0,,,,,,
P876T,29544605,1,1,0,,,,,,
G1082E,29544605,1,1,0,,,,,,
R2068Q,29544605,1,1,0,,,,,,
M2084I,29544605,1,1,0,,,,,,
A2164T,29544605,1,1,0,,,,,,
T2510A,29544605,1,1,0,,,,,,
F2649S,29544605,1,1,0,,,,,,
P3209L,29544605,1,1,0,,,,,,
P4231L,29544605,1,1,0,,,,,,
I4238S,29544605,1,1,0,,,,,,
A4542T,29544605,1,1,0,,,,,,
R176Q,34110090,1,1,0,,,,,,
M3695T,33984427,3,2,1,,,,,,
EXON 19 DELETION,33984427,4,2,2,,,,,,
R414C,35663620,1,1,0,,,,,,
F2483I,23684427,1,1,0,,,,,,
G4936R,20395638,1,1,0,,,,,,
G3946A,18554199,1,1,0,,,,,,
V3711E,33500567,1,1,0,,,,,,
N4251D,33500567,1,1,0,,,,,,
R1414W,33500567,1,1,0,,,,,,
V1664F,33500567,1,1,0,,,,,,
R169Q,33500567,1,1,0,,,,,,
A1806T,33500567,1,1,0,,,,,,
M1975V,33500567,1,1,0,,,,,,
EXON 2 DELETION,33500567,1,1,0,,,,,,
EXON 3 DELETION,33500567,1,1,0,,,,,,
169-198_273+823DEL,29447731,1,1,0,,,,,,
4299+1DELG,29447731,1,1,0,,,,,,
M3695T,29447731,1,1,0,,,,,,
F4016Y,29447731,1,1,0,,,,,,
R4114Q,29447731,1,1,0,,,,,,
E4431K,29447731,1,1,0,,,,,,
R4608W,29447731,1,1,0,,,,,,
1827+140_1961+426DEL,29447731,1,1,0,,,,,,
K2716I,29447731,1,1,0,,,,,,
A4556P,28798025,2,2,0,,,,,,
V3557A,28798025,1,1,0,,,,,,
R2303G,28798025,3,3,0,,,,,,
L3061V,28798025,1,1,0,,,,,,
S453T,28798025,1,1,0,,,,,,
G1885E,28798025,1,1,0,,,,,,
H4646D,30471092,1,1,0,,,,,,
Q2060H,30471092,1,1,0,,,,,,
Q293P,30471092,1,1,0,,,,,,
169-?_273+?DEL,30471092,1,1,0,,,,,,
