model,support_stratum,n_variants,mae_empirical_posterior,mse_empirical_posterior,mae_observed_fraction,mse_observed_fraction,mean_beta_binomial_nll,spearman_observed_fraction,mean_prediction,mean_observed_fraction,cohort
am_fit,all,610,0.14704496645109666,0.03886652233446715,0.3137203974521341,0.17912658928323355,1.0008277861429686,0.5016035830077412,0.17092025816665066,0.32627179573732285,all_common
am_fit,kish_ge_5,604,0.14814851132743903,0.039239380394220584,0.3163854597437002,0.18088511317861888,1.0097297867086343,0.4974878325006796,0.17216677602822852,0.3295129062910049,all_common
am_fit,kish_lt_5,6,0.035954782232627415,0.001332144319288369,0.04543746010114499,0.0021018504811137484,0.10469306253258863,,0.04543746010114499,0.0,all_common
am_fit,origin:literature_and_population,79,0.20584197218594535,0.06728660193948888,0.3286224929959022,0.14396176653997683,2.6600367359567265,0.46343735564415056,0.20565033893617374,0.5075954154937892,all_common
am_fit,origin:literature_only,163,0.18660516076306025,0.060538999664897,0.7249050379422818,0.5415220341420331,2.01702691510725,0.12232596302438428,0.25009960976175233,0.9750046477040343,all_common
am_fit,origin:population_only,368,0.11690019708722951,0.023165978601704166,0.12839332694166725,0.02615801179609489,0.19452896805474887,,0.12839332694166725,0.0,all_common
am_plus_density,all,610,0.1467551598719807,0.038824192023847,0.31181421782618063,0.17828298440799398,0.9949853217819988,0.5109144756069729,0.17094454439549167,0.32627179573732285,all_common
am_plus_density,kish_ge_5,604,0.1479603931208873,0.039203142108957166,0.3145649118044152,0.1800417085593999,1.0040668314313317,0.5066979789351952,0.1722958707568651,0.3295129062910049,all_common
am_plus_density,kish_lt_5,6,0.025428346148718483,0.0006765501227572195,0.03491102401723605,0.0012380864997967344,0.08078001708248972,,0.03491102401723605,0.0,all_common
am_plus_density,origin:literature_and_population,79,0.20274208252122516,0.06601891231050795,0.3253491246843517,0.1417367057158192,2.6464728957752954,0.4703219112133797,0.20969371861515243,0.5075954154937892,all_common
am_plus_density,origin:literature_only,163,0.19073094116419434,0.06126553630211476,0.7230658935245738,0.5397848443767737,2.0100648159049705,0.09068740326569905,0.2519387541794603,0.9750046477040343,all_common
am_plus_density,origin:population_only,368,0.11525782498089067,0.023046143056445208,0.1267509548353284,0.026006769304110156,0.19084000687027344,,0.1267509548353284,0.0,all_common
am_plus_sequence,all,610,0.1467475739512802,0.038657004369852414,0.3112741833529357,0.1775662702163462,0.9961919394778932,0.5165963594535019,0.1709735725296025,0.32627179573732285,all_common
am_plus_sequence,kish_ge_5,604,0.14790328193941205,0.03903153663941366,0.3139700628463637,0.17931413904300283,1.0051736617002638,0.5125252963957647,0.1722757373459774,0.3295129062910049,all_common
am_plus_sequence,kish_lt_5,6,0.030406303146008794,0.0009540892340205945,0.03988898101452636,0.00161414166624076,0.09203190242592847,,0.03988898101452636,0.0,all_common
am_plus_sequence,origin:literature_and_population,79,0.20406942159266983,0.06618987341501797,0.3263790563374426,0.1422620198394532,2.653741402465021,0.4709968676417355,0.2084696188789237,0.5075954154937892,all_common
am_plus_sequence,origin:literature_only,163,0.19101795279729827,0.061618337534182,0.7215044485257629,0.537948756786557,2.0104016642963014,0.08409525776604226,0.2535993746422641,0.9750046477040343,all_common
am_plus_sequence,origin:population_only,368,0.11483317798505545,0.022576042521064918,0.12632630783949317,0.02551923344686301,0.19113054621326422,,0.12632630783949317,0.0,all_common
density_fit,all,610,0.1736546739930722,0.04547069624272899,0.341146768832343,0.20033028127483538,1.088949209107335,0.3632751321079781,0.17097714826868707,0.32627179573732285,all_common
density_fit,kish_ge_5,604,0.1748614661252666,0.04589495844666961,0.3439231909344455,0.2022824904669152,1.098282953522312,0.3562066050244935,0.17206314367644868,0.3295129062910049,all_common
density_fit,kish_lt_5,6,0.05217093268550186,0.0027616343793732887,0.06165361055401943,0.003807889272133318,0.14935227133298487,,0.06165361055401943,0.0,all_common
density_fit,origin:literature_and_population,79,0.2097794550889471,0.07448513716767897,0.3417228674261318,0.16028193009536398,2.6562508326739307,0.2956922752951437,0.19424214199895032,0.5075954154937892,all_common
density_fit,origin:literature_only,163,0.23326348413825557,0.07847432186897568,0.7701786773338662,0.6086998633021654,2.229911252123133,0.010562176895395242,0.20482597037016811,0.9750046477040343,all_common
density_fit,origin:population_only,368,0.13949681051416182,0.024623598932540784,0.15098994036859956,0.02804652549419263,0.2471186621689216,,0.15098994036859956,0.0,all_common
density_unfitted,all,610,0.17295879801966443,0.044681431475093875,0.3406951998255475,0.19531293182916573,1.0633271933314137,0.36517674556348817,0.18063097796269556,0.32627179573732285,all_common
density_unfitted,kish_ge_5,604,0.17447762006847478,0.045120406206641164,0.34378607873466277,0.19724404307771953,1.073151587907469,0.3581415085110233,0.18213181493277586,0.3295129062910049,all_common
density_unfitted,kish_lt_5,6,0.02006404510609147,0.0004913084993330292,0.02954672297460904,0.000914399474751908,0.07433813934185733,,0.02954672297460904,0.0,all_common
density_unfitted,origin:literature_and_population,79,0.20129301779256908,0.06991822682971469,0.3322245403129608,0.15215994268699173,2.598370752047426,0.29623224043782836,0.2060183181748926,0.5075954154937892,all_common
density_unfitted,origin:literature_only,163,0.21810538432852955,0.07127069505718457,0.7564252802551837,0.5869546049115659,2.1413511684584314,0.010562176895395242,0.2185793674488505,0.9750046477040343,all_common
density_unfitted,origin:population_only,368,0.14687918679573925,0.0274864401791813,0.15837231665017698,0.031105033540580213,0.2562990708198135,,0.15837231665017698,0.0,all_common
empirical_prior,all,610,0.16132334896144596,0.07306130092292934,0.3305604934764866,0.28664492963348026,1.897708149335653,,0.0198900828473669,0.32627179573732285,all_common
empirical_prior,kish_ge_5,604,0.1628225139678956,0.073785768839432,0.33364662338339846,0.28948846586763066,1.9160934501349263,,0.019890082847366902,0.3295129062910049,all_common
empirical_prior,kish_lt_5,6,0.010407404978849332,0.00013153066166209969,0.0198900828473669,0.0003956153956751189,0.04692120220876794,,0.0198900828473669,0.0,all_common
empirical_prior,origin:literature_and_population,79,0.3494712780447992,0.16972058099538614,0.489097170394798,0.3068471700543919,4.8177046340528715,,0.019890082847366902,0.5075954154937892,all_common
empirical_prior,origin:literature_only,163,0.4153922282180674,0.19097779332776338,0.9551145648566675,0.9231097802240343,4.6940635759974825,,0.0198900828473669,0.9750046477040343,all_common
empirical_prior,origin:population_only,368,0.00839695299292916,8.175910849446285e-05,0.019890082847366902,0.00039561539567511885,0.03225799488310305,,0.019890082847366902,0.0,all_common
intercept_only,all,610,0.19712475847013744,0.05042057079137636,0.36556201027852037,0.21720753628985923,1.1704451758944128,-0.8623718762022041,0.17090633354796744,0.32627179573732285,all_common
intercept_only,kish_ge_5,604,0.19747677210573347,0.050661504923817574,0.3674930428605389,0.2190741709494831,1.1778379571230404,-0.8634566515215047,0.17090370046709968,0.3295129062910049,all_common
intercept_only,kish_lt_5,6,0.161688719153472,0.026166534792293968,0.17117139702198955,0.02929964722105804,0.42623853221253666,,0.17117139702198955,0.0,all_common
intercept_only,origin:literature_and_population,79,0.2319198751717091,0.08767175910816576,0.36536938079941395,0.18274769448208833,2.75572950031481,-0.9645747441112194,0.17058269083374678,0.5075954154937892,all_common
intercept_only,origin:literature_only,163,0.26481009242307835,0.08861204069267391,0.8045324290616785,0.6581452453981161,2.375271908742544,0.053219597480132844,0.17047221864235584,0.9750046477040343,all_common
intercept_only,origin:population_only,368,0.1596749659327637,0.0255073820116539,0.1711680957872015,0.02929851704575055,0.2964663196893667,,0.1711680957872015,0.0,all_common
sequence_fit,all,610,0.17858933578074188,0.04656814277626668,0.3457752672069898,0.20299389069623192,1.1105751722059436,0.3364601089743851,0.17096374711804904,0.32627179573732285,all_common
sequence_fit,kish_ge_5,604,0.17951548177352697,0.046958098613380225,0.34826800181127565,0.2049210145200646,1.1193242884956607,0.3298733222312226,0.17171994344330563,0.3295129062910049,all_common
sequence_fit,kish_lt_5,6,0.0853573058403716,0.0073125885068374245,0.09483998370888917,0.008996759097075003,0.22983079904108247,,0.09483998370888917,0.0,all_common
sequence_fit,origin:literature_and_population,79,0.21962944070701093,0.07793438797242797,0.3496870378792775,0.16655090096294536,2.693643705943556,0.33880358316448755,0.1863770652969975,0.5075954154937892,all_common
sequence_fit,origin:literature_only,163,0.2383451060799787,0.0814686143270788,0.7750285183926728,0.6160848500760072,2.2625300487147095,0.023485213361856116,0.1999761293113614,0.9750046477040343,all_common
sequence_fit,origin:population_only,368,0.1433111867373971,0.024375995403225614,0.15480431659183486,0.02784489561478159,0.2604907726510515,,0.15480431659183486,0.0,all_common
sequence_unfitted,all,610,0.17052072669824128,0.04639711861887204,0.3366675140978363,0.19819736385135578,1.0970890774390807,0.3405064314561004,0.17118523822708828,0.32627179573732285,all_common
sequence_unfitted,kish_ge_5,604,0.17184240777574325,0.046843688123772285,0.3395454611640576,0.20014418905227985,1.1068721686451366,0.33399236103453134,0.17241932162571932,0.3295129062910049,all_common
sequence_unfitted,kish_lt_5,6,0.037471498229711575,0.0014424551255811057,0.04695417609822914,0.002216960291666246,0.11225789602946612,,0.04695417609822914,0.0,all_common
sequence_unfitted,origin:literature_and_population,79,0.2142789568950714,0.0739764921996081,0.34266998000364807,0.15922964754911473,2.689646350941743,0.3415770404882768,0.19565244173801563,0.5075954154937892,all_common
sequence_unfitted,origin:literature_only,163,0.22791780653510507,0.07893767450949289,0.7615201237237084,0.5981834941637534,2.251803363671777,0.02348519709242165,0.21348452398032586,0.9750046477040343,all_common
sequence_unfitted,origin:population_only,368,0.13570381311411522,0.026063202523629245,0.14719694296855296,0.02939494631591074,0.24374545444277676,,0.14719694296855296,0.0,all_common
am_fit,all,242,0.13899508138222735,0.027665233708476084,0.4485894703386985,0.23773549876102795,1.547250130996107,0.28884650462908673,0.4134550579277936,0.8224206421477972,original_242
am_fit,kish_ge_5,242,0.13899508138222735,0.027665233708476084,0.4485894703386985,0.23773549876102795,1.547250130996107,0.28884650462908673,0.4134550579277936,0.8224206421477972,original_242
am_fit,origin:literature_and_population,79,0.17966448987319839,0.043122159368511145,0.22693012023959927,0.07019049919360305,2.124053106165671,0.42907593747330997,0.39909423996071675,0.5075954154937892,original_242
am_fit,origin:literature_only,163,0.11928414107065241,0.02017384029042228,0.5560194621045197,0.3189382899624179,1.2676953148096308,0.11365970624699334,0.4204152089670518,0.9750046477040343,original_242
am_plus_density,all,242,0.13942730916712506,0.027904341296538158,0.44868131524854743,0.23791317065867867,1.548626313797615,0.27884621379649,0.41338012831575377,0.8224206421477972,original_242
am_plus_density,kish_ge_5,242,0.13942730916712506,0.027904341296538158,0.44868131524854743,0.23791317065867867,1.548626313797615,0.27884621379649,0.41338012831575377,0.8224206421477972,original_242
am_plus_density,origin:literature_and_population,79,0.17953072123703032,0.04334577377041963,0.22699260673135804,0.07040084233708163,2.125577230607903,0.41857116106108166,0.399094038559283,0.5075954154937892,original_242
am_plus_density,origin:literature_only,163,0.11999068613937955,0.020420456846006647,0.5561255359409276,0.31910012732988213,1.268999795834347,0.11519208718926618,0.42030406138790816,0.9750046477040343,original_242
am_plus_sequence,all,242,0.13955293914556705,0.027871091092473224,0.4489196718799217,0.23809460167013596,1.5486794157761081,0.277731665097033,0.41340652471697664,0.8224206421477972,original_242
am_plus_sequence,kish_ge_5,242,0.13955293914556705,0.027871091092473224,0.4489196718799217,0.23809460167013596,1.5486794157761081,0.277731665097033,0.41340652471697664,0.8224206421477972,original_242
am_plus_sequence,origin:literature_and_population,79,0.18132453377766558,0.04373719046736979,0.22755473099301798,0.07073716530474779,2.12715654993641,0.39583126539302177,0.39938510196809357,0.5075954154937892,original_242
am_plus_sequence,origin:literature_only,163,0.11930781045884441,0.020181386487462004,0.5562069745183599,0.3192064880067351,1.2683131973793973,0.14047737799896956,0.42020218359526956,0.9750046477040343,original_242
density_fit,all,242,0.14237499143259746,0.029446073803561977,0.4575254211227244,0.24412493370255264,1.5704061560970908,0.08943714361752234,0.41350116038095736,0.8224206421477972,original_242
density_fit,kish_ge_5,242,0.14237499143259746,0.029446073803561977,0.4575254211227244,0.24412493370255264,1.5704061560970908,0.08943714361752234,0.41350116038095736,0.8224206421477972,original_242
density_fit,origin:literature_and_population,79,0.19108126316338903,0.04904399124220413,0.24089030767197878,0.07613321362693919,2.1558359929995494,0.2459663944279131,0.4118040322666474,0.5075954154937892,original_242
density_fit,origin:literature_only,163,0.11876888427472913,0.0199476966400483,0.5625203534086685,0.32554423361650026,1.286670222874427,0.01853080567831636,0.414323694865807,0.9750046477040343,original_242
density_unfitted,all,242,0.21261704979819535,0.07082918683416754,0.6179465263071027,0.44501750443329585,2.2905435118614506,0.10573343037062959,0.21447885962801302,0.8224206421477972,original_242
density_unfitted,kish_ge_5,242,0.21261704979819535,0.07082918683416754,0.6179465263071027,0.44501750443329585,2.2905435118614506,0.10573343037062959,0.21447885962801302,0.8224206421477972,original_242
density_unfitted,origin:literature_and_population,79,0.20129301779256908,0.06991822682971469,0.3322245403129608,0.15215994268699173,2.598370752047426,0.29623224043782836,0.2060183181748926,0.5075954154937892,original_242
density_unfitted,origin:literature_only,163,0.21810538432852955,0.07127069505718457,0.7564252802551837,0.5869546049115659,2.1413511684584314,0.010562176895395242,0.2185793674488505,0.9750046477040343,original_242
empirical_prior,all,242,0.3938725791945624,0.1840384554176072,0.8029849195571316,0.7219331430198949,4.7344257395775475,,0.019890082847366895,0.8224206421477972,original_242
empirical_prior,kish_ge_5,242,0.3938725791945624,0.1840384554176072,0.8029849195571316,0.7219331430198949,4.7344257395775475,,0.019890082847366895,0.8224206421477972,original_242
empirical_prior,origin:literature_and_population,79,0.3494712780447992,0.16972058099538614,0.489097170394798,0.3068471700543919,4.8177046340528715,,0.019890082847366902,0.5075954154937892,original_242
empirical_prior,origin:literature_only,163,0.4153922282180674,0.19097779332776338,0.9551145648566675,0.9231097802240343,4.6940635759974825,,0.0198900828473669,0.9750046477040343,original_242
intercept_only,all,242,0.14186682601437242,0.029494767602613336,0.4598726031983566,0.2454587472484395,1.5743791673492844,-0.31271935974954185,0.41331980032159926,0.8224206421477972,original_242
intercept_only,kish_ge_5,242,0.14186682601437242,0.029494767602613336,0.4598726031983566,0.2454587472484395,1.5743791673492844,-0.31271935974954185,0.41331980032159926,0.8224206421477972,original_242
intercept_only,origin:literature_and_population,79,0.19492574166708235,0.051010922888108934,0.2455219497377744,0.07829709534750022,2.167863313145909,-0.9625788325524376,0.413507829590534,0.5075954154937892,original_242
intercept_only,origin:literature_only,163,0.11615115523790559,0.019066692341544917,0.5637603432191296,0.3264757441820236,1.28673961202454,0.0527916725260575,0.41322866957162485,0.9750046477040343,original_242
sequence_fit,all,242,0.14267637073787093,0.02962938753521872,0.4588859890646644,0.24474153515849303,1.5734288861986427,0.10033989793297668,0.41340532375150263,0.8224206421477972,original_242
sequence_fit,kish_ge_5,242,0.14267637073787093,0.02962938753521872,0.4588859890646644,0.24474153515849303,1.5734288861986427,0.10033989793297668,0.41340532375150263,0.8224206421477972,original_242
sequence_fit,origin:literature_and_population,79,0.19314224164525373,0.050031220922282967,0.24383561786025434,0.07732982833843864,2.1636153811893015,0.22165569107204341,0.4124696081173903,0.5075954154937892,original_242
sequence_fit,origin:literature_only,163,0.11821745170913937,0.019741382396702922,0.5631128560901145,0.3258797243534888,1.2873875788105322,0.019082001087424878,0.4138588301017778,0.9750046477040343,original_242
sequence_unfitted,all,242,0.22346545479311067,0.07731811499510902,0.6247880520134408,0.4548886434093879,2.394735578524369,0.13591696455155403,0.20766330704998492,0.8224206421477972,original_242
sequence_unfitted,kish_ge_5,242,0.22346545479311067,0.07731811499510902,0.6247880520134408,0.4548886434093879,2.394735578524369,0.13591696455155403,0.20766330704998492,0.8224206421477972,original_242
sequence_unfitted,origin:literature_and_population,79,0.2142789568950714,0.0739764921996081,0.34266998000364807,0.15922964754911473,2.689646350941743,0.3415770404882768,0.19565244173801563,0.5075954154937892,original_242
sequence_unfitted,origin:literature_only,163,0.22791780653510507,0.07893767450949289,0.7615201237237084,0.5981834941637534,2.251803363671777,0.02348519709242165,0.21348452398032586,0.9750046477040343,original_242
