gene,variant_type,variants,population_only,affected,unaffected_literature,unaffected_gnomad,scope,mean,variance,historical_mse,normalized_weighted_mse,weighted_mae,alpha_empirical,beta_empirical,strength,pooled_carrier_fraction,equal_variant_fraction_mean,unaffected_singleton_posterior,singleton_prior_retention
HNF1A,missense,785,640,526,76,1721270,canonical_missense,0.10367699098603383,0.028593540625006495,0.028593540625006495,0.06659484060257578,0.16841722708119797,0.23326984130705183,2.016697476306123,2.2499673176131747,0.00030548147597498536,0.10930631413731766,0.07177605757536318,0.6923045980861078
HNF1A,missense,785,640,526,76,1721270,canonical_missense_equal_raw_fraction,0.10930631413731766,0.08255176441769005,,,,0.019605438627078323,0.15975692284134246,0.17936236146842077,,,0.01662376150674136,0.15208418322346423
HNF1A,missense,785,640,526,76,1721270,canonical_missense_normalized_weighted_mse,0.10367699098603383,0.06659484060257578,0.028593540625006495,0.06659484060257578,0.16841722708119797,0.04099642290703804,0.35442808273434007,0.3954245056413781,0.00030548147597498536,0.10930631413731766,0.029379176545416105,0.28337219537335656
HNF1A,nonsense,28,7,41,2,29,canonical_nonsense,0.4664532153231939,0.03364743646833527,0.03364743646833527,0.11726985743420973,0.2894650205136563,2.9836866984963404,3.412853405593236,6.396540104089577,0.5694444444444444,0.6207282913165265,0.4033895113806857,0.8648016524040617
HNF1A,nonsense,28,7,41,2,29,canonical_nonsense_equal_raw_fraction,0.6207282913165265,0.17933196808135018,,,,0.19415575145828953,0.11863126691088635,0.3127870183691759,,,0.14789584962493127,0.23826181550586858
HNF1A,nonsense,28,7,41,2,29,canonical_nonsense_normalized_weighted_mse,0.4664532153231939,0.11726985743420973,0.03364743646833527,0.11726985743420973,0.2894650205136563,0.52347178413575,0.5987667747153222,1.1222385588510724,0.5694444444444444,0.6207282913165265,0.24666019847417378,0.5287994387674422
GCK,missense,634,385,670,72,4369,canonical_missense,0.37041792226820786,0.05951085449224164,0.05951085449224164,0.17506376415508376,0.3907966551851236,1.0811593278735518,1.837596118010945,2.918755445884497,0.13108980630013695,0.31827836692059724,0.2758935439589609,0.7448169415495915
GCK,missense,634,385,670,72,4369,canonical_missense_equal_raw_fraction,0.31827836692059724,0.19064207791823273,,,,0.043966762428908804,0.09417257407170057,0.1381393365006094,,,0.03863038647279481,0.12137295678167206
GCK,missense,634,385,670,72,4369,canonical_missense_normalized_weighted_mse,0.37041792226820786,0.17506376415508376,0.05951085449224164,0.17506376415508376,0.3907966551851236,0.12302858240599167,0.2091059472966791,0.33213452970267077,0.13108980630013695,0.31827836692059724,0.09235447296261538,0.24932506612286554
GCK,nonsense,33,7,62,0,29,canonical_nonsense,0.7059030877040944,0.03374622942309215,0.03374622942309215,0.09587206905937842,0.25942824477259246,3.636752360786633,1.5151621500493269,5.15191451083596,0.6813186813186813,0.6865800865800866,0.5911578183313293,0.8374489765359054
GCK,nonsense,33,7,62,0,29,canonical_nonsense_equal_raw_fraction,0.6865800865800866,0.15961582429114898,,,,0.23904059018309365,0.10912067294612848,0.34816126312922213,,,0.17730860299921067,0.25824897410351616
GCK,nonsense,33,7,62,0,29,canonical_nonsense_normalized_weighted_mse,0.7059030877040944,0.09587206905937842,0.03374622942309215,0.09587206905937842,0.25942824477259246,0.8226781613293908,0.34274833369431,1.1654264950237008,0.6813186813186813,0.6865800865800866,0.3799150713358139,0.5381972085877452
LDLR,missense,1376,1005,1400,114,108024,canonical_missense,0.15377610786006457,0.03580757280422471,0.03580757280422471,0.08342197386502456,0.2140225435148891,0.4050647213745733,2.2290552795242657,2.634120000898839,0.012780952728733407,0.15617120493203182,0.1114615701392324,0.7248302203139504
LDLR,missense,1376,1005,1400,114,108024,canonical_missense_equal_raw_fraction,0.15617120493203182,0.10613174202564439,,,,0.03774360137205774,0.2039373243048899,0.24168092567694766,,,0.03039718223220707,0.19464012104815615
LDLR,missense,1376,1005,1400,114,108024,canonical_missense_normalized_weighted_mse,0.15377610786006457,0.08342197386502456,0.03580757280422471,0.08342197386502456,0.2140225435148891,0.08609754594690067,0.4737914195434274,0.5598889654903281,0.012780952728733407,0.15617120493203182,0.05519466311490778,0.358928730106335
LDLR,nonsense,95,33,355,19,168,canonical_nonsense,0.5665540134584413,0.05275197969101589,0.05275197969101589,0.1222517342958834,0.29643447848651744,2.0708633694640164,1.58432805142585,3.6551914208898664,0.6549815498154982,0.5095547111643138,0.44485031489170407,0.7851860622717757
LDLR,nonsense,95,33,355,19,168,canonical_nonsense_equal_raw_fraction,0.5095547111643138,0.1804964621402288,,,,0.19595584430523294,0.1886070691795252,0.38456291348475813,,,0.14152902868966677,0.2777504075397088
LDLR,nonsense,95,33,355,19,168,canonical_nonsense_normalized_weighted_mse,0.5665540134584413,0.1222517342958834,0.05275197969101589,0.1222517342958834,0.29643447848651744,0.5714992748812292,0.437229392298446,1.0087286671796751,0.6549815498154982,0.5095547111643138,0.28450794983855837,0.502172684475084
BRCA2,missense,6656,2971,5056,1482,1516774,canonical_missense,0.1485981658574783,0.017802274751243064,0.017802274751243064,0.057199803291236945,0.19049222040820218,0.9074554792970309,5.199318948641594,6.106774427938625,0.0033190836808217883,0.4172101641756652,0.12768879728749818,0.8592891880641753
BRCA2,missense,6656,2971,5056,1482,1516774,canonical_missense_equal_raw_fraction,0.4172101641756652,0.20828374042140976,,,,0.06983177633556684,0.09754616009017268,0.1673779364257395,,,0.05981933884186362,0.1433793900013348
BRCA2,missense,6656,2971,5056,1482,1516774,canonical_missense_normalized_weighted_mse,0.1485981658574783,0.057199803291236945,0.017802274751243064,0.057199803291236945,0.19049222040820218,0.18007704037303893,1.031761876573973,1.2118389169470118,0.0033190836808217883,0.4172101641756652,0.08141507909698877,0.5478875100993819
BRCA2,nonsense,577,57,1370,108,13886,canonical_nonsense,0.6579740789425415,0.035064679675581016,0.035064679675581016,0.10426301334060575,0.2724904240304996,3.564886225446681,1.853087429649221,5.417973655095902,0.08916948711273107,0.7751293651833717,0.5554535460917862,0.8441875810434349
BRCA2,nonsense,577,57,1370,108,13886,canonical_nonsense_equal_raw_fraction,0.7751293651833717,0.11743369356251022,,,,0.3753753568367641,0.10889910584981191,0.48427446268657603,,,0.25290158004694413,0.32627015748153915
BRCA2,nonsense,577,57,1370,108,13886,canonical_nonsense_normalized_weighted_mse,0.6579740789425415,0.10426301334060575,0.035064679675581016,0.10426301334060575,0.2724904240304996,0.7622154891875287,0.3962123479888508,1.1584278371763794,0.08916948711273107,0.7751293651833717,0.3531345714039005,0.5366998225392683
KCNQ1,missense,1061,666,6511,1756,22640,canonical_missense,0.2947603080755296,0.06567426611973569,0.06567426611973569,0.147130274616454,0.3416337306332154,0.6382351340479758,1.5270331078498918,2.1652682418978677,0.21066425081696702,0.2399820377836664,0.20163698153597734,0.68407100960252
KCNQ1,missense,1061,666,6511,1756,22640,canonical_missense_equal_raw_fraction,0.2399820377836664,0.15033645713825192,,,,0.051168112557016365,0.16204831409547438,0.21321642665249074,,,0.04217558502583049,0.17574475746326476
KCNQ1,missense,1061,666,6511,1756,22640,canonical_missense_normalized_weighted_mse,0.2947603080755296,0.147130274616454,0.06567426611973569,0.147130274616454,0.3416337306332154,0.12169912635596929,0.2911757520512856,0.4128748784072549,0.21066425081696702,0.2399820377836664,0.08613581302624736,0.29222324263610094
KCNQ1,nonsense,55,14,455,218,664,canonical_nonsense,0.529865444414281,0.04292244416465143,0.04292244416465143,0.10347477862573673,0.2644274443772944,2.545303105756282,2.258375134801352,4.803678240557634,0.3403141361256545,0.5284240661540663,0.4385672327540546,0.8276954788754938
KCNQ1,nonsense,55,14,455,218,664,canonical_nonsense_equal_raw_fraction,0.5284240661540663,0.17149631321481246,,,,0.23940053436350403,0.21364570197824664,0.4530462363417507,,,0.1647576851829772,0.3117906540141204
KCNQ1,nonsense,55,14,455,218,664,canonical_nonsense_normalized_weighted_mse,0.529865444414281,0.10347477862573673,0.04292244416465143,0.10347477862573673,0.2644274443772944,0.7457473391511045,0.661680427676494,1.4074277668275985,0.3403141361256545,0.5284240661540663,0.30976935193109334,0.5846188974891838
